[
  {
    "type": "GENERIC",
    "id": "secro_sample_shifter",
    "category": "spare_parts",
    "material": "secro_null",
    "symbol": ";",
    "color": "dark_gray",
    "name": { "str": "desaturated resin" },
    "description": "A chunk of thick, charred resin.",
    "price": 10,
    "price_postapoc": 20,
    "weight": "200 g",
    "volume": "40 ml"
  },
  {
    "id": "secro_missionkey_sampler_enigma",
    "type": "TOOL",
    "name": { "str": "SS sampler kit - enigma" },
    "description": "A small, chip-like device with a built-in scanner that checks for \"enigma\" specimens. Activate to scan and obtain a sample from the target.",
    "weight": "990 g",
    "volume": "320 ml",
    "price": 500,
    "to_hit": -3,
    "material": [ "steel", "plastic" ],
    "symbol": ":",
    "color": "white",
    "ammo": "battery",
    "charges_per_use": 50,
    "use_action": { "type": "cast_spell", "spell_id": "secro_missionkey_sampler_enigma_target", "no_fail": true, "level": 0 },
    "flags": [ "NONCONDUCTIVE" ],
    "magazines": [
      [
        "battery",
        [
          "light_plus_battery_cell",
          "light_minus_battery_cell",
          "light_minus_disposable_cell",
          "light_battery_cell",
          "light_disposable_cell",
          "light_atomic_battery_cell",
          "light_minus_atomic_battery_cell"
        ]
      ]
    ],
    "magazine_well": 1
  },
  {
    "type": "SPELL",
    "id": "secro_missionkey_sampler_enigma_target",
    "name": "a spell",
    "description": "Target spell casted by an item. If you're seeing this, then read this one instead:\n'Caster locks its line of sight onto the target, then casts the Spell(s).'",
    "message": "<color_dark_gray>The sampler kit starts to scan...\n<color_light_green>The sampler kit shreds the shapeshifter!",
    "extra_effects": [ { "id": "secro_missionkey_sampler_enigma_shifter" } ],
    "flags": [ "SILENT" ],
    "valid_targets": [ "ally", "hostile" ],
    "targeted_monster_ids": [ "mon_shifter" ],
    "effect": "target_attack",
    "effect_str": "secro_magic_target",
    "min_range": 1,
    "max_range": 1,
    "min_duration": 1,
    "max_duration": 1
  },
  {
    "id": "secro_missionkey_sampler_enigma_shifter",
    "type": "SPELL",
    "name": "Scan",
    "description": "Spell casted by an item. If you're seeing this, then read this one instead:\n'Item scans the target...'",
    "flags": [ "SILENT", "RANDOM_DAMAGE" ],
    "valid_targets": [ "hostile" ],
    "targeted_monster_ids": [ "mon_shifter" ],
    "extra_effects": [ { "id": "secro_missionkey_sampler_enigma_shifter_yeah" } ],
    "effect": "target_attack",
    "min_damage": 2,
    "max_damage": 5
  },
  {
    "type": "SPELL",
    "id": "secro_missionkey_sampler_enigma_shifter_yeah",
    "name": "Collect",
    "description": "Spell casted by an item. If you're seeing this, then read this one instead:\n'Provides a desaturated resin.'",
    "flags": [ "SILENT", "PERMANENT" ],
    "valid_targets": [ "self" ],
    "min_damage": 1,
    "max_damage": 1,
    "min_range": 1,
    "max_range": 1,
    "effect": "spawn_item",
    "effect_str": "secro_sample_shifter"
  }
]
