[
  {
    "note": "I use full-sized nested mapgens, just to be sure...",
    "type": "mapgen",
    "method": "json",
    "nested_mapgen_id": "secro_guard_mission1_opendadoor",
    "object": {
      "mapgensize": [ 24, 24 ],
      "rows": [
        "                        ",
        "                        ",
        "                        ",
        "                        ",
        "           ee           ",
        "                        ",
        "                        ",
        "                        ",
        "                        ",
        "                        ",
        "                        ",
        "                        ",
        "                        ",
        "                        ",
        "                        ",
        "                        ",
        "                        ",
        "                        ",
        "                        ",
        "                        ",
        "                        ",
        "                        ",
        "                        ",
        "                        "
      ],
      "terrain": { "e": "t_door_metal_c" }
    }
  },
  {
    "type": "mapgen",
    "method": "json",
    "update_mapgen_id": "secro_fleshcamp_start",
    "object": { "place_nested": [ { "chunks": [ "secro_fleshcamp_base" ], "x": 0, "y": 0 } ] }
  },
  {
    "type": "mapgen",
    "method": "json",
    "update_mapgen_id": "secro_fleshcamp_coreexpand1",
    "object": { "place_nested": [ { "chunks": [ "secro_fleshcamp_base_expand1" ], "x": 0, "y": 0 } ] }
  },
  {
    "type": "mapgen",
    "method": "json",
    "update_mapgen_id": "secro_fleshcamp_coreexpand2",
    "object": { "place_nested": [ { "chunks": [ "secro_fleshcamp_base_expand2" ], "x": 0, "y": 0 } ] }
  },
  {
    "type": "mapgen",
    "method": "json",
    "update_mapgen_id": "secro_fleshcamp_coreexpand3",
    "object": { "place_nested": [ { "chunks": [ "secro_fleshcamp_base_expand3" ], "x": 0, "y": 0 } ] }
  },
  {
    "type": "mapgen",
    "method": "json",
    "update_mapgen_id": "secro_fleshcamp_expandroom_top",
    "object": { "place_nested": [ { "chunks": [ "secro_fleshcamp_base_expand_up" ], "x": 0, "y": 0 } ] }
  },
  {
    "type": "mapgen",
    "method": "json",
    "update_mapgen_id": "secro_fleshcamp_expandroom_north",
    "object": { "place_nested": [ { "chunks": [ "secro_fleshcamp_base_expand_up_north" ], "x": 0, "y": 0 } ] }
  },
  {
    "type": "mapgen",
    "method": "json",
    "update_mapgen_id": "secro_fleshcamp_expandroom_right",
    "object": { "place_nested": [ { "chunks": [ "secro_fleshcamp_base_expand_right" ], "x": 0, "y": 0 } ] }
  },
  {
    "type": "mapgen",
    "method": "json",
    "update_mapgen_id": "secro_fleshcamp_expandroom_east",
    "object": { "place_nested": [ { "chunks": [ "secro_fleshcamp_base_expand_right_east" ], "x": 0, "y": 0 } ] }
  },
  {
    "type": "mapgen",
    "method": "json",
    "update_mapgen_id": "secro_fleshcamp_expandroom_down",
    "object": { "place_nested": [ { "chunks": [ "secro_fleshcamp_base_expand_down" ], "x": 0, "y": 0 } ] }
  },
  {
    "type": "mapgen",
    "method": "json",
    "update_mapgen_id": "secro_fleshcamp_expandroom_south",
    "object": { "place_nested": [ { "chunks": [ "secro_fleshcamp_base_expand_down_south" ], "x": 0, "y": 0 } ] }
  },
  {
    "type": "mapgen",
    "method": "json",
    "update_mapgen_id": "secro_fleshcamp_expandroom_left",
    "object": { "place_nested": [ { "chunks": [ "secro_fleshcamp_base_expand_left" ], "x": 0, "y": 0 } ] }
  },
  {
    "type": "mapgen",
    "method": "json",
    "update_mapgen_id": "secro_fleshcamp_expandroom_west",
    "object": { "place_nested": [ { "chunks": [ "secro_fleshcamp_base_expand_left_west" ], "x": 0, "y": 0 } ] }
  },
  {
    "type": "mapgen",
    "method": "json",
    "update_mapgen_id": "secro_fleshcamp_room_meatfarm_north",
    "object": { "place_nested": [ { "chunks": [ "secro_fleshcamp_base_room_meatfarm_north" ], "x": 0, "y": 0 } ] }
  },
  {
    "type": "mapgen",
    "method": "json",
    "update_mapgen_id": "secro_fleshcamp_room_meatfarm_east",
    "object": { "place_nested": [ { "chunks": [ "secro_fleshcamp_base_room_meatfarm_east" ], "x": 0, "y": 0 } ] }
  },
  {
    "type": "mapgen",
    "method": "json",
    "update_mapgen_id": "secro_fleshcamp_room_meatfarm_south",
    "object": { "place_nested": [ { "chunks": [ "secro_fleshcamp_base_room_meatfarm_south" ], "x": 0, "y": 0 } ] }
  },
  {
    "type": "mapgen",
    "method": "json",
    "update_mapgen_id": "secro_fleshcamp_room_meatfarm_west",
    "object": { "place_nested": [ { "chunks": [ "secro_fleshcamp_base_room_meatfarm_west" ], "x": 0, "y": 0 } ] }
  },
  {
    "type": "mapgen",
    "method": "json",
    "update_mapgen_id": "secro_fleshcamp_room_splicer_north",
    "object": { "place_nested": [ { "chunks": [ "secro_fleshcamp_base_room_splicer_north" ], "x": 0, "y": 0 } ] }
  },
  {
    "type": "mapgen",
    "method": "json",
    "update_mapgen_id": "secro_fleshcamp_room_splicer_east",
    "object": { "place_nested": [ { "chunks": [ "secro_fleshcamp_base_room_splicer_east" ], "x": 0, "y": 0 } ] }
  },
  {
    "type": "mapgen",
    "method": "json",
    "update_mapgen_id": "secro_fleshcamp_room_splicer_south",
    "object": { "place_nested": [ { "chunks": [ "secro_fleshcamp_base_room_splicer_south" ], "x": 0, "y": 0 } ] }
  },
  {
    "type": "mapgen",
    "method": "json",
    "update_mapgen_id": "secro_fleshcamp_room_splicer_west",
    "object": { "place_nested": [ { "chunks": [ "secro_fleshcamp_base_room_splicer_west" ], "x": 0, "y": 0 } ] }
  },
  {
    "type": "mapgen",
    "method": "json",
    "update_mapgen_id": "secro_fleshcamp_room_modifier_north",
    "object": { "place_nested": [ { "chunks": [ "secro_fleshcamp_base_room_modifier_north" ], "x": 0, "y": 0 } ] }
  },
  {
    "type": "mapgen",
    "method": "json",
    "update_mapgen_id": "secro_fleshcamp_room_modifier_east",
    "object": { "place_nested": [ { "chunks": [ "secro_fleshcamp_base_room_modifier_east" ], "x": 0, "y": 0 } ] }
  },
  {
    "type": "mapgen",
    "method": "json",
    "update_mapgen_id": "secro_fleshcamp_room_modifier_south",
    "object": { "place_nested": [ { "chunks": [ "secro_fleshcamp_base_room_modifier_south" ], "x": 0, "y": 0 } ] }
  },
  {
    "type": "mapgen",
    "method": "json",
    "update_mapgen_id": "secro_fleshcamp_room_modifier_west",
    "object": { "place_nested": [ { "chunks": [ "secro_fleshcamp_base_room_modifier_south" ], "x": 0, "y": 0 } ] }
  },
  {
    "type": "mapgen",
    "method": "json",
    "update_mapgen_id": "secro_fleshcamp_room_hatchery_north",
    "object": { "place_nested": [ { "chunks": [ "secro_fleshcamp_base_room_hatchery_north" ], "x": 0, "y": 0 } ] }
  },
  {
    "type": "mapgen",
    "method": "json",
    "update_mapgen_id": "secro_fleshcamp_room_hatchery_east",
    "object": { "place_nested": [ { "chunks": [ "secro_fleshcamp_base_room_hatchery_east" ], "x": 0, "y": 0 } ] }
  },
  {
    "type": "mapgen",
    "method": "json",
    "update_mapgen_id": "secro_fleshcamp_room_hatchery_south",
    "object": { "place_nested": [ { "chunks": [ "secro_fleshcamp_base_room_hatchery_south" ], "x": 0, "y": 0 } ] }
  },
  {
    "type": "mapgen",
    "method": "json",
    "update_mapgen_id": "secro_fleshcamp_room_hatchery_west",
    "object": { "place_nested": [ { "chunks": [ "secro_fleshcamp_base_room_hatchery_south" ], "x": 0, "y": 0 } ] }
  },
  {
    "type": "mapgen",
    "method": "json",
    "update_mapgen_id": "secro_fleshcamp_room_artifice_north",
    "object": { "place_nested": [ { "chunks": [ "secro_fleshcamp_base_room_artifice_north" ], "x": 0, "y": 0 } ] }
  },
  {
    "type": "mapgen",
    "method": "json",
    "update_mapgen_id": "secro_fleshcamp_room_artifice_east",
    "object": { "place_nested": [ { "chunks": [ "secro_fleshcamp_base_room_artifice_east" ], "x": 0, "y": 0 } ] }
  },
  {
    "type": "mapgen",
    "method": "json",
    "update_mapgen_id": "secro_fleshcamp_room_artifice_south",
    "object": { "place_nested": [ { "chunks": [ "secro_fleshcamp_base_room_artifice_south" ], "x": 0, "y": 0 } ] }
  },
  {
    "type": "mapgen",
    "method": "json",
    "update_mapgen_id": "secro_fleshcamp_room_artifice_west",
    "object": { "place_nested": [ { "chunks": [ "secro_fleshcamp_base_room_artifice_west" ], "x": 0, "y": 0 } ] }
  },
  {
    "type": "mapgen",
    "method": "json",
    "update_mapgen_id": "secro_fleshcamp_room_meatfarm_lowharvest_north",
    "object": { "place_nested": [ { "chunks": [ "secro_fleshcamp_base_top_meatfarm_low" ], "x": 0, "y": 0 } ] }
  },
  {
    "type": "mapgen",
    "method": "json",
    "update_mapgen_id": "secro_fleshcamp_room_meatfarm_medharvest_north",
    "object": { "place_nested": [ { "chunks": [ "secro_fleshcamp_base_top_meatfarm_med" ], "x": 0, "y": 0 } ] }
  },
  {
    "type": "mapgen",
    "method": "json",
    "update_mapgen_id": "secro_fleshcamp_room_meatfarm_highharvest_north",
    "object": { "place_nested": [ { "chunks": [ "secro_fleshcamp_base_top_meatfarm_high" ], "x": 0, "y": 0 } ] }
  },
  {
    "type": "mapgen",
    "nested_mapgen_id": "secro_fleshcamp_base",
    "method": "json",
    "object": {
      "mapgensize": [ 24, 24 ],
      "rows": [
        "                        ",
        "                        ",
        "                        ",
        "                        ",
        "                        ",
        "                        ",
        "         ,,,,,          ",
        "        ,,+++,,         ",
        "       ,,++.++,,        ",
        "      ,,++...++,,       ",
        "      ,++.....++,       ",
        "      ,+.......+,       ",
        "      ,++.....++,       ",
        "      ,,++...++,,       ",
        "       ,,++.++,,        ",
        "        ,,+++,,         ",
        "         ,,,,,          ",
        "                        ",
        "                        ",
        "                        ",
        "                        ",
        "                        ",
        "                        ",
        "                        "
      ],
      "faction_owner": [ { "id": "your_followers", "x": [ 0, 23 ], "y": [ 0, 23 ] } ],
      "place_npcs": [ { "class": "secronom_flesh", "x": 11, "y": 11 } ],
      "palettes": [ "secro_fleshcamp_pal" ]
    }
  },
  {
    "type": "mapgen",
    "nested_mapgen_id": "secro_fleshcamp_base_expand1",
    "method": "json",
    "object": {
      "mapgensize": [ 24, 24 ],
      "rows": [
        "                        ",
        "                        ",
        "                        ",
        "                        ",
        "                        ",
        "        ,,,,,,,         ",
        "       ,,+++++,,        ",
        "      ,,++...++,,       ",
        "     ,,++.....++,,      ",
        "     ,++.......++,      ",
        "     ,+.........+,      ",
        "     ,+.........+,      ",
        "     ,+.........+,      ",
        "     ,++.......++,      ",
        "     ,,++.....++,,      ",
        "      ,,++...++,,       ",
        "       ,,+++++,,        ",
        "        ,,,,,,,         ",
        "                        ",
        "                        ",
        "                        ",
        "                        ",
        "                        ",
        "                        "
      ],
      "faction_owner": [ { "id": "your_followers", "x": [ 0, 23 ], "y": [ 0, 23 ] } ],
      "palettes": [ "secro_fleshcamp_pal" ]
    }
  },
  {
    "type": "mapgen",
    "nested_mapgen_id": "secro_fleshcamp_base_expand2",
    "method": "json",
    "object": {
      "mapgensize": [ 24, 24 ],
      "rows": [
        "                        ",
        "                        ",
        "                        ",
        "                        ",
        "       ,,,,,,,,,        ",
        "      ,,+++++++,,       ",
        "     ,,++.....++,,      ",
        "    ,,++.......++,,     ",
        "    ,++.........++,     ",
        "    ,+...........+,     ",
        "    ,+...........+,     ",
        "    ,+...........+,     ",
        "    ,+...........+,     ",
        "    ,+...........+,     ",
        "    ,++.........++,     ",
        "    ,,++.......++,,     ",
        "     ,,++.....++,,      ",
        "      ,,+++++++,,       ",
        "       ,,,,,,,,,        ",
        "                        ",
        "                        ",
        "                        ",
        "                        ",
        "                        "
      ],
      "faction_owner": [ { "id": "your_followers", "x": [ 0, 23 ], "y": [ 0, 23 ] } ],
      "palettes": [ "secro_fleshcamp_pal" ]
    }
  },
  {
    "type": "mapgen",
    "nested_mapgen_id": "secro_fleshcamp_base_expand3",
    "method": "json",
    "object": {
      "mapgensize": [ 24, 24 ],
      "rows": [
        "                        ",
        "      ,,,,,,,,,,,       ",
        "     ,,,,,,,,,,,,,      ",
        "    ,,,,,,,,,,,,,,,     ",
        "   ,,,,+++++++++,,,,    ",
        "  ,,,,--.......++,,,,   ",
        " ,,,,--.........++,,,,  ",
        " ,,,--...........--,,,  ",
        " ,,,-.............-,,,  ",
        " ,,,-.............-,,,  ",
        " ,,,+.............-,,,  ",
        " ,,,+.............-,,,  ",
        " ,,,+.............+,,,  ",
        " ,,,+.............+,,,  ",
        " ,,,+.............+,,,  ",
        " ,,,++...........++,,,  ",
        " ,,,,++.........++,,,,  ",
        "  ,,,,--.......++,,,,   ",
        "   ,,,,-----++++,,,,    ",
        "    ,,,,,,,,,,,,,,,     ",
        "     ,,,,,,,,,,,,,      ",
        "      ,,,,,,,,,,,       ",
        "                        ",
        "                        "
      ],
      "faction_owner": [ { "id": "your_followers", "x": [ 0, 23 ], "y": [ 0, 23 ] } ],
      "palettes": [ "secro_fleshcamp_maxcore_pal" ]
    }
  },
  {
    "type": "mapgen",
    "nested_mapgen_id": "secro_fleshcamp_base_expand_up",
    "method": "json",
    "object": {
      "mapgensize": [ 24, 24 ],
      "rows": [
        "    ,,+...++,,          ",
        "    ,,+....+,,          ",
        "    ,,++...+,,,,        ",
        "     ,,+...++,,,,       ",
        "     ,,+....++++,,      ",
        "    ,,++.......++,,     ",
        "                        ",
        "                        ",
        "                        ",
        "                        ",
        "                        ",
        "                        ",
        "                        ",
        "                        ",
        "                        ",
        "                        ",
        "                        ",
        "                        ",
        "                        ",
        "                        ",
        "                        ",
        "                        ",
        "                        ",
        "                        "
      ],
      "faction_owner": [ { "id": "your_followers", "x": [ 0, 23 ], "y": [ 0, 23 ] } ],
      "palettes": [ "secro_fleshcamp_maxcore_pal" ]
    }
  },
  {
    "type": "mapgen",
    "nested_mapgen_id": "secro_fleshcamp_base_expand_up_north",
    "method": "json",
    "object": {
      "mapgensize": [ 24, 24 ],
      "rows": [
        "                        ",
        "                        ",
        "                        ",
        "                        ",
        "                        ",
        "                        ",
        "        ,,,,,,          ",
        "       ,,---+,,         ",
        "       ,--..++,,        ",
        "      ,,-....++,,       ",
        "      ,++.....++,       ",
        "      ,+.......+,       ",
        "      ,+......++,       ",
        "      ,++....++,,       ",
        "      ,,++...+,,        ",
        "      ,,++...+,,        ",
        "      ,,+....+,,        ",
        "      ,,+...++,,        ",
        "      ,,+...+,,         ",
        "     ,,++...+,,         ",
        "     ,,+...++,,         ",
        "    ,,++...+,,          ",
        "    ,,+....+,,          ",
        "    ,,+...++,,          "
      ],
      "faction_owner": [ { "id": "your_followers", "x": [ 0, 23 ], "y": [ 0, 23 ] } ],
      "palettes": [ "secro_fleshcamp_maxcore_pal" ]
    }
  },
  {
    "type": "mapgen",
    "nested_mapgen_id": "secro_fleshcamp_base_room_meatfarm_north",
    "method": "json",
    "object": {
      "mapgensize": [ 24, 24 ],
      "rows": [
        "                        ",
        "                        ",
        "                        ",
        "                        ",
        "                        ",
        "                        ",
        "        ,,,,,,,         ",
        "       ,,-----,,        ",
        "      ,,--...++,,       ",
        "     ,,--.....++,,      ",
        "     ,++.......++,      ",
        "     ,+.........+,      ",
        "     ,+........++,      ",
        "     ,++......++,       ",
        "     ,,+......+,,       ",
        "      ,+.....++,        ",
        "      ,++....+,,        ",
        "      ,,+...++,,        ",
        "      ,,+...+,,         ",
        "     ,,++...+,,         ",
        "     ,,+...++,,         ",
        "    ,,++...+,,          ",
        "    ,,+....+,,          ",
        "    ,,+...++,,          "
      ],
      "faction_owner": [ { "id": "your_followers", "x": [ 0, 23 ], "y": [ 0, 23 ] } ],
      "palettes": [ "secro_fleshcamp_maxcore_pal" ]
    }
  },
  {
    "type": "mapgen",
    "nested_mapgen_id": "secro_fleshcamp_base_room_splicer_north",
    "method": "json",
    "object": {
      "mapgensize": [ 24, 24 ],
      "rows": [
        "                        ",
        "                        ",
        "                        ",
        "                        ",
        "                        ",
        "         ,,,,,,         ",
        "      ,,,,+---,,        ",
        "     ,,++++..--,        ",
        "    ,,++......-,,       ",
        "    ,++.......--,,      ",
        "    ,+.........++,      ",
        "    ,++....@....+,      ",
        "    ,,+........++,      ",
        "     ,++......++,       ",
        "     ,,+......+,,       ",
        "      ,+.....++,        ",
        "      ,++....+,,        ",
        "      ,,+...++,,        ",
        "      ,,+...+,,         ",
        "     ,,++...+,,         ",
        "     ,,+...++,,         ",
        "    ,,++...+,,          ",
        "    ,,+....+,,          ",
        "    ,,+...++,,          "
      ],
      "faction_owner": [ { "id": "your_followers", "x": [ 0, 23 ], "y": [ 0, 23 ] } ],
      "terrain": { "@": "t_secro_flesh_camp" },
      "npcs": { "@": { "class": "secronom_flesh_spawn_splicer" } },
      "palettes": [ "secro_fleshcamp_maxcore_pal" ]
    }
  },
  {
    "type": "mapgen",
    "nested_mapgen_id": "secro_fleshcamp_base_room_modifier_north",
    "method": "json",
    "object": {
      "mapgensize": [ 24, 24 ],
      "rows": [
        "                        ",
        "                        ",
        "                        ",
        "                        ",
        "                        ",
        "         ,,,,,,         ",
        "      ,,,,+---,,        ",
        "     ,,++++..--,        ",
        "    ,,++......-,,       ",
        "    ,++.......--,,      ",
        "    ,+.........++,      ",
        "    ,++....@....+,      ",
        "    ,,+........++,      ",
        "     ,++......++,       ",
        "     ,,+......+,,       ",
        "      ,+.....++,        ",
        "      ,++....+,,        ",
        "      ,,+...++,,        ",
        "      ,,+...+,,         ",
        "     ,,++...+,,         ",
        "     ,,+...++,,         ",
        "    ,,++...+,,          ",
        "    ,,+....+,,          ",
        "    ,,+...++,,          "
      ],
      "faction_owner": [ { "id": "your_followers", "x": [ 0, 23 ], "y": [ 0, 23 ] } ],
      "terrain": { "@": "t_secro_flesh_camp" },
      "npcs": { "@": { "class": "secronom_flesh_spawn_modifier" } },
      "palettes": [ "secro_fleshcamp_maxcore_pal" ]
    }
  },
  {
    "type": "mapgen",
    "nested_mapgen_id": "secro_fleshcamp_base_room_hatchery_north",
    "method": "json",
    "object": {
      "mapgensize": [ 24, 24 ],
      "rows": [
        "                        ",
        "                        ",
        "                        ",
        "                        ",
        "                        ",
        "         ,,,,,,         ",
        "      ,,,,+---,,        ",
        "     ,,++++..--,        ",
        "    ,,++......-,,       ",
        "    ,++.......--,,      ",
        "    ,+.........++,      ",
        "    ,++....@....+,      ",
        "    ,,+........++,      ",
        "     ,++......++,       ",
        "     ,,+......+,,       ",
        "      ,+.....++,        ",
        "      ,++....+,,        ",
        "      ,,+...++,,        ",
        "      ,,+...+,,         ",
        "     ,,++...+,,         ",
        "     ,,+...++,,         ",
        "    ,,++...+,,          ",
        "    ,,+....+,,          ",
        "    ,,+...++,,          "
      ],
      "faction_owner": [ { "id": "your_followers", "x": [ 0, 23 ], "y": [ 0, 23 ] } ],
      "terrain": { "@": "t_secro_flesh_camp" },
      "npcs": { "@": { "class": "secronom_flesh_spawn_hatchery" } },
      "palettes": [ "secro_fleshcamp_maxcore_pal" ]
    }
  },
  {
    "type": "mapgen",
    "nested_mapgen_id": "secro_fleshcamp_base_room_artifice_north",
    "method": "json",
    "object": {
      "mapgensize": [ 24, 24 ],
      "rows": [
        "            ,,,,,,,,    ",
        "    ,,,,,,,,,....++,    ",
        "   ,,+...........+,,    ",
        "  ,,++...........+,     ",
        "  ,++............+,,    ",
        " ,,+.............++,    ",
        " ,++..............+,,   ",
        " ,+...............++,   ",
        " ,+................+,   ",
        " ,+................+,   ",
        " ,+................+,   ",
        ",,++...............+,   ",
        ",++...............++,   ",
        ",+..@............++,,   ",
        ",+.....+......++++,,    ",
        ",++...++.....++,,,,     ",
        ",,+++++++....+,,        ",
        " ,,,++,,+...++,,        ",
        "   ,,,,,+...+,,         ",
        "     ,,++...+,,         ",
        "     ,,+...++,,         ",
        "    ,,++...+,,          ",
        "    ,,+....+,,          ",
        "    ,,+...++,,          "
      ],
      "faction_owner": [ { "id": "your_followers", "x": [ 0, 23 ], "y": [ 0, 23 ] } ],
      "terrain": { "@": "t_secro_flesh_camp" },
      "npcs": { "@": { "class": "secronom_flesh_spawn_artifice" } },
      "palettes": [ "secro_fleshcamp_maxcore_pal" ]
    }
  },
  {
    "type": "mapgen",
    "nested_mapgen_id": "secro_fleshcamp_base_expand_right",
    "method": "json",
    "object": {
      "mapgensize": [ 24, 24 ],
      "rows": [
        "                        ",
        "                        ",
        "                        ",
        "                        ",
        "                        ",
        "                    ,,,,",
        "                --,,,,,,",
        "                 --,++++",
        "                  +++...",
        "                 .......",
        "                ........",
        "                ......++",
        "                  +++++,",
        "                   ,,,,,",
        "                   ,,,  ",
        "                        ",
        "                        ",
        "                        ",
        "                        ",
        "                        ",
        "                        ",
        "                        ",
        "                        ",
        "                        "
      ],
      "faction_owner": [ { "id": "your_followers", "x": [ 0, 23 ], "y": [ 0, 23 ] } ],
      "palettes": [ "secro_fleshcamp_maxcore_pal" ]
    }
  },
  {
    "type": "mapgen",
    "nested_mapgen_id": "secro_fleshcamp_base_expand_right_east",
    "method": "json",
    "object": {
      "mapgensize": [ 24, 24 ],
      "rows": [
        "                        ",
        "                        ",
        "                        ",
        "                        ",
        "                        ",
        ",,,                     ",
        ",,,,,,                  ",
        "+++,,,,,,,,,,,          ",
        "..++++,,,++++,,         ",
        ".....+++++..++,,        ",
        ".............++,,       ",
        "+.............++,       ",
        "++++++.........-,       ",
        ",,,,,+++......--,       ",
        ",,,,,,,++....--,,       ",
        "      ,,++...-,,        ",
        "       ,,+++--,         ",
        "        ,,,,,,,         ",
        "                        ",
        "                        ",
        "                        ",
        "                        ",
        "                        ",
        "                        "
      ],
      "faction_owner": [ { "id": "your_followers", "x": [ 0, 23 ], "y": [ 0, 23 ] } ],
      "palettes": [ "secro_fleshcamp_maxcore_pal" ]
    }
  },
  {
    "type": "mapgen",
    "nested_mapgen_id": "secro_fleshcamp_base_room_meatfarm_east",
    "method": "json",
    "object": {
      "mapgensize": [ 24, 24 ],
      "rows": [
        "                        ",
        "                        ",
        "                        ",
        "                        ",
        "                        ",
        ",,,                     ",
        ",,,,,,,                 ",
        "+++,,,,,,,,,,,,         ",
        "..+++++,,,++++,,        ",
        "......+++++..++,,       ",
        "..............++,,      ",
        "+..............++,      ",
        "+++++...........-,      ",
        ",,,,+++........--,      ",
        ",,,,,,++......--,       ",
        "    ,,,+......-,,       ",
        "      ,+.....--,        ",
        "      ,++....+,,        ",
        "      ,,+...++,         ",
        "       ,+++++,,         ",
        "       ,,,,,,,          ",
        "                        ",
        "                        ",
        "                        "
      ],
      "faction_owner": [ { "id": "your_followers", "x": [ 0, 23 ], "y": [ 0, 23 ] } ],
      "palettes": [ "secro_fleshcamp_maxcore_pal" ]
    }
  },
  {
    "type": "mapgen",
    "nested_mapgen_id": "secro_fleshcamp_base_room_modifier_east",
    "method": "json",
    "object": {
      "mapgensize": [ 24, 24 ],
      "rows": [
        "                        ",
        "                        ",
        "                        ",
        "                        ",
        "                        ",
        ",,,                     ",
        ",,,,,,,                 ",
        "+++,,,,,,,,,,,,         ",
        "..+++++,,,++++,,        ",
        "......+++++..++,,       ",
        "..............++,,      ",
        "+..............++,      ",
        "+++++......@....-,      ",
        ",,,,+++........--,      ",
        ",,,,,,++......--,       ",
        "    ,,,++.....-,,       ",
        "      ,,++...--,        ",
        "       ,,+..++,,        ",
        "       ,,++++,,         ",
        "        ,,,,,,,         ",
        "         ,,,,,          ",
        "                        ",
        "                        ",
        "                        "
      ],
      "faction_owner": [ { "id": "your_followers", "x": [ 0, 23 ], "y": [ 0, 23 ] } ],
      "terrain": { "@": "t_secro_flesh_camp" },
      "npcs": { "@": { "class": "secronom_flesh_spawn_modifier" } },
      "palettes": [ "secro_fleshcamp_maxcore_pal" ]
    }
  },
  {
    "type": "mapgen",
    "nested_mapgen_id": "secro_fleshcamp_base_room_splicer_east",
    "method": "json",
    "object": {
      "mapgensize": [ 24, 24 ],
      "rows": [
        "                        ",
        "                        ",
        "                        ",
        "                        ",
        "                        ",
        ",,,                     ",
        ",,,,,,,                 ",
        "+++,,,,,,,,,,,,         ",
        "..+++++,,,++++,,        ",
        "......+++++..++,,       ",
        "..............++,,      ",
        "+..............++,      ",
        "+++++......@....-,      ",
        ",,,,+++........--,      ",
        ",,,,,,++......--,       ",
        "    ,,,++.....-,,       ",
        "      ,,++...--,        ",
        "       ,,+..++,,        ",
        "       ,,++++,,         ",
        "        ,,,,,,,         ",
        "         ,,,,,          ",
        "                        ",
        "                        ",
        "                        "
      ],
      "faction_owner": [ { "id": "your_followers", "x": [ 0, 23 ], "y": [ 0, 23 ] } ],
      "terrain": { "@": "t_secro_flesh_camp" },
      "npcs": { "@": { "class": "secronom_flesh_spawn_splicer" } },
      "palettes": [ "secro_fleshcamp_maxcore_pal" ]
    }
  },
  {
    "type": "mapgen",
    "nested_mapgen_id": "secro_fleshcamp_base_room_hatchery_east",
    "method": "json",
    "object": {
      "mapgensize": [ 24, 24 ],
      "rows": [
        "                        ",
        "                        ",
        "                        ",
        "                        ",
        "                        ",
        ",,,                     ",
        ",,,,,,,                 ",
        "+++,,,,,,,,,,,,         ",
        "..+++++,,,++++,,        ",
        "......+++++..++,,       ",
        "..............++,,      ",
        "+..............++,      ",
        "+++++......@....-,      ",
        ",,,,+++........--,      ",
        ",,,,,,++......--,       ",
        "    ,,,++.....-,,       ",
        "      ,,++...--,        ",
        "       ,,+..++,,        ",
        "       ,,++++,,         ",
        "        ,,,,,,,         ",
        "         ,,,,,          ",
        "                        ",
        "                        ",
        "                        "
      ],
      "faction_owner": [ { "id": "your_followers", "x": [ 0, 23 ], "y": [ 0, 23 ] } ],
      "terrain": { "@": "t_secro_flesh_camp" },
      "npcs": { "@": { "class": "secronom_flesh_spawn_hatchery" } },
      "palettes": [ "secro_fleshcamp_maxcore_pal" ]
    }
  },
  {
    "type": "mapgen",
    "nested_mapgen_id": "secro_fleshcamp_base_room_modifier_east",
    "method": "json",
    "object": {
      "mapgensize": [ 24, 24 ],
      "rows": [
        "                        ",
        "                        ",
        "                        ",
        "                        ",
        "                        ",
        ",,,                     ",
        ",,,,,,,                 ",
        "+++,,,,,,,,,,,,         ",
        "..+++++,,,++++,,        ",
        "......+++++..++,,       ",
        "..............++,,      ",
        "+..............++,      ",
        "+++++......@....-,      ",
        ",,,,+++........--,      ",
        ",,,,,,++......--,       ",
        "    ,,,++.....-,,       ",
        "      ,,++...--,        ",
        "       ,,+..++,,        ",
        "       ,,++++,,         ",
        "        ,,,,,,,         ",
        "         ,,,,,          ",
        "                        ",
        "                        ",
        "                        "
      ],
      "faction_owner": [ { "id": "your_followers", "x": [ 0, 23 ], "y": [ 0, 23 ] } ],
      "terrain": { "@": "t_secro_flesh_camp" },
      "npcs": { "@": { "class": "secronom_flesh_spawn_modifier" } },
      "palettes": [ "secro_fleshcamp_maxcore_pal" ]
    }
  },
  {
    "type": "mapgen",
    "nested_mapgen_id": "secro_fleshcamp_base_room_artifice_east",
    "method": "json",
    "object": {
      "mapgensize": [ 24, 24 ],
      "rows": [
        "                        ",
        "                        ",
        "               ,,,,,,,, ",
        "          ,,,,,,++++++, ",
        "         ,+++++++....,, ",
        "       ,+++..........,  ",
        ",,,, ,,++............,  ",
        "+++,,,++,............,  ",
        "..+++++..............,  ",
        ".....................,  ",
        ".....................,, ",
        "+....................., ",
        "+++++................., ",
        ",,,,+++..............., ",
        "   ,,,++............++, ",
        "     ,,++.......+++++,, ",
        "      ,,++.@...++,,,,,  ",
        "       ,,+...+++,,      ",
        "        ,+++++,,,       ",
        "        ,,,,,,,         ",
        "                        ",
        "                        ",
        "                        ",
        "                        "
      ],
      "faction_owner": [ { "id": "your_followers", "x": [ 0, 23 ], "y": [ 0, 23 ] } ],
      "terrain": { "@": "t_secro_flesh_camp" },
      "npcs": { "@": { "class": "secronom_flesh_spawn_artifice" } },
      "palettes": [ "secro_fleshcamp_maxcore_pal" ]
    }
  },
  {
    "type": "mapgen",
    "nested_mapgen_id": "secro_fleshcamp_base_expand_down",
    "method": "json",
    "object": {
      "mapgensize": [ 24, 24 ],
      "rows": [
        "                        ",
        "                        ",
        "                        ",
        "                        ",
        "                        ",
        "                        ",
        "                        ",
        "                        ",
        "                        ",
        "                        ",
        "                        ",
        "                        ",
        "                        ",
        "                        ",
        "                        ",
        "                        ",
        "                        ",
        "      --........+       ",
        "       --++.....+       ",
        "        ,,++...++,,     ",
        "         ,,+...++,,     ",
        "         ,,+....++,,    ",
        "         ,,++....+,,    ",
        "          ,,+....+,,    "
      ],
      "faction_owner": [ { "id": "your_followers", "x": [ 0, 23 ], "y": [ 0, 23 ] } ],
      "palettes": [ "secro_fleshcamp_maxcore_pal" ]
    }
  },
  {
    "type": "mapgen",
    "nested_mapgen_id": "secro_fleshcamp_base_expand_down_south",
    "method": "json",
    "object": {
      "mapgensize": [ 24, 24 ],
      "rows": [
        "          ,,+...++,,    ",
        "         ,,++...+,,     ",
        "         ,,+....+,,     ",
        "         ,,+...++,,     ",
        "        ,,++...+,,      ",
        "       ,,++...++,,      ",
        "       ,,+...++,,       ",
        "       ,,+...+,,        ",
        "       ,++...+,,        ",
        "      ,,+....++,,       ",
        "      ,++.....++,       ",
        "      ,+.......+,       ",
        "      ,+......++,       ",
        "      ,++....++,,       ",
        "      ,,+-...+,,        ",
        "      ,,--...-,,        ",
        "       ,,-----,         ",
        "        ,,,,,,,         ",
        "                        ",
        "                        ",
        "                        ",
        "                        ",
        "                        ",
        "                        "
      ],
      "faction_owner": [ { "id": "your_followers", "x": [ 0, 23 ], "y": [ 0, 23 ] } ],
      "palettes": [ "secro_fleshcamp_maxcore_pal" ]
    }
  },
  {
    "type": "mapgen",
    "nested_mapgen_id": "secro_fleshcamp_base_room_meatfarm_south",
    "method": "json",
    "object": {
      "mapgensize": [ 24, 24 ],
      "rows": [
        "          ,,+...++,,    ",
        "         ,,++...+,,     ",
        "         ,,+....+,,     ",
        "         ,,+...++,,     ",
        "        ,,++...+,,      ",
        "       ,,++...++,,      ",
        "       ,,+...++,,       ",
        "       ,,+...+,,        ",
        "      ,,++...++,,       ",
        "     ,,++.....++,,      ",
        "     ,++.......++,      ",
        "     ,+.........+,      ",
        "     ,+........++,      ",
        "     ,--......++,       ",
        "     ,,-......+,,       ",
        "      ,-.....++,        ",
        "      ,--....+,,        ",
        "      ,,-...++,         ",
        "       ,-++++,,         ",
        "       ,,,,,,,          ",
        "                        ",
        "                        ",
        "                        ",
        "                        "
      ],
      "faction_owner": [ { "id": "your_followers", "x": [ 0, 23 ], "y": [ 0, 23 ] } ],
      "palettes": [ "secro_fleshcamp_maxcore_pal" ]
    }
  },
  {
    "type": "mapgen",
    "nested_mapgen_id": "secro_fleshcamp_base_room_splicer_south",
    "method": "json",
    "object": {
      "mapgensize": [ 24, 24 ],
      "rows": [
        "          ,,+...++,,    ",
        "         ,,++...+,,     ",
        "         ,,+....+,,     ",
        "         ,,+...++,,     ",
        "        ,,++...+,,      ",
        "       ,,++...++,,      ",
        "       ,,+...++,,       ",
        "       ,,+...+,,        ",
        "      ,,++...++,,       ",
        "     ,,++.....++,,      ",
        "     ,++.......++,      ",
        "     ,+...@.....+,      ",
        "     ,+........++,      ",
        "     ,++......++,       ",
        "      ,+-....++,        ",
        "      ,,--..++,,        ",
        "       ,,---+,,         ",
        "        ,,,,,,,         ",
        "                        ",
        "                        ",
        "                        ",
        "                        ",
        "                        ",
        "                        "
      ],
      "faction_owner": [ { "id": "your_followers", "x": [ 0, 23 ], "y": [ 0, 23 ] } ],
      "terrain": { "@": "t_secro_flesh_camp" },
      "npcs": { "@": { "class": "secronom_flesh_spawn_splicer" } },
      "palettes": [ "secro_fleshcamp_maxcore_pal" ]
    }
  },
  {
    "type": "mapgen",
    "nested_mapgen_id": "secro_fleshcamp_base_room_modifier_south",
    "method": "json",
    "object": {
      "mapgensize": [ 24, 24 ],
      "rows": [
        "          ,,+...++,,    ",
        "         ,,++...+,,     ",
        "         ,,+....+,,     ",
        "         ,,+...++,,     ",
        "        ,,++...+,,      ",
        "       ,,++...++,,      ",
        "       ,,+...++,,       ",
        "       ,,+...+,,        ",
        "      ,,++...++,,       ",
        "     ,,++.....++,,      ",
        "     ,++.......++,      ",
        "     ,+...@.....+,      ",
        "     ,+........++,      ",
        "     ,++......++,       ",
        "      ,+-....++,        ",
        "      ,,--..++,,        ",
        "       ,,---+,,         ",
        "        ,,,,,,,         ",
        "                        ",
        "                        ",
        "                        ",
        "                        ",
        "                        ",
        "                        "
      ],
      "faction_owner": [ { "id": "your_followers", "x": [ 0, 23 ], "y": [ 0, 23 ] } ],
      "terrain": { "@": "t_secro_flesh_camp" },
      "npcs": { "@": { "class": "secronom_flesh_spawn_modifier" } },
      "palettes": [ "secro_fleshcamp_maxcore_pal" ]
    }
  },
  {
    "type": "mapgen",
    "nested_mapgen_id": "secro_fleshcamp_base_room_hatchery_south",
    "method": "json",
    "object": {
      "mapgensize": [ 24, 24 ],
      "rows": [
        "          ,,+...++,,    ",
        "         ,,++...+,,     ",
        "         ,,+....+,,     ",
        "         ,,+...++,,     ",
        "        ,,++...+,,      ",
        "       ,,++...++,,      ",
        "       ,,+...++,,       ",
        "       ,,+...+,,        ",
        "      ,,++...++,,       ",
        "     ,,++.....++,,      ",
        "     ,++.......++,      ",
        "     ,+...@.....+,      ",
        "     ,+........++,      ",
        "     ,++......++,       ",
        "      ,+-....++,        ",
        "      ,,--..++,,        ",
        "       ,,---+,,         ",
        "        ,,,,,,,         ",
        "                        ",
        "                        ",
        "                        ",
        "                        ",
        "                        ",
        "                        "
      ],
      "faction_owner": [ { "id": "your_followers", "x": [ 0, 23 ], "y": [ 0, 23 ] } ],
      "terrain": { "@": "t_secro_flesh_camp" },
      "npcs": { "@": { "class": "secronom_flesh_spawn_hatchery" } },
      "palettes": [ "secro_fleshcamp_maxcore_pal" ]
    }
  },
  {
    "type": "mapgen",
    "nested_mapgen_id": "secro_fleshcamp_base_room_artifice_south",
    "method": "json",
    "object": {
      "mapgensize": [ 24, 24 ],
      "rows": [
        "          ,,+...++,     ",
        "          ,++...+,,     ",
        "          ,+....+,      ",
        "         ,,+...++,      ",
        "        ,,++...+,,      ",
        "        ,++...++,       ",
        "      ,,,+....+,,       ",
        "     ,,+++....++,,,     ",
        "   ,,,++.......+++,,    ",
        "  ,,+++..........++,,   ",
        "  ,++.............++,   ",
        "  ,+...............+,,  ",
        "  ,+.@.............++,  ",
        "  ,+................+,  ",
        "  ,++...............+,  ",
        "  ,,++..............+,  ",
        "   ,,++.............+,  ",
        "    ,,+.............+,  ",
        "     ,+............++,  ",
        "     ,+............+,,  ",
        "    ,,+...........++,   ",
        "    ,++...........+,,   ",
        "    ,,,,,,,,......+,    ",
        "           ,,,,,,,,     "
      ],
      "faction_owner": [ { "id": "your_followers", "x": [ 0, 23 ], "y": [ 0, 23 ] } ],
      "terrain": { "@": "t_secro_flesh_camp" },
      "npcs": { "@": { "class": "secronom_flesh_spawn_artifice" } },
      "palettes": [ "secro_fleshcamp_maxcore_pal" ]
    }
  },
  {
    "type": "mapgen",
    "nested_mapgen_id": "secro_fleshcamp_base_expand_left",
    "method": "json",
    "object": {
      "mapgensize": [ 24, 24 ],
      "rows": [
        "                        ",
        "                        ",
        "                        ",
        "                        ",
        "                        ",
        "                        ",
        "                        ",
        "                        ",
        "                        ",
        "                        ",
        " ,,                     ",
        ",,,,+                   ",
        ",++++                   ",
        "++....                  ",
        "......                  ",
        "......                  ",
        "...++++                 ",
        "++++,                   ",
        ",,,,,                   ",
        ",,,,                    ",
        "                        ",
        "                        ",
        "                        ",
        "                        "
      ],
      "faction_owner": [ { "id": "your_followers", "x": [ 0, 23 ], "y": [ 0, 23 ] } ],
      "palettes": [ "secro_fleshcamp_maxcore_pal" ]
    }
  },
  {
    "type": "mapgen",
    "nested_mapgen_id": "secro_fleshcamp_base_expand_left_west",
    "method": "json",
    "object": {
      "mapgensize": [ 24, 24 ],
      "rows": [
        "                        ",
        "                        ",
        "                        ",
        "                        ",
        "                        ",
        "                        ",
        "        ,,,,,,          ",
        "       ,,+++++,,,,,     ",
        "       ,-+...++++,,,,   ",
        "      ,,-.......+++,,,, ",
        "      ,--.........+++,,,",
        "      ,-............+++,",
        "      ,-.......+......++",
        "      ,-+.....++++.....+",
        "      ,,+....++,,+++....",
        "      ,,++...+,,,,,+++..",
        "       ,,+++++,  ,,,,++.",
        "        ,,,,,,,    ,,,++",
        "                     ,,,",
        "                      ,,",
        "                        ",
        "                        ",
        "                        ",
        "                        "
      ],
      "faction_owner": [ { "id": "your_followers", "x": [ 0, 23 ], "y": [ 0, 23 ] } ],
      "palettes": [ "secro_fleshcamp_maxcore_pal" ]
    }
  },
  {
    "type": "mapgen",
    "nested_mapgen_id": "secro_fleshcamp_base_room_meatfarm_west",
    "method": "json",
    "object": {
      "mapgensize": [ 24, 24 ],
      "rows": [
        "                        ",
        "                        ",
        "                        ",
        "                        ",
        "                        ",
        "                        ",
        "        ,,,,,,,         ",
        "       ,,+++++,,,,,     ",
        "      ,,++...++,,,,,,   ",
        "     ,,++.....+++++,,,, ",
        "     ,++..........+++,,,",
        "     ,-.............+++,",
        "     ,-...............++",
        "     ,--......+........+",
        "     ,,-......+++++.....",
        "      ,-.....++,,,+++...",
        "      ,++....+,,,,,,++..",
        "      ,,+...++,   ,,,+++",
        "       ,+++++,,     ,,,,",
        "       ,,,,,,,       ,,,",
        "                        ",
        "                        ",
        "                        ",
        "                        "
      ],
      "faction_owner": [ { "id": "your_followers", "x": [ 0, 23 ], "y": [ 0, 23 ] } ],
      "palettes": [ "secro_fleshcamp_maxcore_pal" ]
    }
  },
  {
    "type": "mapgen",
    "nested_mapgen_id": "secro_fleshcamp_base_room_splicer_west",
    "method": "json",
    "object": {
      "mapgensize": [ 24, 24 ],
      "rows": [
        "                        ",
        "                        ",
        "                        ",
        "                        ",
        "                        ",
        "                        ",
        "        ,,,,,,,         ",
        "       ,,+++++,,,,,     ",
        "      ,,++...++++,,,,   ",
        "     ,,++.......+++,,,, ",
        "     ,-+..........+++,,,",
        "     ,-....@........+++,",
        "     ,-...............++",
        "     ,--.......++......+",
        "     ,,-......+++++.....",
        "      ,-+.....+,,,+++...",
        "      ,,+....++,,,,,++..",
        "       ,++..++,   ,,,+++",
        "       ,,++++,,     ,,,,",
        "        ,,,,,,       ,,,",
        "                        ",
        "                        ",
        "                        ",
        "                        "
      ],
      "faction_owner": [ { "id": "your_followers", "x": [ 0, 23 ], "y": [ 0, 23 ] } ],
      "terrain": { "@": "t_secro_flesh_camp" },
      "npcs": { "@": { "class": "secronom_flesh_spawn_splicer" } },
      "palettes": [ "secro_fleshcamp_maxcore_pal" ]
    }
  },
  {
    "type": "mapgen",
    "nested_mapgen_id": "secro_fleshcamp_base_room_modifier_west",
    "method": "json",
    "object": {
      "mapgensize": [ 24, 24 ],
      "rows": [
        "                        ",
        "                        ",
        "                        ",
        "                        ",
        "                        ",
        "                        ",
        "        ,,,,,,,         ",
        "       ,,+++++,,,,,     ",
        "      ,,++...++++,,,,   ",
        "     ,,++.......+++,,,, ",
        "     ,-+..........+++,,,",
        "     ,-....@........+++,",
        "     ,-...............++",
        "     ,--.......++......+",
        "     ,,-......+++++.....",
        "      ,-+.....+,,,+++...",
        "      ,,+....++,,,,,++..",
        "       ,++..++,   ,,,+++",
        "       ,,++++,,     ,,,,",
        "        ,,,,,,       ,,,",
        "                        ",
        "                        ",
        "                        ",
        "                        "
      ],
      "faction_owner": [ { "id": "your_followers", "x": [ 0, 23 ], "y": [ 0, 23 ] } ],
      "terrain": { "@": "t_secro_flesh_camp" },
      "npcs": { "@": { "class": "secronom_flesh_spawn_modifier" } },
      "palettes": [ "secro_fleshcamp_maxcore_pal" ]
    }
  },
  {
    "type": "mapgen",
    "nested_mapgen_id": "secro_fleshcamp_base_room_hatchery_west",
    "method": "json",
    "object": {
      "mapgensize": [ 24, 24 ],
      "rows": [
        "                        ",
        "                        ",
        "                        ",
        "                        ",
        "                        ",
        "                        ",
        "        ,,,,,,,         ",
        "       ,,+++++,,,,,     ",
        "      ,,++...++++,,,,   ",
        "     ,,++.......+++,,,, ",
        "     ,-+..........+++,,,",
        "     ,-....@........+++,",
        "     ,-...............++",
        "     ,--.......++......+",
        "     ,,-......+++++.....",
        "      ,-+.....+,,,+++...",
        "      ,,+....++,,,,,++..",
        "       ,++..++,   ,,,+++",
        "       ,,++++,,     ,,,,",
        "        ,,,,,,       ,,,",
        "                        ",
        "                        ",
        "                        ",
        "                        "
      ],
      "faction_owner": [ { "id": "your_followers", "x": [ 0, 23 ], "y": [ 0, 23 ] } ],
      "terrain": { "@": "t_secro_flesh_camp" },
      "npcs": { "@": { "class": "secronom_flesh_spawn_hatchery" } },
      "palettes": [ "secro_fleshcamp_maxcore_pal" ]
    }
  },
  {
    "type": "mapgen",
    "nested_mapgen_id": "secro_fleshcamp_base_room_artifice_west",
    "method": "json",
    "object": {
      "mapgensize": [ 24, 24 ],
      "rotation": 3,
      "rows": [
        "  ,,,,,,,,              ",
        ",,,++++++,,             ",
        ",+++....++,,,,          ",
        ",........++++,,,        ",
        ",...........+++,,       ",
        ",.............++,,      ",
        ",..............++,      ",
        ",,..............++,     ",
        " ,...............+,,    ",
        " ,...............++,,,  ",
        " ,................+++,,,",
        " ,..................+++,",
        " ,....................++",
        " ,.............++......+",
        " ,+++.........+++++.....",
        " ,,,+++.......+,,,+++...",
        "   ,,,++..@..++, ,,,++..",
        "     ,,++...++,,   ,,+++",
        "      ,,+++++,,     ,,,,",
        "       ,,,,,,,          ",
        "                        ",
        "                        ",
        "                        ",
        "                        "
      ],
      "faction_owner": [ { "id": "your_followers", "x": [ 0, 23 ], "y": [ 0, 23 ] } ],
      "terrain": { "@": "t_secro_flesh_camp" },
      "npcs": { "@": { "class": "secronom_flesh_spawn_artifice" } },
      "palettes": [ "secro_fleshcamp_maxcore_pal" ]
    }
  },
  {
    "type": "mapgen",
    "nested_mapgen_id": "secro_fleshcamp_base_top_meatfarm_low",
    "method": "json",
    "object": {
      "mapgensize": [ 24, 24 ],
      "rows": [
        "                        ",
        "                        ",
        "                        ",
        "                        ",
        "                        ",
        "                        ",
        "                        ",
        "                        ",
        "          ...           ",
        "         .....          ",
        "        .......         ",
        "       ...,,....        ",
        "       ...,,...         ",
        "        ......          ",
        "        ......          ",
        "        .....           ",
        "         ....           ",
        "                        ",
        "                        ",
        "                        ",
        "                        ",
        "                        ",
        "                        ",
        "                        "
      ],
      "faction_owner": [ { "id": "your_followers", "x": [ 0, 23 ], "y": [ 0, 23 ] } ],
      "item": { ".": { "item": "meat", "chance": 10, "repeat": 3 }, ",": { "item": "meat", "chance": 20, "repeat": 3 } },
      "terrain": { ".": "t_secro_flesh_camp", ",": "t_secro_flesh_camp" }
    }
  },
  {
    "type": "mapgen",
    "nested_mapgen_id": "secro_fleshcamp_base_top_meatfarm_med",
    "method": "json",
    "object": {
      "mapgensize": [ 24, 24 ],
      "rows": [
        "                        ",
        "                        ",
        "                        ",
        "                        ",
        "                        ",
        "                        ",
        "                        ",
        "                        ",
        "          ...           ",
        "         .....          ",
        "        ..,,...         ",
        "       ..,,,,...        ",
        "       ..,,,,..         ",
        "        ..,,..          ",
        "        ......          ",
        "        .....           ",
        "         ....           ",
        "                        ",
        "                        ",
        "                        ",
        "                        ",
        "                        ",
        "                        ",
        "                        "
      ],
      "faction_owner": [ { "id": "your_followers", "x": [ 0, 23 ], "y": [ 0, 23 ] } ],
      "item": { ".": { "item": "meat", "chance": 20, "repeat": 4 }, ",": { "item": "meat", "chance": 30, "repeat": 4 } },
      "terrain": { ".": "t_secro_flesh_camp", ",": "t_secro_flesh_camp" }
    }
  },
  {
    "type": "mapgen",
    "nested_mapgen_id": "secro_fleshcamp_base_top_meatfarm_high",
    "method": "json",
    "object": {
      "mapgensize": [ 24, 24 ],
      "rows": [
        "                        ",
        "                        ",
        "                        ",
        "                        ",
        "                        ",
        "                        ",
        "                        ",
        "                        ",
        "          ...           ",
        "         .,,..          ",
        "        .,,,,..         ",
        "       .,,,,,,..        ",
        "       .,,,,,,.         ",
        "        .,,,,.          ",
        "        ..,,..          ",
        "        .....           ",
        "         ....           ",
        "                        ",
        "                        ",
        "                        ",
        "                        ",
        "                        ",
        "                        ",
        "                        "
      ],
      "faction_owner": [ { "id": "your_followers", "x": [ 0, 23 ], "y": [ 0, 23 ] } ],
      "item": { ".": { "item": "meat", "chance": 30, "repeat": 5 }, ",": { "item": "meat", "chance": 40, "repeat": 5 } },
      "terrain": { ".": "t_secro_flesh_camp", ",": "t_secro_flesh_camp" }
    }
  },
  {
    "type": "palette",
    "id": "secro_fleshcamp_pal",
    "ter_furn_transforms": { " ": { "transform": "fv_flesh_spread" }, ".": { "transform": "secro_furn_removal" }, "+": { "transform": "secro_furn_removal" }, ",": { "transform": "secro_furn_removal" } },
    "terrain": { ".": "t_secro_flesh_camp", "+": "t_secro_flesh_camp_wall_veins_smoot", ",": [ "t_secro_flesh_camp", "t_dirt" ] }
  },
  {
    "type": "palette",
    "id": "secro_fleshcamp_maxcore_pal",
    "ter_furn_transforms": { " ": { "transform": "fv_flesh_spread" }, ".": { "transform": "secro_furn_removal" }, "-": { "transform": "secro_furn_removal" }, "+": { "transform": "secro_furn_removal" }, ",": { "transform": "secro_furn_removal" } },
    "terrain": {
      ".": "t_secro_flesh_camp",
      "-": "t_secro_flesh_camp_wall_veins",
      "+": "t_secro_flesh_camp_wall",
      ",": [ "t_secro_flesh_camp", "t_dirt" ]
    }
  }
]
