[
  {
    "id": "mon_insect_parasiteworm_pain",
    "type": "MONSTER",
    "name": "parasitic swarm",
    "description": "Slithering parasite worms of unknown origin, still coated in fresh zombie blood. Whatever those thing is, you probably need to dispose of them immediately.",
    "default_faction": "zombie",
    "species": [ "INSECT", "ZOMBIE" ],
    "volume": "750 ml",
    "weight": 1000,
    "harvest": "exempt",
    "hp": 10,
    "speed": 75,
    "material": [ "iflesh" ],
    "symbol": "~",
    "color": "yellow_green",
    "aggression": 100,
    "morale": 100,
    "melee_skill": 2,
    "melee_dice": 1,
    "melee_dice_sides": 2,
    "melee_cut": 2,
    "attack_effs": [ { "id": "parasiteworm_pain", "duration": 300, "chance": 25 } ],
    "special_attacks": [ [ "SUICIDE", 250 ] ],
    "death_function": [ "MELT" ],
    "flags": [ "PATH_AVOID_DANGER_1", "SEES", "HEARS", "SMELLS", "NO_BREATHE", "HARDTOSHOOT", "POISON" ]
  },
  {
    "id": "mon_insect_parasiteworm_int",
    "type": "MONSTER",
    "name": "parasitic swarm",
    "description": "Slithering parasite worms of unknown origin, still coated in fresh zombie blood. Whatever those thing is, you probably need to dispose of them immediately.",
    "default_faction": "zombie",
    "species": [ "INSECT", "ZOMBIE" ],
    "volume": "750 ml",
    "weight": 1000,
    "hp": 10,
    "speed": 75,
    "material": [ "iflesh" ],
    "harvest": "exempt",
    "symbol": "~",
    "color": "yellow_green",
    "aggression": 100,
    "morale": 100,
    "melee_skill": 2,
    "melee_dice": 1,
    "melee_dice_sides": 2,
    "melee_cut": 2,
    "attack_effs": [ { "id": "parasiteworm_int", "duration": 300, "chance": 25 } ],
    "special_attacks": [ [ "SUICIDE", 250 ] ],
    "death_function": [ "MELT" ],
    "flags": [ "SEES", "HEARS", "SMELLS", "HARDTOSHOOT", "POISON", "NO_BREATHE", "PATH_AVOID_DANGER_1" ]
  },
  {
    "id": "mon_insect_parasiteworm_move",
    "type": "MONSTER",
    "name": "parasitic swarm",
    "description": "Slithering parasite worms of unknown origin, still coated in fresh zombie blood. Whatever those thing is, you probably need to dispose of them immediately.",
    "default_faction": "zombie",
    "species": [ "INSECT", "ZOMBIE" ],
    "volume": "750 ml",
    "weight": 1000,
    "hp": 10,
    "speed": 75,
    "material": [ "iflesh" ],
    "symbol": "~",
    "color": "yellow_green",
    "harvest": "exempt",
    "aggression": 100,
    "morale": 100,
    "melee_skill": 2,
    "melee_dice": 1,
    "melee_dice_sides": 2,
    "melee_cut": 2,
    "attack_effs": [ { "id": "parasiteworm_move", "duration": 300, "chance": 25 } ],
    "special_attacks": [ [ "SUICIDE", 250 ] ],
    "death_function": [ "MELT" ],
    "flags": [ "SEES", "HEARS", "SMELLS", "HARDTOSHOOT", "POISON", "NO_BREATHE", "PATH_AVOID_DANGER_1" ]
  },
  {
    "id": "mon_insect_parasiteworm_stomach",
    "type": "MONSTER",
    "name": "parasitic swarm",
    "description": "Slithering parasite worms of unknown origin, still coated in fresh zombie blood. Whatever those thing is, you probably need to dispose of them immediately.",
    "default_faction": "zombie",
    "species": [ "INSECT", "ZOMBIE" ],
    "volume": "750 ml",
    "harvest": "exempt",
    "weight": 1000,
    "hp": 10,
    "speed": 75,
    "material": [ "iflesh" ],
    "symbol": "~",
    "color": "yellow_green",
    "aggression": 100,
    "morale": 100,
    "melee_skill": 2,
    "melee_dice": 1,
    "melee_dice_sides": 2,
    "melee_cut": 2,
    "attack_effs": [ { "id": "parasiteworm_stomach", "duration": 100, "chance": 25 } ],
    "special_attacks": [ [ "SUICIDE", 250 ] ],
    "death_function": [ "MELT" ],
    "flags": [ "SEES", "HEARS", "SMELLS", "HARDTOSHOOT", "POISON", "PATH_AVOID_DANGER_1", "NO_BREATHE" ]
  }
]
