[
  {
    "type": "talk_topic",
    "id": "TALK_SECRO_SCIENTIST_repair",
    "dynamic_line": {
      "u_has_effect": "secro_scientist_repairing",
      "no": "What do you want to repair?",
      "yes": "I'm currently working on repairs..."
    },
    "responses": [
      {
        "text": "Let me check the progress of SDP-L1 turret's repair.",
        "topic": "TALK_SECRO_SCIENTIST_repair_laserturret",
        "condition": {
          "and": [
            { "u_has_effect": "secro_scientist_repairing" },
            { "not": { "npc_has_effect": "secro_scientist_repairing_laserturret" } },
            { "u_has_effect": "secro_scientist_repair_laserturret" }
          ]
        }
      },
      {
        "text": "Let me check the progress of SDP-L1 turret's repair.",
        "topic": "TALK_SECRO_SCIENTIST_repair_laserturret_no",
        "condition": {
          "and": [
            { "u_has_effect": "secro_scientist_repairing" },
            { "npc_has_effect": "secro_scientist_repairing_laserturret" },
            { "u_has_effect": "secro_scientist_repair_laserturret" }
          ]
        }
      },
      {
        "text": "SDP-L1 turret.",
        "topic": "TALK_SECRO_SCIENTIST_repair_laserturret_needs",
        "condition": { "and": [ { "u_has_item": "broken_secro_laserturret" }, { "not": { "u_has_effect": "secro_scientist_repairing" } } ] }
      },
      {
        "truefalsetext": {
          "condition": { "u_has_effect": "secro_scientist_repairing" },
          "true": "I'll check them later.",
          "false": "I got nothing."
        },
        "topic": "TALK_SECRO_SCIENTIST_main"
      }
    ]
  },
  {
    "type": "talk_topic",
    "id": "TALK_SECRO_SCIENTIST_repair_laserturret",
    "dynamic_line": "It is done. I modified the turret and made it cheaper in power usage, with a built-in storage battery.",
    "responses": [
      {
        "text": "I'll take it!",
        "topic": "TALK_SECRO_SCIENTIST_repair",
        "effect": [
          { "u_lose_effect": "secro_scientist_repair_laserturret" },
          { "u_lose_effect": "secro_scientist_repairing" },
          { "u_buy_monster": "mon_secro_laserturret_mod" }
        ]
      }
    ]
  },
  {
    "type": "talk_topic",
    "id": "TALK_SECRO_SCIENTIST_repair_laserturret_no",
    "dynamic_line": "I need more time to fully repair the turret.",
    "responses": [ { "text": "Okay.", "topic": "TALK_SECRO_SCIENTIST_main" } ]
  },
  {
    "type": "talk_topic",
    "id": "TALK_SECRO_SCIENTIST_repair_laserturret_needs",
    "dynamic_line": "To repair the SDP-L1 turret, I need the following resources:\n\n4 chunks of steel\n18 scrap metals\n9 electronic scraps\n9 power converters\n5 copper wires\n\nIt takes more than an hour to complete the process.",
    "responses": [
      {
        "text": "[REPAIR]",
        "topic": "TALK_SECRO_SCIENTIST_repair",
        "condition": {
          "and": [
            { "u_has_items": { "item": "steel_chunk", "count": 4 } },
            { "u_has_items": { "item": "scrap", "count": 18 } },
            { "u_has_items": { "item": "e_scrap", "count": 9 } },
            { "u_has_items": { "item": "power_supply", "count": 9 } },
            { "u_has_items": { "item": "cable", "count": 5 } }
          ]
        },
        "effect": [
          { "u_sell_item": "steel_chunk", "count": 4 },
          { "u_sell_item": "scrap", "count": 18 },
          { "u_sell_item": "e_scrap", "count": 9 },
          { "u_sell_item": "power_supply", "count": 9 },
          { "u_sell_item": "cable", "count": 5 },
          { "u_sell_item": "broken_secro_laserturret" },
          { "npc_consume_item": "steel_chunk", "count": 4 },
          { "npc_consume_item": "scrap", "count": 18 },
          { "npc_consume_item": "e_scrap", "count": 9 },
          { "npc_consume_item": "power_supply", "count": 9 },
          { "npc_consume_item": "cable", "count": 5 },
          { "npc_consume_item": "broken_secro_laserturret" },
          { "npc_add_effect": "secro_scientist_repairing_laserturret", "duration": 3700 },
          { "duration": "PERMANENT", "u_add_effect": "secro_scientist_repairing" },
          { "duration": "PERMANENT", "u_add_effect": "secro_scientist_repair_laserturret" }
        ]
      },
      {
        "truefalsetext": {
          "condition": {
            "and": [
              { "u_has_items": { "item": "steel_chunk", "count": 4 } },
              { "u_has_items": { "item": "scrap", "count": 18 } },
              { "u_has_items": { "item": "e_scrap", "count": 9 } },
              { "u_has_items": { "item": "power_supply", "count": 9 } },
              { "u_has_items": { "item": "cable", "count": 5 } }
            ]
          },
          "true": "Perform the repair later.",
          "false": "I need more resources."
        },
        "topic": "TALK_SECRO_SCIENTIST_repair"
      }
    ]
  }
]
