[{
        "type": "item_group",
        "id": "guns_rifle_milspec",
        "//": "Military specification rifles only ever found at military sites.",
        "items": [
            ["h&k416a5", 50],
            ["l_lmg_223", 30],
            ["l_mbr_223", 100],
            ["m107a1", 30],
            ["m134", 10],
            ["m14ebr", 10],
            ["m2010", 20],
            ["m240", 15],
            ["m249", 25],
            ["m27iar", 50],
            ["m60", 15],
            ["rm11b_sniper_rifle", 15],
            ["rm298", 10],
            ["rm51_assault_rifle", 25],
            ["rm614_lmg", 10],
            ["rm88_battle_rifle", 25],
            ["sig552", 100],
            ["scar_l", 50],
            ["scar_h", 50],
            ["cheytac", 15],
            ["hecate", 5],
            ["kacc", 10],
            ["psg1", 20],
            ["walther2000", 2],
            ["xm556", 5],
            ["xm8", 30],
            ["zx1sniper", 5],
            ["lmilaser", 5]
        ]
    }, {
        "type": "item_group",
        "id": "mags_rifle_rare",
        "//": "Aftermarket or otherwise uncommon rifle magazines excluding milspec.",
        "items": [
            ["akmbigmag", 5],
            ["akmmag", 25],
            ["falmag", 100],
            ["falbigmag", 50],
            ["g3mag", 80],
            ["g3bigmag", 40],
            ["m1918bigmag", 40],
            ["ruger1022bigmag", 70],
            ["cheytacmag", 25],
            ["hecatemag", 15],
            ["walther2000mag", 20]
        ]
    }, {
    "id": "secro_drugs_rare",
    "type": "item_group",
    "//": "Rare drugs, but with chance of experimental mutagens.",
    "items": [
      [ "adderall", 100 ],
      [ "antibiotics", 100 ],
      [ "strong_antibiotic", 45 ],
      [ "antifungal", 100 ],
      [ "antiparasitic", 100 ],
      [ "diazepam", 100 ],
      [ "calcium_tablet", 100 ],
      [ "inj_vitb", 100 ],
      [ "inj_iron", 100 ],
      [ "prozac", 100 ],
      [ "thorazine", 100 ],
      [ "xanax", 100 ],
      [ "mutagen_secronom_ex", 30 ],
      [ "iv_mutagen_secronom_ex", 10 ]
    ]
  }
]
