[
  {
    "type": "overmap_terrain",
    "id": "SecronomSSLab_top",
    "name": "secronom lab",
    "sym": "L",
    "color": "light_gray",
    "see_cost": 5
  },
  {
    "type": "overmap_terrain",
    "id": "SecronomSSLab_b1",
    "name": "underground secronom lab",
    "sym": "L",
    "color": "light_gray",
    "see_cost": 5
  },
  {
    "type": "overmap_terrain",
    "id": "SecronomSSLab_bowspecs",
    "name": "underground secronom lab",
    "sym": "L",
    "color": "light_gray",
    "flags": ["NO_ROTATE"],
    "see_cost": 5
  },
  {
    "type": "overmap_terrain",
    "id": "SecronomSSLab_b2",
    "name": "underground secronom lab",
    "sym": "L",
    "color": "light_gray",
    "see_cost": 5
  },
  {
    "type": "overmap_terrain",
    "id": "SecronomSSLab_failspecs",
    "name": "underground secronom lab",
    "sym": "L",
    "color": "light_gray",
    "see_cost": 5
  },
  {
    "type": "overmap_terrain",
    "id": "SecronomSSLab_b3",
    "name": "underground secronom lab",
    "sym": "L",
    "color": "light_gray",
    "see_cost": 5
  },
  {
    "type": "overmap_terrain",
    "id": "SecronomSSLab_Climax",
    "name": "underground secronom lab",
    "sym": "L",
    "color": "light_gray",
    "see_cost": 5
  },
  {
    "id": "saddler_cave_entrance_1",
    "type": "overmap_terrain",
    "name": "field",
    "sym": ".",
    "color": "brown",
    "see_cost": 2,
    "spawns": { "group": "GROUP_SADDLER_ENTRANCE", "population": [ 5, 25 ], "chance": 100 },
    "extras": "build"
  },
  {
    "id": "saddler_cave_entrance_2",
    "type": "overmap_terrain",
    "name": "field",
    "sym": ".",
    "color": "brown",
    "see_cost": 2,
    "spawns": { "group": "GROUP_SADDLER_ENTRANCE", "population": [ 5, 25 ], "chance": 100 },
    "extras": "build"
  },
  {
    "id": "saddler_cave_entrance_3",
    "type": "overmap_terrain",
    "name": "field",
    "sym": ".",
    "color": "brown",
    "see_cost": 2,
    "spawns": { "group": "GROUP_SADDLER_ENTRANCE", "population": [ 5, 25 ], "chance": 100 },
    "extras": "build"
  },
  {
    "id": "saddler_cave_entrance_4",
    "type": "overmap_terrain",
    "name": "field",
    "sym": ".",
    "color": "brown",
    "see_cost": 2,
    "spawns": { "group": "GROUP_SADDLER_ENTRANCE", "population": [ 5, 25 ], "chance": 100 },
    "extras": "build"
  },
  {
    "id": "saddler_cave_entrance_5",
    "type": "overmap_terrain",
    "name": "field",
    "sym": ".",
    "color": "green",
    "see_cost": 2,
    "spawns": { "group": "GROUP_SADDLER_ENTRANCE", "population": [ 5, 25 ], "chance": 100 },
    "extras": "build"
  },
  {
    "id": "saddler_cave_entrance_6",
    "type": "overmap_terrain",
    "name": "field",
    "sym": ".",
    "color": "brown",
    "see_cost": 2,
    "spawns": { "group": "GROUP_SADDLER_ENTRANCE", "population": [ 5, 25 ], "chance": 100 },
    "extras": "build"
  },
  {
    "id": "saddler_cave_entrance_7",
    "type": "overmap_terrain",
    "name": "field",
    "sym": ".",
    "color": "brown",
    "see_cost": 2,
    "spawns": { "group": "GROUP_SADDLER_ENTRANCE", "population": [ 5, 25 ], "chance": 100 },
    "extras": "build"
  },
  {
    "id": "saddler_cave_entrance_8",
    "type": "overmap_terrain",
    "name": "field",
    "sym": ".",
    "color": "brown",
    "see_cost": 2,
    "spawns": { "group": "GROUP_SADDLER_ENTRANCE", "population": [ 5, 25 ], "chance": 100 },
    "extras": "build"
  },
  {
    "id": "saddler_cave_entrance_9",
    "type": "overmap_terrain",
    "name": "field",
    "sym": ".",
    "color": "brown",
    "see_cost": 2,
    "spawns": { "group": "GROUP_SADDLER_ENTRANCE", "population": [ 5, 25 ], "chance": 100 },
    "extras": "build"
  },
  {
    "id": "saddler_cave_up",
    "type": "overmap_terrain",
    "name": "saddler nest",
    "sym": "C",
    "color": "green",
    "see_cost": 5,
    "spawns": { "group": "GROUP_SADDLER", "population": [ 50, 100 ], "chance": 100 },
    "extras": "build"
  },
  {
    "id": "saddler_cave_north",
    "type": "overmap_terrain",
    "name": "saddler nest",
    "sym": "C",
    "color": "green",
    "see_cost": 5,
    "spawns": { "group": "GROUP_SADDLER", "population": [ 50, 100 ], "chance": 100 },
    "extras": "build"
  },
  {
    "id": "saddler_cave_west",
    "type": "overmap_terrain",
    "name": "saddler nest",
    "sym": "C",
    "color": "green",
    "see_cost": 5,
    "spawns": { "group": "GROUP_SADDLER", "population": [ 50, 100 ], "chance": 100 },
    "extras": "build"
  },
  {
    "id": "saddler_cave_brood",
    "type": "overmap_terrain",
    "name": "saddler nest",
    "sym": "C",
    "color": "light_green",
    "see_cost": 5,
    "spawns": { "group": "GROUP_SADDLER", "population": [ 100, 200 ], "chance": 100 },
    "extras": "build"
  },
  {
    "type": "overmap_terrain",
    "id": "secro_house_flesh",
    "copy-from": "generic_residential_medium",
    "name": "house",
    "sym": "^",
    "color": "green_red",
    "see_cost": 2,
    "extras": "build",
    "mondensity": 3,
    "flags": [ "SIDEWALK", "GENERIC_LOOT" ]
  },
  {
    "type": "overmap_terrain",
    "id": "secro_basement_flesh",
    "name": "basement",
    "sym": "O",
    "color": "dark_gray_red",
    "copy-from": "generic_city_building_no_sidewalk",
    "flags": [ "KNOWN_UP", "NO_ROTATE", "GENERIC_LOOT" ]
  },
  {
    "id": "flesh_forest_1",
    "type": "overmap_terrain",
    "name": "forest",
    "sym": "F",
    "color": "green",
    "spawns": { "group": "GROUP_FF_SURFACE", "population": [ 1, 3 ], "chance": 100 },
    "see_cost": 10
  },
  {
    "id": "flesh_forest_2",
    "type": "overmap_terrain",
    "name": "forest",
    "sym": "F",
    "color": "green",
    "spawns": { "group": "GROUP_FF_SURFACE", "population": [ 1, 3 ], "chance": 100 },
    "see_cost": 10
  },
  {
    "id": "flesh_forest_3",
    "type": "overmap_terrain",
    "name": "forest",
    "sym": "F",
    "color": "green",
    "spawns": { "group": "GROUP_FF_SURFACE", "population": [ 1, 3 ], "chance": 100 },
    "see_cost": 10
  },
  {
    "id": "flesh_forest_4",
    "type": "overmap_terrain",
    "name": "forest",
    "sym": "F",
    "color": "green",
    "spawns": { "group": "GROUP_FF_SURFACE", "population": [ 1, 3 ], "chance": 100 },
    "see_cost": 10
  },
  {
    "id": "flesh_forest_5",
    "type": "overmap_terrain",
    "name": "forest",
    "sym": "F",
    "color": "green",
    "see_cost": 10
  },
  {
    "id": "flesh_forest_6",
    "type": "overmap_terrain",
    "name": "forest",
    "sym": "F",
    "color": "green",
    "spawns": { "group": "GROUP_FF_SURFACE", "population": [ 1, 3 ], "chance": 100 },
    "see_cost": 10
  },
  {
    "id": "flesh_forest_7",
    "type": "overmap_terrain",
    "name": "forest",
    "sym": "F",
    "color": "green",
    "spawns": { "group": "GROUP_FF_SURFACE", "population": [ 1, 3 ], "chance": 100 },
    "see_cost": 10
  },
  {
    "id": "flesh_forest_8",
    "type": "overmap_terrain",
    "name": "forest",
    "sym": "F",
    "color": "green",
    "spawns": { "group": "GROUP_FF_SURFACE", "population": [ 1, 3 ], "chance": 100 },
    "see_cost": 10
  },
  {
    "id": "flesh_forest_9",
    "type": "overmap_terrain",
    "name": "forest",
    "sym": "F",
    "color": "green",
    "spawns": { "group": "GROUP_FF_SURFACE", "population": [ 1, 3 ], "chance": 100 },
    "see_cost": 10
  },
  {
    "id": "flesh_forest_vfaraway",
    "type": "overmap_terrain",
    "name": "forest",
    "sym": "F",
    "color": "green",
    "spawns": { "group": "GROUP_FF_SURFACE", "population": [ 1, 3 ], "chance": 100 },
    "see_cost": 10
  },
  {
    "id": "flesh_forest_vfar",
    "type": "overmap_terrain",
    "name": "forest",
    "sym": "F",
    "color": "green",
    "spawns": { "group": "GROUP_FF_SURFACE", "population": [ 1, 3 ], "chance": 100 },
    "see_cost": 10
  },
  {
    "id": "flesh_forest_far",
    "type": "overmap_terrain",
    "name": "forest",
    "sym": "F",
    "color": "green",
    "spawns": { "group": "GROUP_FF_SURFACE", "population": [ 1, 3 ], "chance": 100 },
    "see_cost": 10
  },
  {
    "id": "flesh_forest_mid",
    "type": "overmap_terrain",
    "name": "forest",
    "sym": "F",
    "color": "green",
    "spawns": { "group": "GROUP_FF_SURFACE", "population": [ 1, 3 ], "chance": 100 },
    "see_cost": 10
  },
  {
    "id": "flesh_forest_near",
    "type": "overmap_terrain",
    "name": "forest",
    "sym": "F",
    "color": "green",
    "spawns": { "group": "GROUP_FF_SURFACE", "population": [ 1, 2 ] },
    "see_cost": 10
  },
  {
    "id": "flesh_forest_bot1_1",
    "type": "overmap_terrain",
    "name": "flesh",
    "sym": "#",
    "spawns": { "group": "GROUP_FF_INSIDE", "population": [ 1, 3 ], "chance": 20 },
    "color": "red",
    "see_cost": 10
  },
  {
    "id": "flesh_forest_bot1_2",
    "type": "overmap_terrain",
    "name": "flesh",
    "sym": "#",
    "spawns": { "group": "GROUP_FF_INSIDE", "population": [ 1, 3 ], "chance": 20 },
    "color": "red",
    "see_cost": 10
  },
  {
    "id": "flesh_forest_bot1_3",
    "type": "overmap_terrain",
    "name": "flesh",
    "sym": "#",
    "spawns": { "group": "GROUP_FF_INSIDE", "population": [ 1, 3 ], "chance": 20 },
    "color": "red",
    "see_cost": 10
  },
  {
    "id": "flesh_forest_bot1_4",
    "type": "overmap_terrain",
    "name": "flesh",
    "sym": "#",
    "spawns": { "group": "GROUP_FF_INSIDE", "population": [ 1, 3 ], "chance": 20 },
    "color": "red",
    "see_cost": 10
  },
  {
    "id": "flesh_forest_bot1_5",
    "type": "overmap_terrain",
    "name": "flesh",
    "sym": "#",
    "spawns": { "group": "GROUP_FF_INSIDE", "population": [ 1, 3 ], "chance": 20 },
    "color": "light_red",
    "see_cost": 10
  },
  {
    "id": "flesh_forest_bot1_6",
    "type": "overmap_terrain",
    "name": "flesh",
    "sym": "#",
    "spawns": { "group": "GROUP_FF_INSIDE", "population": [ 1, 3 ], "chance": 20 },
    "color": "red",
    "see_cost": 10
  },
  {
    "id": "flesh_forest_bot1_7",
    "type": "overmap_terrain",
    "name": "flesh",
    "sym": "#",
    "spawns": { "group": "GROUP_FF_INSIDE", "population": [ 1, 3 ], "chance": 20 },
    "color": "red",
    "see_cost": 10
  },
  {
    "id": "flesh_forest_bot1_8",
    "type": "overmap_terrain",
    "name": "flesh",
    "sym": "#",
    "spawns": { "group": "GROUP_FF_INSIDE", "population": [ 1, 3 ], "chance": 20 },
    "color": "red",
    "see_cost": 10
  },
  {
    "id": "flesh_forest_bot1_9",
    "type": "overmap_terrain",
    "name": "flesh",
    "sym": "#",
    "spawns": { "group": "GROUP_FF_INSIDE", "population": [ 1, 3 ], "chance": 20 },
    "color": "red",
    "see_cost": 10
  },
  {
    "id": "flesh_forest_bot2_1",
    "type": "overmap_terrain",
    "name": "flesh",
    "sym": "#",
    "spawns": { "group": "GROUP_FF_INSIDE", "population": [ 1, 3 ], "chance": 20 },
    "color": "red",
    "see_cost": 10
  },
  {
    "id": "flesh_forest_bot2_2",
    "type": "overmap_terrain",
    "name": "flesh",
    "sym": "#",
    "spawns": { "group": "GROUP_FF_INSIDE", "population": [ 1, 3 ], "chance": 20 },
    "color": "red",
    "see_cost": 10
  },
  {
    "id": "flesh_forest_bot2_3",
    "type": "overmap_terrain",
    "name": "flesh",
    "sym": "#",
    "spawns": { "group": "GROUP_FF_INSIDE", "population": [ 1, 3 ], "chance": 20 },
    "color": "red",
    "see_cost": 10
  },
  {
    "id": "flesh_forest_bot2_4",
    "type": "overmap_terrain",
    "name": "flesh",
    "sym": "#",
    "spawns": { "group": "GROUP_FF_INSIDE", "population": [ 1, 3 ], "chance": 20 },
    "color": "red",
    "see_cost": 10
  },
  {
    "id": "flesh_forest_bot2_5",
    "type": "overmap_terrain",
    "name": "flesh",
    "sym": "#",
    "spawns": { "group": "GROUP_FF_INSIDE", "population": [ 1, 3 ], "chance": 20 },
    "color": "light_red",
    "see_cost": 10
  },
  {
    "id": "flesh_forest_bot2_6",
    "type": "overmap_terrain",
    "name": "flesh",
    "sym": "#",
    "spawns": { "group": "GROUP_FF_INSIDE", "population": [ 1, 3 ], "chance": 20 },
    "color": "red",
    "see_cost": 10
  },
  {
    "id": "flesh_forest_bot2_7",
    "type": "overmap_terrain",
    "name": "flesh",
    "sym": "#",
    "spawns": { "group": "GROUP_FF_INSIDE", "population": [ 1, 3 ], "chance": 20 },
    "color": "red",
    "see_cost": 10
  },
  {
    "id": "flesh_forest_bot2_8",
    "type": "overmap_terrain",
    "name": "flesh",
    "sym": "#",
    "spawns": { "group": "GROUP_FF_INSIDE", "population": [ 1, 3 ], "chance": 20 },
    "color": "red",
    "see_cost": 10
  },
  {
    "id": "flesh_forest_bot2_9",
    "type": "overmap_terrain",
    "name": "flesh",
    "sym": "#",
    "spawns": { "group": "GROUP_FF_INSIDE", "population": [ 1, 3 ], "chance": 20 },
    "color": "red",
    "see_cost": 10
  },
  {
    "id": "flesh_forest_bot3_1",
    "type": "overmap_terrain",
    "name": "flesh",
    "sym": "#",
    "spawns": { "group": "GROUP_FF_INSIDE", "population": [ 1, 3 ], "chance": 20 },
    "color": "red",
    "see_cost": 10
  },
  {
    "id": "flesh_forest_bot3_2",
    "type": "overmap_terrain",
    "name": "flesh",
    "sym": "#",
    "spawns": { "group": "GROUP_FF_INSIDE", "population": [ 1, 3 ], "chance": 20 },
    "color": "red",
    "see_cost": 10
  },
  {
    "id": "flesh_forest_bot3_3",
    "type": "overmap_terrain",
    "name": "flesh",
    "sym": "#",
    "spawns": { "group": "GROUP_FF_INSIDE", "population": [ 1, 3 ], "chance": 20 },
    "color": "red",
    "see_cost": 10
  },
  {
    "id": "flesh_forest_bot3_4",
    "type": "overmap_terrain",
    "name": "flesh",
    "sym": "#",
    "spawns": { "group": "GROUP_FF_INSIDE", "population": [ 1, 3 ], "chance": 20 },
    "color": "red",
    "see_cost": 10
  },
  {
    "id": "flesh_forest_bot3_5",
    "type": "overmap_terrain",
    "name": "flesh",
    "sym": "#",
    "spawns": { "group": "GROUP_FF_INSIDE", "population": [ 1, 3 ], "chance": 20 },
    "color": "light_red",
    "see_cost": 10
  },
  {
    "id": "flesh_forest_bot3_6",
    "type": "overmap_terrain",
    "name": "flesh",
    "sym": "#",
    "spawns": { "group": "GROUP_FF_INSIDE", "population": [ 1, 3 ], "chance": 20 },
    "color": "red",
    "see_cost": 10
  },
  {
    "id": "flesh_forest_bot3_7",
    "type": "overmap_terrain",
    "name": "flesh",
    "sym": "#",
    "spawns": { "group": "GROUP_FF_INSIDE", "population": [ 1, 3 ], "chance": 20 },
    "color": "red",
    "see_cost": 10
  },
  {
    "id": "flesh_forest_bot3_8",
    "type": "overmap_terrain",
    "name": "flesh",
    "sym": "#",
    "spawns": { "group": "GROUP_FF_INSIDE", "population": [ 1, 3 ], "chance": 20 },
    "color": "red",
    "see_cost": 10
  },
  {
    "id": "flesh_forest_bot3_9",
    "type": "overmap_terrain",
    "name": "flesh",
    "sym": "#",
    "spawns": { "group": "GROUP_FF_INSIDE", "population": [ 1, 3 ], "chance": 20 },
    "color": "red",
    "see_cost": 10
  },
  {
    "id": "flesh_forest_boss_1",
    "type": "overmap_terrain",
    "name": "flesh",
    "sym": "#",
    "spawns": { "group": "GROUP_FF_INSIDE", "population": [ 1, 3 ], "chance": 20 },
    "color": "red",
    "see_cost": 10
  },
  {
    "id": "flesh_forest_boss_2",
    "type": "overmap_terrain",
    "name": "flesh",
    "sym": "#",
    "spawns": { "group": "GROUP_FF_INSIDE", "population": [ 1, 3 ], "chance": 20 },
    "color": "red",
    "see_cost": 10
  },
  {
    "id": "flesh_forest_boss_3",
    "type": "overmap_terrain",
    "name": "flesh",
    "sym": "#",
    "spawns": { "group": "GROUP_FF_INSIDE", "population": [ 1, 3 ], "chance": 20 },
    "color": "red",
    "see_cost": 10
  },
  {
    "id": "flesh_forest_boss_4",
    "type": "overmap_terrain",
    "name": "flesh",
    "sym": "#",
    "spawns": { "group": "GROUP_FF_INSIDE", "population": [ 1, 3 ], "chance": 20 },
    "color": "red",
    "see_cost": 10
  },
  {
    "id": "flesh_forest_boss_5",
    "type": "overmap_terrain",
    "name": "flesh",
    "sym": "#",
    "spawns": { "group": "GROUP_FF_INSIDE", "population": [ 1, 3 ], "chance": 20 },
    "color": "light_red",
    "see_cost": 10
  },
  {
    "id": "flesh_forest_boss_6",
    "type": "overmap_terrain",
    "name": "flesh",
    "sym": "#",
    "spawns": { "group": "GROUP_FF_INSIDE", "population": [ 1, 3 ], "chance": 20 },
    "color": "red",
    "see_cost": 10
  },
  {
    "id": "flesh_forest_boss_7",
    "type": "overmap_terrain",
    "name": "flesh",
    "sym": "#",
    "spawns": { "group": "GROUP_FF_INSIDE", "population": [ 1, 3 ], "chance": 20 },
    "color": "red",
    "see_cost": 10
  },
  {
    "id": "flesh_forest_boss_8",
    "type": "overmap_terrain",
    "name": "flesh",
    "sym": "#",
    "spawns": { "group": "GROUP_FF_INSIDE", "population": [ 1, 3 ], "chance": 20 },
    "color": "red",
    "see_cost": 10
  },
  {
    "id": "flesh_forest_boss_9",
    "type": "overmap_terrain",
    "name": "flesh",
    "sym": "#",
    "spawns": { "group": "GROUP_FF_INSIDE", "population": [ 1, 3 ], "chance": 20 },
    "color": "red",
    "see_cost": 10
  },
  {
    "type": "overmap_terrain",
    "id": "secro_flesh_city_core",
    "flags": [ "NO_ROTATE" ],
    "name": "flesh tower",
    "spawns": { "group": "GROUP_FLESH_CITY", "chance": 50, "population": [ 50, 100 ] },
    "sym": "┼",
    "color": "red",
    "see_cost": 10
  },
  {
    "type": "overmap_terrain",
    "id": "secro_flesh_city_core_up",
    "flags": [ "NO_ROTATE" ],
    "name": "flesh tower",
    "sym": "⨂",
    "color": "red",
    "see_cost": 10
  },
  {
    "type": "overmap_terrain",
    "id": "secro_flesh_city_core_upper",
    "flags": [ "NO_ROTATE" ],
    "name": "flesh tower",
    "sym": "⨂",
    "color": "red",
    "see_cost": 10
  },
  {
    "type": "overmap_terrain",
    "id": "secro_flesh_city_core_uppest",
    "flags": [ "NO_ROTATE" ],
    "name": "flesh tower",
    "sym": "⨀",
    "color": "light_red",
    "see_cost": 10
  },
  {
    "type": "overmap_terrain",
    "id": "secro_flesh_city_core_uppest_roof",
    "flags": [ "NO_ROTATE" ],
    "name": "flesh tower",
    "sym": "⨀",
    "color": "red",
    "see_cost": 10
  },
  {
    "id": "secro_flesh_city_edge",
    "flags": [ "NO_ROTATE" ],
    "type": "overmap_terrain",
    "name": "field",
    "spawns": { "group": "GROUP_FLESH_CITY", "chance": 50, "population": [ 5, 10 ] },
    "sym": ".",
    "color": "brown",
    "see_cost": 10
  },
  {
    "type": "overmap_terrain",
    "id": "secro_road_connect_flesh",
    "copy-from": "generic_transportation",
    "flags": [ "NO_ROTATE" ],
    "name": "fleshed road",
    "spawns": { "group": "GROUP_FLESH_CITY", "chance": 50, "population": [ 25, 50 ] },
    "sym": "─",
    "color": "red",
    "see_cost": 10
  },
  {
    "note": "The buildings in Flesh City does not show their original symbols, rendering them unknown from the overmap (but at the center of the city is sure to be the commercial structures)",
    "type": "overmap_terrain",
    "id": "s_house_flesh",
    "name": "fleshed structure",
    "spawns": { "group": "GROUP_FLESH_CITY", "chance": 50, "population": [ 50, 100 ] },
    "sym": "⨳",
    "color": "red_red",
    "see_cost": 10,
    "extras": "build",
    "mondensity": 2,
    "flags": [ "SIDEWALK", "GENERIC_LOOT" ]
  },
  {
    "type": "overmap_terrain",
    "id": "s_park_flesh",
    "name": "fleshed structure",
    "spawns": { "group": "GROUP_FLESH_CITY", "chance": 50, "population": [ 50, 100 ] },
    "sym": "⨳",
    "color": "red_red",
    "see_cost": 10,
    "extras": "build",
    "mondensity": 3,
    "flags": [ "SIDEWALK", "GENERIC_LOOT" ]
  },
  {
    "type": "overmap_terrain",
    "id": "s_shop_flesh",
    "name": "fleshed structure",
    "spawns": { "group": "GROUP_FLESH_CITY", "chance": 50, "population": [ 50, 100 ] },
    "sym": "⨳",
    "color": "red_red",
    "see_cost": 10,
    "extras": "build",
    "mondensity": 3,
    "flags": [ "SIDEWALK", "GENERIC_LOOT" ]
  },
  {
    "type": "overmap_terrain",
    "id": "secro_road_updown_flesh",
    "copy-from": "generic_transportation",
    "flags": [ "NO_ROTATE" ],
    "name": "fleshed road",
    "spawns": { "group": "GROUP_FLESH_CITY", "chance": 50, "population": [ 25, 50 ] },
    "sym": "│",
    "color": "red",
    "see_cost": 10
  },
  {
    "type": "overmap_terrain",
    "id": "secro_road_leftright_flesh",
    "copy-from": "generic_transportation",
    "flags": [ "NO_ROTATE" ],
    "name": "fleshed road",
    "spawns": { "group": "GROUP_FLESH_CITY", "chance": 50, "population": [ 25, 50 ] },
    "sym": "─",
    "color": "red",
    "see_cost": 10
  },
  {
    "type": "overmap_terrain",
    "id": "secro_road_4d_flesh",
    "copy-from": "generic_transportation",
    "flags": [ "NO_ROTATE" ],
    "name": "fleshed road",
    "spawns": { "group": "GROUP_FLESH_CITY", "chance": 50, "population": [ 25, 50 ] },
    "sym": "┼",
    "color": "red",
    "see_cost": 10
  },
  {
    "type": "overmap_terrain",
    "id": "secro_road_updown_sidewalk_flesh",
    "copy-from": "generic_transportation",
    "flags": [ "NO_ROTATE" ],
    "name": "fleshed road",
    "spawns": { "group": "GROUP_FLESH_CITY", "chance": 50, "population": [ 25, 50 ] },
    "sym": "│",
    "color": "red",
    "see_cost": 10
  },
  {
    "type": "overmap_terrain",
    "id": "secro_road_leftright_sidewalk_flesh",
    "copy-from": "generic_transportation",
    "flags": [ "NO_ROTATE" ],
    "name": "fleshed road",
    "spawns": { "group": "GROUP_FLESH_CITY", "chance": 50, "population": [ 25, 50 ] },
    "sym": "─",
    "color": "red",
    "see_cost": 10
  },
  {
    "type": "overmap_terrain",
    "id": "secro_road_verti_end_flesh",
    "copy-from": "generic_transportation",
    "name": "fleshed road",
    "spawns": { "group": "GROUP_FLESH_CITY", "chance": 50, "population": [ 25, 50 ] },
    "sym": "│",
    "color": "red",
    "see_cost": 10
  },
  {
    "type": "overmap_terrain",
    "id": "secro_road_hori_end_flesh",
    "copy-from": "generic_transportation",
    "name": "fleshed road",
    "spawns": { "group": "GROUP_FLESH_CITY", "chance": 50, "population": [ 25, 50 ] },
    "sym": "─",
    "color": "red",
    "see_cost": 10
  },
  {
    "type": "overmap_terrain",
    "id": "secro_road_tee_lru_flesh",
    "copy-from": "generic_transportation",
    "flags": [ "NO_ROTATE" ],
    "name": "fleshed road",
    "spawns": { "group": "GROUP_FLESH_CITY", "chance": 50, "population": [ 25, 50 ] },
    "sym": "┴",
    "color": "red",
    "see_cost": 10
  },
  {
    "type": "overmap_terrain",
    "id": "secro_road_tee_lrd_flesh",
    "copy-from": "generic_transportation",
    "flags": [ "NO_ROTATE" ],
    "name": "fleshed road",
    "spawns": { "group": "GROUP_FLESH_CITY", "chance": 50, "population": [ 25, 50 ] },
    "sym": "┬",
    "color": "red",
    "see_cost": 10
  },
  {
    "type": "overmap_terrain",
    "id": "secro_road_tee_lud_flesh",
    "copy-from": "generic_transportation",
    "flags": [ "NO_ROTATE" ],
    "name": "fleshed road",
    "spawns": { "group": "GROUP_FLESH_CITY", "chance": 50, "population": [ 25, 50 ] },
    "sym": "┤",
    "color": "red",
    "see_cost": 10
  },
  {
    "type": "overmap_terrain",
    "id": "secro_road_tee_rud_flesh",
    "copy-from": "generic_transportation",
    "flags": [ "NO_ROTATE" ],
    "name": "fleshed road",
    "spawns": { "group": "GROUP_FLESH_CITY", "chance": 50, "population": [ 25, 50 ] },
    "sym": "├",
    "color": "red",
    "see_cost": 10
  },
  {
    "type": "overmap_terrain",
    "id": "secro_road_curve_ru_flesh",
    "copy-from": "generic_transportation",
    "flags": [ "NO_ROTATE" ],
    "name": "fleshed road",
    "spawns": { "group": "GROUP_FLESH_CITY", "chance": 50, "population": [ 25, 50 ] },
    "sym": "└",
    "color": "red",
    "see_cost": 10
  },
  {
    "type": "overmap_terrain",
    "id": "secro_road_curve_lu_flesh",
    "copy-from": "generic_transportation",
    "flags": [ "NO_ROTATE" ],
    "name": "fleshed road",
    "spawns": { "group": "GROUP_FLESH_CITY", "chance": 50, "population": [ 25, 50 ] },
    "sym": "┘",
    "color": "red",
    "see_cost": 10
  },
  {
    "type": "overmap_terrain",
    "id": "secro_road_curve_rd_flesh",
    "copy-from": "generic_transportation",
    "flags": [ "NO_ROTATE" ],
    "name": "fleshed road",
    "spawns": { "group": "GROUP_FLESH_CITY", "chance": 50, "population": [ 25, 50 ] },
    "sym": "┌",
    "color": "red",
    "see_cost": 10
  },
  {
    "type": "overmap_terrain",
    "id": "secro_road_curve_ld_flesh",
    "copy-from": "generic_transportation",
    "flags": [ "NO_ROTATE" ],
    "name": "fleshed road",
    "spawns": { "group": "GROUP_FLESH_CITY", "chance": 50, "population": [ 25, 50 ] },
    "sym": "┐",
    "color": "red",
    "see_cost": 10
  },
  {
    "type": "overmap_terrain",
    "id": "SecronomSSBunker",
    "name": "secronom bunker",
    "sym": "L",
    "color": "dark_gray",
    "see_cost": 5
  },
  {
    "type": "overmap_terrain",
    "id": "SecronomSSBunker_connect_straight",
    "name": "underground secronom lab",
    "sym": "◈",
    "color": "light_gray",
    "see_cost": 5
  },
  {
    "type": "overmap_terrain",
    "id": "SecronomSSBunker_connect_straight_rd",
    "name": "underground secronom lab",
    "sym": "◈",
    "color": "light_gray",
    "see_cost": 5
  },
  {
    "type": "overmap_terrain",
    "id": "SecronomSSBunker_connect_straight_ru",
    "name": "underground secronom lab",
    "sym": "◈",
    "color": "light_gray",
    "see_cost": 5
  },
  {
    "type": "overmap_terrain",
    "id": "SecronomSSBunker_connect_curve",
    "name": "underground secronom lab",
    "sym": "◈",
    "color": "light_gray",
    "see_cost": 5
  },
  {
    "type": "overmap_terrain",
    "id": "SecronomSSBunker_ladder",
    "name": "underground secronom lab",
    "sym": "◈",
    "color": "light_gray",
    "see_cost": 5
  },
  {
    "id": "SecronomSSBunker_escape",
    "type": "overmap_terrain",
    "name": "field",
    "sym": ".",
    "color": "brown",
    "see_cost": 2
  },
  {
    "type": "overmap_terrain",
    "id": "SecronomSSLab_enigmaspecs",
    "name": "underground secronom lab",
    "sym": "L",
    "color": "light_gray",
    "flags": ["NO_ROTATE"],
    "see_cost": 5
  },
  {
    "id": "vector_forest_curve",
    "type": "overmap_terrain",
    "name": "forest",
    "sym": "F",
    "color": "green",
    "spawns": { "group": "GROUP_VECTOR_BIOME", "population": [ 1, 2 ] },
    "see_cost": 10
  },
  {
    "id": "vector_forest_edge",
    "type": "overmap_terrain",
    "name": "forest",
    "sym": "F",
    "color": "green",
    "spawns": { "group": "GROUP_VECTOR_BIOME", "population": [ 1, 2 ] },
    "see_cost": 10
  },
  {
    "id": "vector_forest_center",
    "type": "overmap_terrain",
    "name": "forest",
    "sym": "F",
    "color": "green",
    "spawns": { "group": "GROUP_VECTOR_BIOME", "population": [ 1, 2 ] },
    "see_cost": 10
  },
  {
    "id": "carrion_forest",
    "type": "overmap_terrain",
    "name": "forest",
    "sym": "F",
    "color": "green",
    "see_cost": 10
  },
  {
    "id": "fleshweaver_spawn",
    "type": "overmap_terrain",
    "name": "forest",
    "sym": "F",
    "color": "green",
    "see_cost": 10
  },
  {
    "type": "overmap_terrain",
    "id": "secro_bunker_flesh",
    "name": "military bunker",
    "sym": "B",
    "color": "red",
    "see_cost": 2,
    "flags": [ "KNOWN_DOWN", "RISK_HIGH", "SOURCE_WEAPON", "SOURCE_AMMO" ]
  },
  {
    "type": "overmap_terrain",
    "id": "secro_bunker_basement_flesh",
    "name": "military bunker",
    "sym": "B",
    "color": "red",
    "see_cost": 2,
    "flags": [ "KNOWN_UP", "NO_ROTATE", "RISK_HIGH", "SOURCE_WEAPON", "SOURCE_AMMO" ]
  },
  {
    "type": "overmap_terrain",
    "id": "secro_bunker_basement_fvvault_flesh",
    "name": "military bunker",
    "sym": "B",
    "color": "red",
    "see_cost": 2,
    "flags": [ "KNOWN_UP", "NO_ROTATE", "RISK_HIGH", "SOURCE_WEAPON", "SOURCE_AMMO" ]
  },
  {
    "type": "overmap_terrain",
    "id": "secro_fleshcamp_start_wall_lluu",
    "name": "flesh wall",
    "sym": "┌",
    "color": "red",
    "flags": ["NO_ROTATE"],
    "see_cost": 10
  },
  {
    "type": "overmap_terrain",
    "id": "secro_fleshcamp_start_wall_luu",
    "name": "flesh wall",
    "sym": "─",
    "color": "red",
    "flags": ["NO_ROTATE"],
    "see_cost": 10
  },
  {
    "type": "overmap_terrain",
    "id": "secro_fleshcamp_start_wall_uu",
    "name": "flesh wall",
    "sym": "┈",
    "color": "red",
    "flags": ["NO_ROTATE"],
    "see_cost": 10
  },
  {
    "type": "overmap_terrain",
    "id": "secro_fleshcamp_start_wall_uur",
    "name": "flesh wall",
    "sym": "─",
    "color": "red",
    "flags": ["NO_ROTATE"],
    "see_cost": 10
  },
  {
    "type": "overmap_terrain",
    "id": "secro_fleshcamp_start_wall_uurr",
    "name": "flesh wall",
    "sym": "┐",
    "color": "red",
    "flags": ["NO_ROTATE"],
    "see_cost": 10
  },
  {
    "type": "overmap_terrain",
    "id": "secro_fleshcamp_start_wall_urr",
    "name": "flesh wall",
    "sym": "│",
    "color": "red",
    "flags": ["NO_ROTATE"],
    "see_cost": 10
  },
  {
    "type": "overmap_terrain",
    "id": "secro_fleshcamp_start_wall_rr",
    "name": "flesh wall",
    "sym": "┊",
    "color": "red",
    "flags": ["NO_ROTATE"],
    "see_cost": 10
  },
  {
    "type": "overmap_terrain",
    "id": "secro_fleshcamp_start_wall_rrd",
    "name": "flesh wall",
    "sym": "│",
    "color": "red",
    "flags": ["NO_ROTATE"],
    "see_cost": 10
  },
  {
    "type": "overmap_terrain",
    "id": "secro_fleshcamp_start_wall_rrdd",
    "name": "flesh wall",
    "sym": "┘",
    "color": "red",
    "flags": ["NO_ROTATE"],
    "see_cost": 10
  },
  {
    "type": "overmap_terrain",
    "id": "secro_fleshcamp_start_wall_rdd",
    "name": "flesh wall",
    "sym": "─",
    "color": "red",
    "flags": ["NO_ROTATE"],
    "see_cost": 10
  },
  {
    "type": "overmap_terrain",
    "id": "secro_fleshcamp_start_wall_dd",
    "name": "flesh wall",
    "sym": "┈",
    "color": "red",
    "flags": ["NO_ROTATE"],
    "see_cost": 10
  },
  {
    "type": "overmap_terrain",
    "id": "secro_fleshcamp_start_wall_ddl",
    "name": "flesh wall",
    "sym": "─",
    "color": "red",
    "flags": ["NO_ROTATE"],
    "see_cost": 10
  },
  {
    "type": "overmap_terrain",
    "id": "secro_fleshcamp_start_wall_ddll",
    "name": "flesh wall",
    "sym": "└",
    "color": "red",
    "flags": ["NO_ROTATE"],
    "see_cost": 10
  },
  {
    "type": "overmap_terrain",
    "id": "secro_fleshcamp_start_wall_dll",
    "name": "flesh wall",
    "sym": "│",
    "color": "red",
    "flags": ["NO_ROTATE"],
    "see_cost": 10
  },
  {
    "type": "overmap_terrain",
    "id": "secro_fleshcamp_start_wall_ll",
    "name": "flesh wall",
    "sym": "┊",
    "color": "red",
    "flags": ["NO_ROTATE"],
    "see_cost": 10
  },
  {
    "type": "overmap_terrain",
    "id": "secro_fleshcamp_start_wall_llu",
    "name": "flesh wall",
    "sym": "│",
    "color": "red",
    "flags": ["NO_ROTATE"],
    "see_cost": 10
  }
]
