[
  {
    "id": "SECRO_FLESH_SPAWN_ARTIFICE_main",
    "type": "talk_topic",
    "dynamic_line": "*readies its weavers as it waits for your command.",
    "responses": [
      { "text": "I want you to craft something…", "topic": "SECRO_FLESH_SPAWN_ARTIFICE_craft" },
      { "text": "About your augmentations…", "topic": "SECRO_FLESH_SPAWN_ARTIFICE_upgrade" },
      { "text": "Elaborate your service.", "topic": "SECRO_FLESH_SPAWN_ARTIFICE_job" },
      { "text": "Leave it.", "topic": "TALK_DONE" }
    ]
  },
  {
    "id": "SECRO_FLESH_SPAWN_ARTIFICE_job",
    "type": "talk_topic",
    "dynamic_line": "*taps you with its weaving tendril:\nThe artifice creates an object using organic compounds such as meat and creature cores, and flesh being the main ingredient. You will have to give all ingredients to the artifice and it will produce the selected item in an instant. It is not capable of creating certain items from the start, but several augmentations will eventually allow it to perform complex crafts.",
    "responses": [ { "text": "Okay.", "topic": "SECRO_FLESH_SPAWN_ARTIFICE_main" } ]
  },
  {
    "id": "SECRO_FLESH_SPAWN_ARTIFICE_upgrade",
    "type": "talk_topic",
    "dynamic_line": {
      "and": [
        "*stretches its weaving tendril towards you.",
        {
          "npc_has_effect": "secro_flesh_artifice_upgrade_weaver_max",
          "no": {
            "npc_has_trait": "SECRONOM_FLESH_SPAWN_ARTIFICE_weaver1",
            "no": "\n\n*75 flesh\n> Stronger Weavers\nStronger sets of weavers allow the artifice to craft tougher bio-organic materials.",
            "yes": {
              "npc_has_trait": "SECRONOM_FLESH_SPAWN_ARTIFICE_weaver2",
              "no": "\n\n*175 flesh\n> Advanced Weavers\nSeveral augmented weavers allow the artifice to craft intricate bio-organic materials.",
              "yes": {
                "npc_has_trait": "SECRONOM_FLESH_SPAWN_ARTIFICE_weaver3",
                "no": "\n\n*400 flesh\n> Hivemind Weavers\nArtifice's set of weavers now acts similar to the hivemind, making it capable to craft high-end bio-organic materials."
              }
            }
          }
        }
      ]
    },
    "responses": [
      {
        "text": "[UPGRADE] Stronger Weavers\n*Feed the artifice with flesh*",
        "topic": "SECRO_FLESH_SPAWN_ARTIFICE_upgrade",
        "condition": {
          "and": [
            { "not": { "npc_has_trait": "SECRONOM_FLESH_SPAWN_ARTIFICE_weaver1" } },
            { "u_has_items": { "item": "secro_flesh", "count": 75 } }
          ]
        },
        "effect": [
          { "u_sell_item": "secro_flesh", "count": 75 },
          { "npc_consume_item": "secro_flesh", "count": 75 },
          { "npc_add_trait": "SECRONOM_FLESH_SPAWN_ARTIFICE_weaver1" }
        ]
      },
      {
        "text": "[UPGRADE] Advanced Weavers\n*Feed the artifice with flesh*",
        "topic": "SECRO_FLESH_SPAWN_ARTIFICE_upgrade",
        "condition": {
          "and": [
            { "npc_has_trait": "SECRONOM_FLESH_SPAWN_ARTIFICE_weaver1" },
            { "not": { "npc_has_trait": "SECRONOM_FLESH_SPAWN_ARTIFICE_weaver2" } },
            { "u_has_items": { "item": "secro_flesh", "count": 175 } }
          ]
        },
        "effect": [
          { "u_sell_item": "secro_flesh", "count": 175 },
          { "npc_consume_item": "secro_flesh", "count": 175 },
          { "npc_add_trait": "SECRONOM_FLESH_SPAWN_ARTIFICE_weaver2" }
        ]
      },
      {
        "text": "[UPGRADE] Hivemind Weavers\n*Feed the artifice with flesh*",
        "topic": "SECRO_FLESH_SPAWN_ARTIFICE_upgrade",
        "condition": {
          "and": [
            { "npc_has_trait": "SECRONOM_FLESH_SPAWN_ARTIFICE_weaver2" },
            { "not": { "npc_has_trait": "SECRONOM_FLESH_SPAWN_ARTIFICE_weaver3" } },
            { "u_has_items": { "item": "secro_flesh", "count": 400 } }
          ]
        },
        "effect": [
          { "u_sell_item": "secro_flesh", "count": 400 },
          { "npc_consume_item": "secro_flesh", "count": 400 },
          { "npc_add_trait": "SECRONOM_FLESH_SPAWN_ARTIFICE_weaver3" },
          { "npc_add_effect": "secro_flesh_artifice_upgrade_weaver_max", "duration": "PERMANENT" }
        ]
      },
      { "text": "Later.", "topic": "SECRO_FLESH_SPAWN_ARTIFICE_main" }
    ]
  },
  {
    "id": "SECRO_FLESH_SPAWN_ARTIFICE_craft",
    "type": "talk_topic",
    "dynamic_line": "*needs the type of item you want to craft.",
    "responses": [
      { "text": "Weapons…", "topic": "SECRO_FLESH_SPAWN_ARTIFICE_craft_weapon" },
      { "text": "Vehicle Parts…", "topic": "SECRO_FLESH_SPAWN_ARTIFICE_craft_vp" },
      { "text": "Nevermind.", "topic": "TALK_DONE" }
    ]
  },
  {
    "id": "SECRO_FLESH_SPAWN_ARTIFICE_craft_weapon",
    "type": "talk_topic",
    "dynamic_line": {
      "and": [
        "*taps you with its weaving tendril, which has given you information about its available crafts.\n",
        {
          "npc_has_trait": "SECRONOM_FLESH_SPAWN_ARTIFICE_weaver2",
          "yes": "\n*80 flesh\n*2 core (blade zombie)\n> bio-organic sword"
        }
      ]
    },
    "responses": [
      {
        "text": "[CRAFT] bio-organic sword",
        "topic": "SECRO_FLESH_SPAWN_ARTIFICE_craft_weapon",
        "condition": {
          "and": [
            { "npc_has_trait": "SECRONOM_FLESH_SPAWN_ARTIFICE_weaver1" },
            { "u_has_items": { "item": "secro_flesh", "count": 80 } },
            { "u_has_items": { "item": "secro_flesh_splicer_zombie_blade_ccore", "count": 2 } }
          ]
        },
        "effect": [
          { "u_sell_item": "secro_flesh", "count": 80 },
          { "npc_consume_item": "secro_flesh", "count": 80 },
          { "u_sell_item": "secro_flesh_splicer_zombie_blade_ccore", "count": 2 },
          { "npc_consume_item": "secro_flesh_splicer_zombie_blade_ccore", "count": 2 },
          { "u_buy_item": "secro_flesh_bow_sword" }
        ]
      },
      { "text": "Later.", "topic": "SECRO_FLESH_SPAWN_ARTIFICE_main" }
    ]
  },
  {
    "id": "SECRO_FLESH_SPAWN_ARTIFICE_craft_vp",
    "type": "talk_topic",
    "dynamic_line": {
      "and": [
        "*taps you with its weaving tendril, which has given you information about its available crafts.\n",
        "\n*8 flesh\n> small flesh heap\n",
        { "npc_has_trait": "SECRONOM_FLESH_SPAWN_ARTIFICE_weaver1", "yes": "\n*24 flesh\n> flesh heap\n" },
        { "npc_has_trait": "SECRONOM_FLESH_SPAWN_ARTIFICE_weaver1", "yes": "\n*72 flesh]\n> large flesh heap\n" },
        { "npc_has_trait": "SECRONOM_FLESH_SPAWN_ARTIFICE_weaver2", "yes": "\n*216 flesh\n> ossified flesh heap\n" },
        { "npc_has_trait": "SECRONOM_FLESH_SPAWN_ARTIFICE_weaver1", "yes": "\n*300 flesh\n> flesh frame\n" },
        { "npc_has_trait": "SECRONOM_FLESH_SPAWN_ARTIFICE_weaver2", "yes": "\n*500 flesh\n> hivemind residue\n" },
        { "npc_has_trait": "SECRONOM_FLESH_SPAWN_ARTIFICE_weaver2", "yes": "\n*75 flesh\n> hivemind controls\n" },
        { "npc_has_trait": "SECRONOM_FLESH_SPAWN_ARTIFICE_weaver3", "yes": "\n*800 flesh\n> hivemind core\n" }
      ]
    },
    "responses": [
      {
        "text": "[CRAFT] small flesh heap",
        "topic": "SECRO_FLESH_SPAWN_ARTIFICE_craft_vp",
        "condition": { "u_has_items": { "item": "secro_flesh", "count": 8 } },
        "effect": [
          { "u_sell_item": "secro_flesh", "count": 8 },
          { "npc_consume_item": "secro_flesh", "count": 8 },
          { "u_buy_item": "secro_flesh_plate_small" }
        ]
      },
      {
        "text": "[CRAFT] flesh heap",
        "topic": "SECRO_FLESH_SPAWN_ARTIFICE_craft_vp",
        "condition": {
          "and": [
            { "npc_has_trait": "SECRONOM_FLESH_SPAWN_ARTIFICE_weaver1" },
            { "u_has_items": { "item": "secro_flesh", "count": 24 } }
          ]
        },
        "effect": [
          { "u_sell_item": "secro_flesh", "count": 24 },
          { "npc_consume_item": "secro_flesh", "count": 24 },
          { "u_buy_item": "secro_flesh_plate" }
        ]
      },
      {
        "text": "[CRAFT] large flesh heap",
        "topic": "SECRO_FLESH_SPAWN_ARTIFICE_craft_vp",
        "condition": {
          "and": [
            { "npc_has_trait": "SECRONOM_FLESH_SPAWN_ARTIFICE_weaver1" },
            { "u_has_items": { "item": "secro_flesh", "count": 72 } }
          ]
        },
        "effect": [
          { "u_sell_item": "secro_flesh", "count": 72 },
          { "npc_consume_item": "secro_flesh", "count": 72 },
          { "u_buy_item": "secro_flesh_plate_large" }
        ]
      },
      {
        "text": "[CRAFT] ossified flesh heap",
        "topic": "SECRO_FLESH_SPAWN_ARTIFICE_craft_vp",
        "condition": {
          "and": [
            { "npc_has_trait": "SECRONOM_FLESH_SPAWN_ARTIFICE_weaver2" },
            { "u_has_items": { "item": "secro_flesh", "count": 216 } }
          ]
        },
        "effect": [
          { "u_sell_item": "secro_flesh", "count": 216 },
          { "npc_consume_item": "secro_flesh", "count": 216 },
          { "u_buy_item": "secro_flesh_wheel" }
        ]
      },
      {
        "text": "[CRAFT] flesh frame",
        "topic": "SECRO_FLESH_SPAWN_ARTIFICE_craft_vp",
        "condition": {
          "and": [
            { "npc_has_trait": "SECRONOM_FLESH_SPAWN_ARTIFICE_weaver1" },
            { "u_has_items": { "item": "secro_flesh", "count": 300 } }
          ]
        },
        "effect": [
          { "u_sell_item": "secro_flesh", "count": 300 },
          { "npc_consume_item": "secro_flesh", "count": 300 },
          { "u_buy_item": "secro_flesh_frame" }
        ]
      },
      {
        "text": "[CRAFT] hivemind residue",
        "topic": "SECRO_FLESH_SPAWN_ARTIFICE_craft_vp",
        "condition": {
          "and": [
            { "npc_has_trait": "SECRONOM_FLESH_SPAWN_ARTIFICE_weaver2" },
            { "u_has_items": { "item": "secro_flesh", "count": 500 } }
          ]
        },
        "effect": [
          { "u_sell_item": "secro_flesh", "count": 500 },
          { "npc_consume_item": "secro_flesh", "count": 500 },
          { "u_buy_item": "secro_flesh_fuel_bunker" }
        ]
      },
      {
        "text": "[CRAFT] hivemind controls",
        "topic": "SECRO_FLESH_SPAWN_ARTIFICE_craft_vp",
        "condition": {
          "and": [
            { "npc_has_trait": "SECRONOM_FLESH_SPAWN_ARTIFICE_weaver2" },
            { "u_has_items": { "item": "secro_flesh", "count": 75 } }
          ]
        },
        "effect": [
          { "u_sell_item": "secro_flesh", "count": 75 },
          { "npc_consume_item": "secro_flesh", "count": 75 },
          { "u_buy_item": "secro_vehicle_controls" }
        ]
      },
      {
        "text": "[CRAFT] hivemind core",
        "topic": "SECRO_FLESH_SPAWN_ARTIFICE_craft_vp",
        "condition": {
          "and": [
            { "npc_has_trait": "SECRONOM_FLESH_SPAWN_ARTIFICE_weaver3" },
            { "u_has_items": { "item": "secro_flesh", "count": 800 } }
          ]
        },
        "effect": [
          { "u_sell_item": "secro_flesh", "count": 800 },
          { "npc_consume_item": "secro_flesh", "count": 800 },
          { "u_buy_item": "secro_vehicle_engine" }
        ]
      },
      { "text": "Later.", "topic": "SECRO_FLESH_SPAWN_ARTIFICE_main" }
    ]
  }
]
