[
  {
    "id": "SECRO_FLESH_HIVEMIND_main",
    "type": "talk_topic",
    "dynamic_line": {
      "u_has_effect": "secro_flesh_isadjacent",
      "no": "*responds only when it is adjacent to you.",
      "yes": {
        "npc_at_om_location": "faction_base_camp_0",
        "no": "*must be inside its core!",
        "yes": [
          "*is writhing erractically.",
          "*writhes erractically.",
          "*writhes.",
          "*emits a low, harsh shriek.",
          "*sways a tendril.",
          "*trembles.",
          "glob glob",
          "glob glob"
        ]
      }
    },
    "responses": [
      {
        "text": "I'd like to strengthen you up.",
        "topic": "SECRO_FLESH_HIVEMIND_upgrades",
        "condition": {
          "and": [
            { "u_has_effect": "secro_flesh_campestablished" },
            { "u_has_effect": "secro_flesh_isadjacent" },
            { "not": { "npc_has_effect": "secro_flesh_mobile" } },
            {
              "or": [
                { "npc_at_om_location": "faction_base_camp_0" },
                { "npc_at_om_location": "faction_base_camp_1" },
                { "npc_at_om_location": "faction_base_camp_2" },
                { "npc_at_om_location": "faction_base_camp_3" },
                { "npc_at_om_location": "faction_base_camp_4" },
                { "npc_at_om_location": "faction_base_camp_5" },
                { "npc_at_om_location": "faction_base_camp_6" },
                { "npc_at_om_location": "faction_base_camp_7" },
                { "npc_at_om_location": "faction_base_camp_8" },
                { "npc_at_om_location": "faction_base_camp_9" },
                { "npc_at_om_location": "faction_base_camp_10" },
                { "npc_at_om_location": "faction_base_camp_11" },
                { "npc_at_om_location": "faction_base_camp_12" },
                { "npc_at_om_location": "faction_base_camp_13" },
                { "npc_at_om_location": "faction_base_camp_14" }
              ]
            }
          ]
        }
      },
      {
        "text": "I'd like you to build something.",
        "topic": "SECRO_FLESH_HIVEMIND_build",
        "condition": {
          "and": [
            { "u_has_effect": "secro_flesh_campestablished" },
            { "u_has_effect": "secro_flesh_isadjacent" },
            { "not": { "npc_has_effect": "secro_flesh_mobile" } },
            {
              "or": [
                { "npc_at_om_location": "faction_base_camp_0" },
                { "npc_at_om_location": "faction_base_camp_1" },
                { "npc_at_om_location": "faction_base_camp_2" },
                { "npc_at_om_location": "faction_base_camp_3" },
                { "npc_at_om_location": "faction_base_camp_4" },
                { "npc_at_om_location": "faction_base_camp_5" },
                { "npc_at_om_location": "faction_base_camp_6" },
                { "npc_at_om_location": "faction_base_camp_7" },
                { "npc_at_om_location": "faction_base_camp_8" },
                { "npc_at_om_location": "faction_base_camp_9" },
                { "npc_at_om_location": "faction_base_camp_10" },
                { "npc_at_om_location": "faction_base_camp_11" },
                { "npc_at_om_location": "faction_base_camp_12" },
                { "npc_at_om_location": "faction_base_camp_13" },
                { "npc_at_om_location": "faction_base_camp_14" }
              ]
            },
            { "npc_has_trait": "SECRONOM_FLESH_BIO_construction" }
          ]
        }
      },
      {
        "text": "I'd like you to build something.",
        "topic": "SECRO_FLESH_HIVEMIND_build",
        "condition": {
          "and": [
            { "u_has_effect": "secro_flesh_campestablished" },
            { "u_has_effect": "secro_flesh_isadjacent" },
            { "not": { "npc_has_effect": "secro_flesh_mobile" } },
            {
              "or": [
                { "npc_at_om_location": "faction_base_camp_0" },
                { "npc_at_om_location": "faction_base_camp_1" },
                { "npc_at_om_location": "faction_base_camp_2" },
                { "npc_at_om_location": "faction_base_camp_3" },
                { "npc_at_om_location": "faction_base_camp_4" },
                { "npc_at_om_location": "faction_base_camp_5" },
                { "npc_at_om_location": "faction_base_camp_6" },
                { "npc_at_om_location": "faction_base_camp_7" },
                { "npc_at_om_location": "faction_base_camp_8" },
                { "npc_at_om_location": "faction_base_camp_9" },
                { "npc_at_om_location": "faction_base_camp_10" },
                { "npc_at_om_location": "faction_base_camp_11" },
                { "npc_at_om_location": "faction_base_camp_12" },
                { "npc_at_om_location": "faction_base_camp_13" },
                { "npc_at_om_location": "faction_base_camp_14" }
              ]
            },
            { "npc_has_trait": "SECRONOM_FLESH_BIO_construction_advance" }
          ]
        }
      },
      {
        "text": "About your services...",
        "topic": "SECRO_FLESH_HIVEMIND_service",
        "condition": {
          "and": [
            { "u_has_effect": "secro_flesh_campestablished" },
            { "u_has_effect": "secro_flesh_isadjacent" },
            { "not": { "npc_has_effect": "secro_flesh_mobile" } },
            {
              "or": [
                { "npc_at_om_location": "faction_base_camp_0" },
                { "npc_at_om_location": "faction_base_camp_1" },
                { "npc_at_om_location": "faction_base_camp_2" },
                { "npc_at_om_location": "faction_base_camp_3" },
                { "npc_at_om_location": "faction_base_camp_4" },
                { "npc_at_om_location": "faction_base_camp_5" },
                { "npc_at_om_location": "faction_base_camp_6" },
                { "npc_at_om_location": "faction_base_camp_7" },
                { "npc_at_om_location": "faction_base_camp_8" },
                { "npc_at_om_location": "faction_base_camp_9" },
                { "npc_at_om_location": "faction_base_camp_10" },
                { "npc_at_om_location": "faction_base_camp_11" },
                { "npc_at_om_location": "faction_base_camp_12" },
                { "npc_at_om_location": "faction_base_camp_13" },
                { "npc_at_om_location": "faction_base_camp_14" }
              ]
            },
            { "npc_has_effect": "secro_flesh_built_room_meatfarm" }
          ]
        }
      },
      {
        "text": "I will guide you back to the core.",
        "topic": "SECRO_FLESH_HIVEMIND_nocamp",
        "condition": {
          "and": [
            { "u_has_effect": "secro_flesh_campestablished" },
            { "u_has_effect": "secro_flesh_isadjacent" },
            { "not": { "npc_has_effect": "secro_flesh_mobile" } },
            {
              "not": {
                "or": [
                  { "npc_at_om_location": "faction_base_camp_0" },
                  { "npc_at_om_location": "faction_base_camp_1" },
                  { "npc_at_om_location": "faction_base_camp_2" },
                  { "npc_at_om_location": "faction_base_camp_3" },
                  { "npc_at_om_location": "faction_base_camp_4" },
                  { "npc_at_om_location": "faction_base_camp_5" },
                  { "npc_at_om_location": "faction_base_camp_6" },
                  { "npc_at_om_location": "faction_base_camp_7" },
                  { "npc_at_om_location": "faction_base_camp_8" },
                  { "npc_at_om_location": "faction_base_camp_9" },
                  { "npc_at_om_location": "faction_base_camp_10" },
                  { "npc_at_om_location": "faction_base_camp_11" },
                  { "npc_at_om_location": "faction_base_camp_12" },
                  { "npc_at_om_location": "faction_base_camp_13" },
                  { "npc_at_om_location": "faction_base_camp_14" }
                ]
              }
            }
          ]
        },
        "effect": [
          { "npc_lose_trait": "SECRONOM_FLESH_BIO" },
          { "npc_add_trait": "SECRONOM_FLESH_BIO_mobile" },
          { "npc_add_effect": "secro_flesh_mobile", "duration": "PERMANENT" },
          "follow_only"
        ]
      },
      {
        "text": "Here you are.",
        "topic": "SECRO_FLESH_HIVEMIND_yescamp",
        "condition": {
          "and": [
            { "u_has_effect": "secro_flesh_campestablished" },
            { "u_has_effect": "secro_flesh_isadjacent" },
            { "npc_has_effect": "secro_flesh_mobile" },
            {
              "or": [
                { "npc_at_om_location": "faction_base_camp_0" },
                { "npc_at_om_location": "faction_base_camp_1" },
                { "npc_at_om_location": "faction_base_camp_2" },
                { "npc_at_om_location": "faction_base_camp_3" },
                { "npc_at_om_location": "faction_base_camp_4" },
                { "npc_at_om_location": "faction_base_camp_5" },
                { "npc_at_om_location": "faction_base_camp_6" },
                { "npc_at_om_location": "faction_base_camp_7" },
                { "npc_at_om_location": "faction_base_camp_8" },
                { "npc_at_om_location": "faction_base_camp_9" },
                { "npc_at_om_location": "faction_base_camp_10" },
                { "npc_at_om_location": "faction_base_camp_11" },
                { "npc_at_om_location": "faction_base_camp_12" },
                { "npc_at_om_location": "faction_base_camp_13" },
                { "npc_at_om_location": "faction_base_camp_14" }
              ]
            }
          ]
        },
        "effect": [
          { "npc_add_trait": "SECRONOM_FLESH_BIO" },
          { "npc_lose_trait": "SECRONOM_FLESH_BIO_mobile" },
          { "npc_lose_effect": "secro_flesh_mobile" },
          "stop_following"
        ]
      },
      { "text": "Leave it.", "topic": "TALK_DONE" }
    ]
  },
  {
    "id": "SECRO_FLESH_HIVEMIND_nocamp",
    "type": "talk_topic",
    "dynamic_line": "*detaches itself from the ground. It must quickly reattach to the core, as in this state, its body slowly deteriorates\u2026",
    "responses": [ { "text": "Okay.", "topic": "TALK_DONE" } ]
  },
  {
    "id": "SECRO_FLESH_HIVEMIND_yescamp",
    "type": "talk_topic",
    "dynamic_line": "*stretches its tendrils and pierced them through the ground. The core pulses in velvety streaks, as it takes control of the camp once again.",
    "responses": [ { "text": "Okay...", "topic": "TALK_DONE" } ]
  }
]
