[
  {
    "id": "secro_recipe_flesh",
    "type": "BOOK",
    "name": {
      "str": "Secronom Project \"Flesh\": Research Results",
      "str_pl": "copies of Secronom Project \"Flesh\": Research Results"
    },
    "description": "This binder of highly technical papers describe the recent findings to multiple tests involving the flesh.  It's stamped \"APPROVED\"…",
    "weight": "1433 g",
    "volume": "1250 ml",
    "price": 50000,
    "price_postapoc": 1800,
    "bashing": 5,
    "material": [ "paper", "plastic" ],
    "symbol": "?",
    "color": "light_red",
    "skill": "cooking",
    "required_level": 6,
    "max_level": 7,
    "intelligence": 13,
    "time": "25 m",
    "fun": -1
  },
  {
    "id": "secro_recipe_flesh_field",
    "type": "BOOK",
    "name": {
      "str": "Secronom Project \"Flesh\": Field Research",
      "str_pl": "copies of Secronom Project \"Flesh\": Field Research"
    },
    "description": "This binder of highly technical papers describe the wearer's protocol in wearing the bio-organic power armor, with a simple demonstration in forming its \"food\".",
    "weight": "223 g",
    "volume": "455 ml",
    "price": 500,
    "price_postapoc": 50,
    "bashing": 1,
    "material": [ "paper", "plastic" ],
    "symbol": "?",
    "color": "light_red",
    "skill": "cooking",
    "required_level": 1,
    "max_level": 1,
    "intelligence": 10,
    "time": "10 m",
    "fun": -1
  }
]