[
  {
    "id": "secro_flesh",
    "name": "flesh",
    "default": "secro_flesh",
    "type": "ammunition_type"
  },
  {
    "id": "secro_flesh_boneneedle",
    "name": "bone needle",
    "default": "secro_flesh_boneneedle",
    "type": "ammunition_type"
  },
  {
    "type": "AMMO",
    "id": "secro_flesh",
    "category": "spare_parts",
    "price": 10,
    "price_postapoc": 100,
    "name": { "str": "flesh", "str_pl": "fleshes" },
    "symbol": "=",
    "color": "red",
    "description": "A throbbing, seemingly alive slab of meat. Has many uses for bio-organics.",
    "material": "flesh",
    "phase": "solid",
    "volume": "250 ml",
    "weight": "90 g",
    "ammo_type": "secro_flesh",
    "count": 25,
    "stack_size": 25,
    "fuel": { "energy": 75 }
  },
  {
    "type": "AMMO",
    "id": "secro_flesh_boneneedle",
    "price": 0,
    "price_postapoc": 0,
    "name": { "str": "<color_light_blue>gunner creation</color> - bone needle" },
    "symbol": "=",
    "color": "red",
    "description": "Formed using the flesh's versatile cell reconstruction. This bio-organic needle is tipped with a sharp end that can easily pierce through flesh and mildly-armoured targets.",
    "material": "bone",
    "volume": "80ml",
    "weight": "3 g",
    "ammo_type": "secro_flesh_boneneedle",
    "damage": { "damage_type": "stab", "amount": 8 },
    "dispersion": 100,
    "count": 20,
    "stack_size": 20,
    "loudness": 2,
    "effects": [ "NOGIB", "NEVER_MISFIRES", "NON-FOULING" ]
  },
  {
    "id": "secro_flesh_container_devices",
    "type": "MAGAZINE",
    "category": "spare_parts",
    "name": { "str": "flesh pouch" },
    "description": "A small orifice with small residue for storage. Usually located on small bio-organic devices.",
    "weight": "190 g",
    "volume": "430 ml",
    "price": 1,
    "price_postapoc": 1,
    "material": [ "flesh" ],
    "symbol": "%",
    "color": "light_red",
    "ammo_type": "secro_flesh",
    "capacity": 10,
    "flags": [ "NO_SALVAGE", "NO_UNLOAD" ]
  },
  {
    "id": "secro_flesh_container",
    "type": "MAGAZINE",
    "category": "spare_parts",
    "name": { "str": "flesh residue" },
    "description": "A some sort of pouched orifice that consumes a special type of flesh. Unifies permanently to a flesh vessel.",
    "weight": "190 g",
    "volume": "430 ml",
    "price": 1,
    "price_postapoc": 1,
    "material": [ "flesh" ],
    "symbol": "%",
    "color": "light_red",
    "ammo_type": "secro_flesh",
    "capacity": 100,
    "flags": [ "NO_SALVAGE", "NO_UNLOAD" ]
  },
  {
    "id": "secro_flesh_container_pathogen",
    "type": "MAGAZINE",
    "category": "spare_parts",
    "name": { "str": "massive flesh residue" },
    "description": "A massive pouched orifice that consumes a special type of flesh. Unifies permanently to a certain flesh vessel.",
    "weight": "3200 g",
    "volume": "5530 ml",
    "price": 1,
    "price_postapoc": 1,
    "material": [ "flesh" ],
    "symbol": "%",
    "color": "light_red",
    "ammo_type": "secro_flesh",
    "capacity": 1000,
    "flags": [ "NO_SALVAGE", "NO_UNLOAD" ]
  },
  {
    "id": "secro_power_armor_battery",
    "type": "MAGAZINE",
    "category": "spare_parts",
    "name": { "str": "Secronom module UPS", "str_pl": "Secronom module UPS" },
    "description": "A UPS with an extremely high-capacity battery specially designed to be used for all Secronom module implant types.",
    "weight": "1300 g",
    "volume": "2425 ml",
    "price": 30000,
    "price_postapoc": 21000,
    "material": [ "iron", "plastic" ],
    "symbol": "=",
    "color": "cyan",
    "ammo_type": "battery",
    "capacity": 2000,
    "looks_like": "battery",
    "flags": [ "NO_SALVAGE", "NO_UNLOAD", "RECHARGE" ]
  }
]
