[{
    "id": "secro_flesh_bow_sword",
    "type": "GENERIC",
    "symbol": "/",
    "color": "red",
    "name": { "str": "bio-organic sword" },
    "description": "A large bio-organic weapon with a sharp, calcified edge and hilt consisting of membranous vein webbings.",
    "price": 0,
    "price_postapoc": 0,
    "to_hit": 3,
    "material": [ "flesh", "bone" ],
    "flags": [ "DURABLE_MELEE", "SHEATH_SWORD" ],
    "techniques": [ "WBLOCK_1", "WIDE", "BRUTAL" ],
    "weight": "2230 g",
    "volume": "2965 ml",
    "bashing": 6,
    "cutting": 28,
    "qualities": [ [ "COOK", 1 ], [ "BUTCHER", 10 ] ]
  },
  {
    "id": "secro_flesh_bow_sword_mod_blade",
    "copy_from": "secro_flesh_bow_sword",
    "type": "GENERIC",
    "symbol": "/",
    "color": "light_red_white",
    "name": { "str": "bio-organic sword<color_light_green>+</color>", "str_pl": "bio-organic swords<color_light_green>+</color>" },
    "description": "A large bio-organic weapon with a sharp, calcified edge and hilt consisting of membranous vein webbings.\n\nIt has <color_light_green>core</color> (blade zombie) in its mod slot, providing:\n<color_white>Cutting damage: <color_light_green>+30%</color></color>",
    "price": 0,
    "price_postapoc": 0,
    "to_hit": 3,
    "material": [ "flesh", "bone" ],
    "flags": [ "DURABLE_MELEE", "SHEATH_SWORD" ],
    "techniques": [ "WBLOCK_1", "WIDE", "BRUTAL" ],
    "weight": "2230 g",
    "volume": "2965 ml",
    "bashing": 6,
    "cutting": 36,
    "qualities": [ [ "COOK", 1 ], [ "BUTCHER", 14 ] ]
  },
  {
    "id": "secro_flesh_bow_sword_mod_tendril",
    "type": "GENERIC",
    "symbol": "/",
    "color": "light_red_green",
    "name": { "str": "bio-organic sword<color_light_green>+</color>", "str_pl": "bio-organic swords<color_light_green>+</color>" },
    "description": "A large bio-organic weapon with a sharp, calcified edge and hilt consisting of membranous vein webbings.\n\nIt has <color_light_green>core</color> (tendril zombie) in its mod slot, providing:\n<color_white>* Bonus on-hit attacks.</color>",
    "price": 0,
    "price_postapoc": 0,
    "to_hit": 3,
    "material": [ "flesh", "bone" ],
    "flags": [ "DURABLE_MELEE", "SHEATH_SWORD" ],
    "techniques": [ "WBLOCK_1", "WIDE", "BRUTAL" ],
    "weight": "2230 g",
    "volume": "2965 ml",
    "bashing": 6,
    "cutting": 28,
    "qualities": [ [ "COOK", 1 ], [ "BUTCHER", 10 ] ],
    "relic_data": {
      "passive_effects": [
        {
          "has": "WIELD",
          "condition": "ALWAYS",
          "hit_you_effect": [
   	     {
     	   "id": "secro_flesh_mod_tendril_ench_target",
      	  "hit_self": false,
      	  "once_in": 10,
      	  "message": "Your weapon's tendrils sweep into the vicinity!",
      	  "npc_message": "%1$s's weapon sweeps its tendrils!"
     	   },
    	    {
     	   "id": "secro_flesh_mod_tendril_ench_slam",
      	  "hit_self": false,
      	  "once_in": 20,
      	  "message": "Your weapon's tendrils slams into %2$s!",
      	  "npc_message": "%1$s's weapon slams its tendrils!"
     	   },
     	   {
     	   "id": "secro_flesh_mod_tendril_ench_thrust",
      	  "hit_self": false,
      	  "once_in": 40,
      	  "message": "Your weapon's tendrils pierced through %2$s!",
      	  "npc_message": "%1$s's weapon pierced its tendrils!"
     	   }
   	   ]
        }
      ]
    }
  }
]