[
  {
    "id": "secro_flesh_camp_bed_mark",
    "type": "TOOL",
    "name": { "str": "<color_pink>[MARK]</color> flesh bed" },
    "description": "Activate to set a mark and the hivemind will build the furniture on that spot. Marked spot must be near the hivemind's core.",
    "weight": "0 g",
    "volume": "0 ml",
    "price": 0,
    "price_postapoc": 0,
    "material": [ "secro_null" ],
    "symbol": "x",
    "color": "pink",
    "use_action": { "type": "deploy_furn", "furn_type": "f_secro_flesh_camp_bed_mark" }
  },
  {
    "id": "secro_flesh_camp_floorstorage_mark",
    "type": "TOOL",
    "name": { "str": "<color_pink>[MARK]</color> floor residue" },
    "description": "Activate to set a mark and the flesh will build the furniture on that spot. Marked spot must be near the hivemind's core.",
    "weight": "0 g",
    "volume": "0 ml",
    "price": 0,
    "price_postapoc": 0,
    "material": [ "secro_null" ],
    "symbol": "x",
    "color": "pink",
    "use_action": { "type": "deploy_furn", "furn_type": "f_secro_flesh_camp_floorstorage_mark" }
  },
  {
    "id": "secro_flesh_camp_storage_mark",
    "type": "TOOL",
    "name": { "str": "<color_pink>[MARK]</color> residue" },
    "description": "Activate to set a mark and the flesh will build the furniture on that spot. Marked spot must be near the hivemind's core.",
    "weight": "0 g",
    "volume": "0 ml",
    "price": 0,
    "price_postapoc": 0,
    "material": [ "secro_null" ],
    "symbol": "x",
    "color": "pink",
    "use_action": { "type": "deploy_furn", "furn_type": "f_secro_flesh_camp_storage_mark" }
  },
  {
    "id": "secro_flesh_camp_displaystorage_mark",
    "type": "TOOL",
    "name": { "str": "<color_pink>[MARK]</color> flesh rack" },
    "description": "Activate to set a mark and the flesh will build the furniture on that spot. Marked spot must be near the hivemind's core.",
    "weight": "0 g",
    "volume": "0 ml",
    "price": 0,
    "price_postapoc": 0,
    "material": [ "secro_null" ],
    "symbol": "x",
    "color": "pink",
    "use_action": { "type": "deploy_furn", "furn_type": "f_secro_flesh_camp_displaystorage_mark" }
  },
  {
    "id": "secro_flesh_camp_liquidstorage_mark",
    "type": "TOOL",
    "name": { "str": "<color_pink>[MARK]</color> flesh container" },
    "description": "Activate to set a mark and the flesh will build the furniture on that spot. Marked spot must be near the hivemind's core.",
    "weight": "0 g",
    "volume": "0 ml",
    "price": 0,
    "price_postapoc": 0,
    "material": [ "secro_null" ],
    "symbol": "x",
    "color": "pink",
    "use_action": { "type": "deploy_furn", "furn_type": "f_secro_flesh_camp_liquidstorage_mark" }
  },
  {
    "id": "secro_flesh_camp_light_mark",
    "type": "TOOL",
    "name": { "str": "<color_pink>[MARK]</color> bioluminescent wart" },
    "description": "Activate to set a mark and the flesh will build the furniture on that spot. Marked spot must be near the hivemind's core.",
    "weight": "0 g",
    "volume": "0 ml",
    "price": 0,
    "price_postapoc": 0,
    "material": [ "secro_null" ],
    "symbol": "x",
    "color": "pink",
    "use_action": { "type": "deploy_furn", "furn_type": "f_secro_flesh_camp_light_mark" }
  }
]