[
  {
    "id": "secro_flesh_amalgam_transmitter",
    "type": "TOOL",
    "name": { "str": "bio-organic transmitter" },
    "description": "A tiny glob of flesh, with several tendrils hanging from the sides. Activate to select available commands for amalgams.",
    "weight": "330 g",
    "volume": "55 ml",
    "price": 0,
    "to_hit": -3,
    "material": [ "flesh", "bone" ],
    "symbol": "o",
    "color": "red",
    "use_action": { "type": "cast_spell", "spell_id": "secro_flesh_transmitter_commands", "no_fail": true, "level": 0 }
  },
  {
    "id": "secro_flesh_amalgam_transmitter_stop",
    "type": "TOOL",
    "category": "secro_amalgam_command",
    "name": { "str": "<color_light_green>[COMMAND]</color> Stop" },
    "description": "Activate to transmit this command to a single amalgam.",
    "weight": "0 g",
    "volume": "0 ml",
    "price": 0,
    "to_hit": -3,
    "material": [ "secro_null" ],
    "symbol": "!",
    "color": "light_green",
    "use_action": { "type": "cast_spell", "spell_id": "secro_flesh_transmitter_command_stop", "no_fail": true, "level": 0 }
  },
  {
    "id": "secro_flesh_amalgam_transmitter_stopall",
    "type": "TOOL",
    "category": "secro_amalgam_command",
    "name": { "str": "<color_light_green>[COMMAND]</color> All Stop" },
    "description": "Activate to transmit this command to all nearby amalgams.",
    "weight": "0 g",
    "volume": "0 ml",
    "price": 0,
    "to_hit": -3,
    "material": [ "secro_null" ],
    "symbol": "!",
    "color": "light_green",
    "use_action": { "type": "cast_spell", "spell_id": "secro_flesh_transmitter_command_stopall", "no_fail": true, "level": 0 }
  },
  {
    "id": "secro_flesh_amalgam_transmitter_attack",
    "type": "TOOL",
    "category": "secro_amalgam_command",
    "name": { "str": "<color_light_green>[COMMAND]</color> Attack" },
    "description": "Activate to transmit this command to a single amalgam.",
    "weight": "0 g",
    "volume": "0 ml",
    "price": 0,
    "to_hit": -3,
    "material": [ "secro_null" ],
    "symbol": "!",
    "color": "light_green",
    "use_action": { "type": "cast_spell", "spell_id": "secro_flesh_transmitter_command_attack", "no_fail": true, "level": 0 }
  },
  {
    "id": "secro_flesh_amalgam_transmitter_attackall",
    "type": "TOOL",
    "category": "secro_amalgam_command",
    "name": { "str": "<color_light_green>[COMMAND]</color> All Attack" },
    "description": "Activate to transmit this command to all nearby amalgams.",
    "weight": "0 g",
    "volume": "0 ml",
    "price": 0,
    "to_hit": -3,
    "material": [ "secro_null" ],
    "symbol": "!",
    "color": "light_green",
    "use_action": { "type": "cast_spell", "spell_id": "secro_flesh_transmitter_command_attackall", "no_fail": true, "level": 0 }
  }
]
