[
  {
    "type": "GENERIC",
    "id": "broken_secro_laserturret",
    "symbol": ",",
    "color": "light_red",
    "weight": "75 kg",
    "name": { "str": "broken laser beam turret" },
    "copy-from": "broken_turret"
  },
  {
    "type": "GENERIC",
    "id": "broken_secro_electurret",
    "symbol": ",",
    "color": "cyan",
    "name": { "str": "broken electroshock turret" },
    "weight": "75 kg",
    "copy-from": "broken_turret"
  },
  {
    "type": "GENERIC",
    "id": "broken_secro_gravturret",
    "symbol": ",",
    "color": "magenta",
    "name": { "str": "broken gaviton turret" },
    "copy-from": "broken_turret"
  },
  {
    "type": "GENERIC",
    "id": "broken_secro_laserturret_mod",
    "symbol": ",",
    "color": "light_red",
    "weight": "75 kg",
    "name": { "str": "inactive laser beam turret" },
    "description": "An inactive turret. It needs to be recharged in order to be used again, or could be gutted for parts.",
    "copy-from": "broken_turret"
  }
]