[
  {
    "type": "ter_furn_transform",
    "id": "secro_fvvault",
    "fail_message": "There's no available card readers here.",
    "terrain": [ { "result": "t_door_metal_c", "valid_terrain": [ "t_secro_door_metal_secrofv" ], "message": "The door has opened." } ]
  },
  {
    "id": "secro_id_fvvault_open",
    "type": "SPELL",
    "name": "Identify",
    "description": "Item is swapped to the door's card reader. If successful, opens specific doors.",
    "flags": [ "SILENT" ],
    "message": "",
    "valid_targets": [ "ground" ],
    "effect": "ter_transform",
    "effect_str": "secro_fvvault",
    "min_range": 1,
    "max_range": 1,
    "base_casting_time": -1
  },
  {
    "type": "GENERIC",
    "id": "secro_id_fvvault",
    "looks_like": "id_science",
    "symbol": ",",
    "color": "red",
    "name": { "str": "Secronom ID card" },
    "description": "This ID card once belonged to a secronom researcher. One side shows the information about the owner, the other describes the use for it. \"Level 2 clearance\".",
    "price": 90000,
    "price_postapoc": 10,
    "material": "plastic",
    "weight": "6 g",
    "volume": "5 ml",
    "to_hit": -3,
    "use_action": { "type": "cast_spell", "spell_id": "secro_id_fvvault_open", "no_fail": true, "level": 0 }
  }
]
