{
    "id": "bot_secro_laserturret_mod",
    "type": "TOOL",
    "name": "inactive laser beam turret",
    "description": "An inactive SDP-L1 turret. Use to place it.",
    "volume": "60000 ml",
    "weight": "172 kg",
    "price": 20000,
    "to_hit": -5,
    "bashing": 10,
    "material": [ "steel" ],
    "symbol": "2",
    "color": "light_red",
    "use_action": {
      "type": "place_monster",
      "monster_id": "mon_secro_laserturret_mod",
      "friendly_msg": "The SPD-L1 emits a beeping sound, then scans the vicinity...",
      "hostile_msg": "Oh no...",
      "difficulty": 0,
      "moves": 250,
      "skill1": "electronics",
      "skill2": "computer"
    }
  }