[
  {
    "id": "mon_sflesh_camp_turret",
    "type": "MONSTER",
    "name": "flesh heap",
    "description": "A heap of conglomerated flesh, with several tube-like orifices scattered around its surface. Its body seeps with blood acid.",
    "default_faction": "secro_flesh3",
    "species": [ "SFLESH", "ABERRATION" ],
    "volume": "300 L",
    "weight": "3125 kg",
    "hp": 300,
    "speed": 100,
    "material": [ "flesh" ],
    "symbol": "⧻",
    "emit_fields": [ "emit_flesh_biome_immunity", "emit_down_immunity" ],
    "color": "red",
    "aggression": 100,
    "morale": 100,
    "melee_skill": 4,
    "melee_dice": 3,
    "melee_dice_sides": 8,
    "melee_cut": 2,
    "armor_bash": 5,
    "harvest": "exempt",
    "special_attacks": [
      {
        "type": "spell",
        "spell_data": { "id": "mon_sflesh_camp_turret_target" },
        "cooldown": 8,
        "monster_message": "<color_light_red>%1$s pulsates...</color>"
      }
    ],
    "death_function": [ "MELT" ],
    "flags": [ "SEES", "HEARS", "SMELLS", "WARM", "POISON", "NO_BREATHE", "IMMOBILE", "PACIFIST" ]
  },
  {
    "id": "mon_sflesh_camp_turret_blade",
    "type": "MONSTER",
    "name": "flesh heap (blade)",
    "description": "A heap of conglomerated flesh infused with blade core. Its body is filled with hundreds of bone outgrowths, and new ones keep on growing. And growing.",
    "default_faction": "secro_flesh3",
    "species": [ "SFLESH", "ABERRATION" ],
    "volume": "300 L",
    "weight": "3125 kg",
    "hp": 300,
    "speed": 100,
    "material": [ "flesh" ],
    "symbol": "⧻",
    "emit_fields": [ "emit_flesh_biome_immunity", "emit_down_immunity" ],
    "color": "red_white",
    "aggression": 100,
    "morale": 100,
    "melee_skill": 4,
    "melee_dice": 3,
    "melee_dice_sides": 8,
    "melee_cut": 2,
    "armor_bash": 12,
    "armor_cut": 2,
    "harvest": "exempt",
    "special_attacks": [
      {
        "type": "spell",
        "spell_data": { "id": "mon_sflesh_camp_turret_blade_target" },
        "cooldown": 6,
        "monster_message": "<color_light_red>%1$s undulates</color>"
      }
    ],
    "death_function": [ "MELT" ],
    "flags": [ "SEES", "HEARS", "SMELLS", "WARM", "POISON", "NO_BREATHE", "IMMOBILE", "PACIFIST" ]
  },
  {
    "id": "mon_sflesh_camp_turret_tendril",
    "type": "MONSTER",
    "name": "flesh heap (tendril)",
    "description": "A heap of conglomerated flesh infused with tendril core. Several tendril outgrowths writhe incessantly around its surface, varying in density scales.",
    "default_faction": "secro_flesh3",
    "species": [ "SFLESH", "ABERRATION" ],
    "volume": "300 L",
    "weight": "3125 kg",
    "hp": 300,
    "speed": 100,
    "material": [ "flesh" ],
    "symbol": "⧻",
    "emit_fields": [ "emit_flesh_biome_immunity", "emit_down_immunity" ],
    "color": "red_green",
    "aggression": 100,
    "morale": 100,
    "melee_skill": 4,
    "melee_dice": 3,
    "melee_dice_sides": 8,
    "melee_cut": 2,
    "armor_bash": 8,
    "harvest": "exempt",
    "special_attacks": [
      {
        "type": "spell",
        "spell_data": { "id": "mon_sflesh_camp_turret_tendril_target" },
        "cooldown": 5,
        "monster_message": "<color_light_red>%1$s writhes!</color>"
      }
    ],
    "death_function": [ "MELT" ],
    "flags": [ "SEES", "HEARS", "SMELLS", "WARM", "POISON", "NO_BREATHE", "IMMOBILE", "PACIFIST" ]
  },
  {
    "id": "mon_sflesh_camp_turret_mouth",
    "type": "MONSTER",
    "name": "flesh heap (mouthswell)",
    "description": "A heap of conglomerated flesh infused with mouthswell core. Jawed mouths form a choir of shrieks and screeches as it blankly skims through its surroundings.",
    "default_faction": "secro_flesh3",
    "species": [ "SFLESH", "ABERRATION" ],
    "volume": "300 L",
    "weight": "3125 kg",
    "hp": 500,
    "speed": 100,
    "material": [ "flesh" ],
    "symbol": "⧻",
    "emit_fields": [ "emit_flesh_biome_immunity", "emit_down_immunity" ],
    "color": "light_red",
    "aggression": 100,
    "morale": 100,
    "melee_skill": 4,
    "melee_dice": 3,
    "melee_dice_sides": 8,
    "melee_cut": 2,
    "armor_bash": 10,
    "harvest": "exempt",
    "special_attacks": [
      {
        "type": "spell",
        "spell_data": { "id": "mon_sflesh_camp_turret_mouth_target" },
        "cooldown": 30,
        "monster_message": "<color_light_red>%1$s shakes erratically...</color>"
      }
    ],
    "death_function": [ "MELT" ],
    "flags": [ "SEES", "HEARS", "SMELLS", "WARM", "POISON", "NO_BREATHE", "IMMOBILE", "PACIFIST" ]
  },
  {
    "id": "mon_sflesh_camp_turret_unify",
    "type": "MONSTER",
    "name": "flesh heap (unifier)",
    "description": "A heap of conglomerated flesh infused with unifier core. Its swollen portions throb in a constant beat, accompanied by numerous wriggly tentacles.",
    "default_faction": "secro_flesh3",
    "species": [ "SFLESH", "ABERRATION" ],
    "volume": "300 L",
    "weight": "3125 kg",
    "hp": 300,
    "speed": 100,
    "material": [ "flesh" ],
    "symbol": "⧻",
    "emit_fields": [ "emit_flesh_biome_immunity", "emit_down_immunity" ],
    "color": "red_yellow",
    "aggression": 100,
    "morale": 100,
    "melee_skill": 4,
    "melee_dice": 3,
    "melee_dice_sides": 8,
    "melee_cut": 2,
    "armor_bash": 12,
    "armor_cut": 2,
    "harvest": "exempt",
    "special_attacks": [
      {
        "type": "spell",
        "spell_data": { "id": "mon_sflesh_camp_turret_unify_target" },
        "cooldown": 35,
        "monster_message": "<color_light_red>%1$s trembles!</color>"
      }
    ],
    "death_function": [ "MELT" ],
    "flags": [ "SEES", "HEARS", "SMELLS", "WARM", "POISON", "NO_BREATHE", "IMMOBILE", "PACIFIST" ]
  },
  {
    "id": "mon_sflesh_camp_turret_hravager",
    "type": "MONSTER",
    "name": "ravager flesh heap",
    "description": "A heap of conglomerated flesh infused with several cores. This hybrid turret takes advantage on the tendril's relentless assaults and the blade's formation of sharp bone outgrowths.",
    "default_faction": "secro_flesh3",
    "species": [ "SFLESH", "ABERRATION" ],
    "volume": "300 L",
    "weight": "3125 kg",
    "hp": 300,
    "speed": 100,
    "material": [ "flesh" ],
    "symbol": "⧻",
    "emit_fields": [ "emit_flesh_biome_immunity", "emit_down_immunity" ],
    "color": "light_red_red",
    "aggression": 100,
    "morale": 100,
    "melee_skill": 4,
    "melee_dice": 3,
    "melee_dice_sides": 8,
    "melee_cut": 2,
    "armor_bash": 12,
    "armor_cut": 2,
    "harvest": "exempt",
    "special_attacks": [
      {
        "type": "spell",
        "spell_data": { "id": "mon_sflesh_camp_turret_hravager_target" },
        "cooldown": 8,
        "monster_message": "<color_yellow>%1$s writhes wildly!</color>"
      }
    ],
    "death_function": [ "MELT" ],
    "flags": [ "SEES", "HEARS", "SMELLS", "WARM", "POISON", "NO_BREATHE", "IMMOBILE", "PACIFIST" ]
  }
]
