[
  {
    "type": "palette",
    "id": "cave_saddler_underground",
    "terrain": {
      " ": "t_rock",
      ".": "t_rock_floor",
      "]": [ "t_rock", "t_rock_floor", "t_rock_floor", "t_rock_floor", "t_rock_floor" ],
      "<": "t_slope_up"
    }
  },
  {
    "method": "json",
    "object": {
      "fill_ter": "t_rock_floor",
      "rows": [
        "          ]]..]]        ",
        "         ]]....]]       ",
        "        ]]....]]        ",
        "      ]]]....]]         ",
        "     ]]......]]         ",
        "    ]]........]]        ",
        "    ]..].....]]         ",
        "    ]...]....]]         ",
        "    ]...]...]]          ",
        "    ]]...]..]]          ",
        "     ]]......]]]     ]]]",
        "      ]]]].. < ]]  ]]...",
        "         ]].< .]  ].....",
        "          ]]....]......]",
        "           ].........]]]",
        "           ]].......]]  ",
        "            ]]]...]]]   ",
        "              ]]]]]     ",
        "                        ",
        "                        ",
        "                        ",
        "                        ",
        "                        ",
        "                        "
      ],
      "palettes": [ "cave_saddler_underground" ]
    },
    "om_terrain": [ "saddler_cave_up" ],
    "type": "mapgen",
    "weight": 1000
  },
  {
    "method": "json",
    "object": {
      "fill_ter": "t_rock_floor",
      "rows": [
        "          ]]..]         ",
        "         ]]....]        ",
        "         ]]...]         ",
        "        ]].....]]]      ",
        "       ]]..]].....]]    ",
        "        ]]...]......]   ",
        "         ]].....]...]   ",
        "          ]]....]...]   ",
        "           ]]......     ",
        "           ]].....] ]   ",
        "          ]]...]   ..]]]",
        "          ]] <   ]......",
        "         ]].< . ].......",
        "        ]]...]  ....]]].",
        "        ]]...] ]....]]  ",
        "       ]]...]   ]....]] ",
        "       ]]....]   ]....] ",
        "        ]].....]......] ",
        "        ]]..]........]] ",
        "         ]]..]]....]]]  ",
        "          ]].....]]]    ",
        "           ]]]]]]]      ",
        "                        ",
        "                        "
      ],
      "palettes": [ "cave_saddler_underground" ]
    },
    "om_terrain": [ "saddler_cave_up" ],
    "type": "mapgen",
    "weight": 1000
  },
  {
    "method": "json",
    "object": {
      "fill_ter": "t_rock_floor",
      "rows": [
        "                        ",
        "                        ",
        "                        ",
        "                        ",
        "                        ",
        "                        ",
        "                        ",
        "                        ",
        "          ]]]]          ",
        "         ]]..]]         ",
        "        ]]....]]        ",
        "        ]].]...]]       ",
        "       ]]...]...]]      ",
        "      ]]....]....]]     ",
        "      ]].........]]     ",
        "        ]]........]]    ",
        "         ]]....]...]]   ",
        "          ]]..]...]]    ",
        "          ]]..]..]]     ",
        "         ]].....]]      ",
        "         ]]....]]       ",
        "          ]]...]]       ",
        "          ]]...]]       ",
        "         ]]...]]        "
      ],
      "palettes": [ "cave_saddler_underground" ]
    },
    "om_terrain": [ "saddler_cave_north" ],
    "type": "mapgen",
    "weight": 1000
  },
  {
    "method": "json",
    "object": {
      "fill_ter": "t_rock_floor",
      "rows": [
        "                        ",
        "                        ",
        "                        ",
        "                        ",
        "                        ",
        "                        ",
        "            ]]]]        ",
        "           ]]..]]       ",
        "          ]]]...]]      ",
        "         ]]....]]       ",
        "        ]]....]]        ",
        "        ]].]...]]       ",
        "       ]]...]...]]      ",
        "      ]].........]]     ",
        "    ]]...].......]]     ",
        "    ]]..]....]]...]]    ",
        "   ]]...]...]......]]   ",
        "  ]]...]..........]]    ",
        "   ]]]...........]]     ",
        "      ]]].......]]      ",
        "        ]]]....]]       ",
        "          ]]]..]]       ",
        "          ]]...]]       ",
        "         ]]....]]       "
      ],
      "palettes": [ "cave_saddler_underground" ]
    },
    "om_terrain": [ "saddler_cave_north" ],
    "type": "mapgen",
    "weight": 1000
  },
  {
    "method": "json",
    "object": {
      "fill_ter": "t_rock_floor",
      "rows": [
        "                        ",
        "                        ",
        "                        ",
        "        ]]              ",
        "       ]]]]             ",
        "      ]]..]]]           ",
        "     ]].....]]]]        ",
        "     ]]........]]]      ",
        "   ]]]...........]]]    ",
        "]]]]]......].......]]]] ",
        "]]]......]]...........]]",
        "........]  .............",
        ".......] ........]].....",
        "]...............]......]",
        "]]]...................]]",
        " ]]]].............]]]]] ",
        "   ]]]]]........]]]]    ",
        "      ]]]]...]]]]       ",
        "        ]]]]]]]         ",
        "          ]]]           ",
        "                        ",
        "                        ",
        "                        ",
        "                        "
      ],
      "palettes": [ "cave_saddler_underground" ]
    },
    "om_terrain": [ "saddler_cave_west" ],
    "type": "mapgen",
    "weight": 1000
  },
  {
    "method": "json",
    "object": {
      "fill_ter": "t_rock_floor",
      "rows": [
        "                        ",
        "          ]]]           ",
        "         ]]]]]          ",
        "       ]]]]..]]]]       ",
        "      ]]].......]]]     ",
        "    ]]].....].....]     ",
        "    ]]....]]......]]    ",
        "   ]]...]]  .......]]   ",
        "  ]]]..]  ..........]]] ",
        "]]]]...].......].....]]]",
        "]]....]........].......]",
        "..............] ........",
        ".............] .........",
        "]]]..........] .........",
        "  ]]].......] ........]]",
        "    ]]]....].........]] ",
        "      ]]..........]]]]  ",
        "       ].........]]     ",
        "       ]]......]]]      ",
        "        ]]..]]]]        ",
        "         ]]]]           ",
        "                        ",
        "                        ",
        "                        "
      ],
      "palettes": [ "cave_saddler_underground" ]
    },
    "om_terrain": [ "saddler_cave_west" ],
    "type": "mapgen",
    "weight": 1000
  },
  {
    "method": "json",
    "object": {
      "fill_ter": "t_rock_floor",
      "rows": [
        "        ]]]]]]]]]       ",
        "      ]]].......]]]     ",
        "     ]]...........]]    ",
        "    ]]......8......]]   ",
        "    ]...............]   ",
        "    ]]..............]   ",
        "     ]]............]]   ",
        "      ]...........]]    ",
        "     ]]].........]]     ",
        " ]]]]].......]]]]]      ",
        "]]........]]]]          ",
        "........]]]    ]]..]]   ",
        ".........]   ]......]]] ",
        ".]]]]].....]  ]..]....] ",
        "]]   ]]]....  ]...9..]] ",
        "       ]]...  ]]....]]  ",
        "        ]...]  ]...]]   ",
        "        ]]]..].....]    ",
        "      ]]]]........]]    ",
        "    ]]].....]]]]]]]     ",
        "   ]]...]..]]           ",
        "   ]...9..]]            ",
        "   ]]]...]]             ",
        "     ]]]]]              "
      ],
      "palettes": [ "cave_saddler_underground" ]
    },
    "monster": { "8": { "monster": "mon_insect_saddler_brood" }, "9": { "monster": "mon_insect_saddler_brood", "chance": 5 } },
    "om_terrain": [ "saddler_cave_brood" ],
    "type": "mapgen",
    "weight": 1000
  },
  {
    "method": "json",
    "object": {
      "fill_ter": "t_rock_floor",
      "rows": [
        "                        ",
        "                        ",
        "    ]]]                 ",
        "   ]...]       ]]]      ",
        "  ]..9..]     ]...]     ",
        "  ]..]...]   ].....]    ",
        "   ]....]    ]..]9..]   ",
        "    ]....]   ].....]    ",
        "     ]]...]] ]]...]     ",
        "]]      ....]....]      ",
        ".]]]]    ].....]]       ",
        "....]]]]   ].]          ",
        ".......]]]......]]      ",
        "]]]].........]....]     ",
        "   ]]]......]] ....]]   ",
        "      ]]]....]  ]....]  ",
        "      ]......]]  ]]...] ",
        "      ].......]]  .....]",
        "    ]]]........]] ..]9.]",
        "    ]...........] ....] ",
        "    ].....8.....] ]]]]  ",
        "    ]..........]]        ",
        "    ]].......]]]        ",
        "     ]]]]]]]]]          "
      ],
      "palettes": [ "cave_saddler_underground" ]
    },
    "monster": { "8": { "monster": "mon_insect_saddler_brood" }, "9": { "monster": "mon_insect_saddler_brood", "chance": 5 } },
    "om_terrain": [ "saddler_cave_brood" ],
    "type": "mapgen",
    "weight": 1000
  }
]
