[
  {
    "type": "ammunition_type",
    "id": "SSgrenade",
    "name": "SS Grenade",
    "default": "SSxgrenade"
  },
  {
    "id": "SSxgrenade",
    "type": "AMMO",
    "name": "SSx grenade",
    "description": "A round, metallic X type grenade with digital 10 seconds timer.",
    "weight": 200,
    "volume": 2,
    "price": 40000,
    "material": [ "plastic", "powder" ],
    "symbol": "*",
    "color": "white",
    "count": 1,
    "ammo_type": "SSgrenade",
    "range": 18,
    "damage": 4,
    "pierce": 8,
    "effects": [ "NEVER_MISFIRES", "COOKOFF", "ACT_ON_RANGED_HIT", "RECOVER_9", "CUSTOM_EXPLOSION" ],
    "explode_in_fire": true,
    "countdown_interval": 1,
    "countdown_destroy": true,
    "countdown_action": { "target": "SSxgrenadeact", "target_charges": 10, "active": true, "type": "transform" }
  },
  {
    "id": "SSxgrenadeact",
    "type": "TOOL",
    "name": "SSx grenade",
    "description": "A round, metallic X type grenade with digital 10 seconds timer, currently ticking down.",
    "weight": 200,
    "volume": 2,
    "price": 40000,
    "material": [ "plastic", "powder" ],
    "symbol": "*",
    "color": "white",
    "initial_charges": 1,
    "max_charges": 1,
    "turns_per_charge": 1,
    "use_action": { "type": "explosion", "explosion": { "power": 5, "distance_factor": 0.1, "shrapnel": 3 } }
  },
  {
    "id": "SSygrenade",
    "type": "AMMO",
    "name": "SSy grenade",
    "description": "A round, metallic Y type grenade with digital 10 seconds timer.",
    "weight": 300,
    "volume": 2,
    "price": 50000,
    "material": [ "plastic", "powder" ],
    "symbol": "*",
    "color": "white",
    "count": 1,
    "ammo_type": "SSgrenade",
    "range": 18,
    "damage": 4,
    "pierce": 8,
    "effects": [ "NEVER_MISFIRES", "COOKOFF", "ACT_ON_RANGED_HIT", "RECOVER_9", "CUSTOM_EXPLOSION" ],
    "explode_in_fire": true,
    "countdown_interval": 1,
    "countdown_destroy": true,
    "countdown_action": { "target": "SSygrenadeact", "target_charges": 10, "active": true, "type": "transform" }
  },
  {
    "id": "SSygrenadeact",
    "type": "TOOL",
    "name": "SSy grenade",
    "description": "A round, metallic Y type grenade with digital 10 seconds timer, currently ticking down.",
    "weight": 300,
    "volume": 2,
    "price": 50000,
    "material": [ "plastic", "powder" ],
    "symbol": "*",
    "color": "white",
    "initial_charges": 1,
    "max_charges": 1,
    "turns_per_charge": 1,
    "use_action": { "type": "explosion", "explosion": { "power": 10, "distance_factor": 0.3, "shrapnel": 5 } }
  },
  {
    "id": "SSzgrenade",
    "type": "AMMO",
    "name": "SSz grenade",
    "description": "A round, metallic Z type grenade with digital 10 seconds timer.",
    "weight": 400,
    "volume": 2,
    "price": 65000,
    "material": [ "plastic", "powder" ],
    "symbol": "*",
    "color": "white",
    "count": 1,
    "ammo_type": "SSgrenade",
    "range": 18,
    "damage": 4,
    "pierce": 8,
    "effects": [ "NEVER_MISFIRES", "COOKOFF", "ACT_ON_RANGED_HIT", "RECOVER_9", "CUSTOM_EXPLOSION" ],
    "explode_in_fire": true,
    "countdown_interval": 1,
    "countdown_destroy": true,
    "countdown_action": { "target": "SSzgrenadeact", "target_charges": 10, "active": true, "type": "transform" }
  },
  {
    "id": "SSzgrenadeact",
    "type": "TOOL",
    "name": "SSz grenade",
    "description": "A round, metallic Z type grenade with digital 10 seconds timer, currently ticking down.",
    "weight": 400,
    "volume": 2,
    "price": 65000,
    "material": [ "plastic", "powder" ],
    "symbol": "*",
    "color": "white",
    "initial_charges": 1,
    "max_charges": 1,
    "turns_per_charge": 1,
    "use_action": { "type": "explosion", "explosion": { "power": 20, "distance_factor": 0.5, "shrapnel": 10 } }
  },
  {
    "id": "SSimpactgrenade",
    "type": "TOOL",
    "category": "weapons",
    "name": "SS grenade",
    "description": "A round, metallic grenade.",
    "weight": 240,
    "volume": 2,
    "to_hit": -1,
    "bashing": 6,
    "material": [ "steel", "plastic" ],
    "symbol": "*",
    "color": "light_red",
    "explode_in_fire": true,
    "use_action": { "target": "SSimpactgrenadeact", "target_charges": 1, "active": true, "type": "transform" },
    "flags": [ "TRADER_AVOID", "CUSTOM_EXPLOSION" ]
  },
  {
    "id": "SSimpactgrenadeact",
    "type": "TOOL",
    "category": "weapons",
    "name": "SS grenade",
    "description": "A round, metallic grenade. It's about to explode.",
    "weight": 240,
    "volume": 2,
    "to_hit": -1,
    "bashing": 6,
    "material": [ "steel", "plastic" ],
    "symbol": "*",
    "color": "red",
    "initial_charges": 1,
    "max_charges": 1,
    "turns_per_charge": 1,
    "use_action": {
      "type": "explosion",
      "draw_explosion_radius": 2,
      "draw_explosion_color": "red",
      "sound_volume": 0,
      "sound_msg": "Tick.",
      "no_deactivate_msg": "It's no use!",
      "explosion": { "power": 6, "distance_factor": 0.2, "shrapnel": 1 }
    },
    "flags": [ "BOMB", "TRADER_AVOID", "CUSTOM_EXPLOSION" ]
  },
  {
    "id": "bot_secroinforcer",
    "type": "TOOL",
    "name": "reinforcer bot",
    "description": "This is an inactive reinforcer bot.",
    "weight": 16225,
    "volume": 4,
    "price": 120000,
    "to_hit": -3,
    "bashing": 10,
    "material": [ "steel" ],
    "symbol": "O",
    "color": "light_gray",
    "use_action": {
      "type": "place_monster",
      "monster_id": "mon_bot_secroinforcer",
      "friendly_msg": "It is bugged!",
      "hostile_msg": "The reinforcer bot shoots off!",
      "difficulty": 1000,
      "moves": 100,
      "place_randomly": true,
      "skill1": "survival",
      "skill2": "computer"
    }
  },
  {
    "id": "bot_secroshocker",
    "type": "TOOL",
    "name": "shocker bot",
    "description": "This is an inactive shocker bot.",
    "weight": 1454,
    "volume": 2,
    "price": 80000,
    "to_hit": -3,
    "bashing": 6,
    "material": [ "steel" ],
    "symbol": "O",
    "color": "light_gray",
    "use_action": {
      "type": "place_monster",
      "monster_id": "mon_bot_secroshocker",
      "friendly_msg": "It is bugged!",
      "hostile_msg": "A shocker bot flies off!",
      "difficulty": 1000,
      "moves": 100,
      "place_randomly": true,
      "skill1": "survival",
      "skill2": "computer"
    }
  },
  {
    "id": "bot_secroriflewalker",
    "type": "TOOL",
    "name": "walker bot",
    "description": "This is an inactive walker bot.",
    "weight": 1454,
    "volume": 2,
    "price": 80000,
    "to_hit": -3,
    "bashing": 6,
    "material": [ "steel" ],
    "symbol": "O",
    "color": "light_gray",
    "use_action": {
      "type": "place_monster",
      "monster_id": "mon_bot_secroriflewalker",
      "friendly_msg": "It is bugged!",
      "hostile_msg": "A walker bot lands down!",
      "difficulty": 1000,
      "moves": 100,
      "place_randomly": true,
      "skill1": "survival",
      "skill2": "computer"
    }
  },
  {
    "id": "bot_secrolauncher",
    "type": "TOOL",
    "name": "launcher bot",
    "description": "This is an inactive launcher bot.",
    "weight": 1454,
    "volume": 2,
    "price": 80000,
    "to_hit": -3,
    "bashing": 6,
    "material": [ "steel" ],
    "symbol": "O",
    "color": "light_gray",
    "use_action": {
      "type": "place_monster",
      "monster_id": "mon_bot_secrolauncher",
      "friendly_msg": "It is bugged!",
      "hostile_msg": "A launcher bot flies off!",
      "difficulty": 1000,
      "moves": 100,
      "place_randomly": true,
      "skill1": "survival",
      "skill2": "computer"
    }
  },
  {
    "id": "bot_secromissile",
    "type": "TOOL",
    "name": "SS homing missile",
    "description": "This is an inactive SS homing missile.",
    "weight": 324,
    "volume": 1,
    "price": 80000,
    "to_hit": -3,
    "bashing": 6,
    "material": [ "steel" ],
    "symbol": "O",
    "color": "light_gray",
    "use_action": {
      "type": "place_monster",
      "monster_id": "mon_bot_secromissile",
      "friendly_msg": "It is bugged!",
      "hostile_msg": "A missile starts to track down targets!",
      "difficulty": 1000,
      "moves": 100,
      "place_randomly": true,
      "skill1": "survival",
      "skill2": "computer"
    }
  },
  {
    "id": "saddler_detach",
    "type": "TOOL",
    "name": "saddler",
    "description": "This saddler is about to detach from its dead host.",
    "volume": "4000 ml",
    "weight": 4000,
    "price": 0,
    "to_hit": -2,
    "bashing": 1,
    "material": [ "secro_null" ],
    "symbol": "h",
    "color": "green",
    "drop_action": {
      "type": "explosion",
      "sound_volume": 0,
      "sound_msg": "*splat*",
      "no_deactivate_msg": "*splat* *splat*",
      "draw_explosion_color": "green",
      "fields_type": "fd_saddler_detach",
      "fields_radius": 0,
      "fields_min_intensity": 1,
      "fields_max_intensity": 1
    }
  },
  {
    "id": "saddler_brute_detach",
    "type": "TOOL",
    "name": "saddler brute",
    "description": "This saddler brute is about to detach from its dead host.",
    "volume": "4000 ml",
    "weight": 4000,
    "price": 0,
    "to_hit": -2,
    "bashing": 1,
    "material": [ "secro_null" ],
    "symbol": "h",
    "color": "dark_gray",
    "drop_action": {
      "type": "explosion",
      "sound_volume": 0,
      "sound_msg": "*splat*",
      "no_deactivate_msg": "*splat* *splat*",
      "draw_explosion_color": "green",
      "fields_type": "fd_saddler_brute_detach",
      "fields_radius": 0,
      "fields_min_intensity": 1,
      "fields_max_intensity": 1
    }
  },
  {
    "id": "saddler_scout_detach",
    "type": "TOOL",
    "name": "saddler brute",
    "description": "This saddler brute is about to detach from its dead host.",
    "volume": "4000 ml",
    "weight": 4000,
    "price": 0,
    "to_hit": -2,
    "bashing": 1,
    "material": [ "secro_null" ],
    "symbol": "h",
    "color": "red",
    "drop_action": {
      "type": "explosion",
      "sound_volume": 0,
      "sound_msg": "*splat*",
      "no_deactivate_msg": "*splat* *splat*",
      "draw_explosion_color": "green",
      "fields_type": "fd_saddler_scout_detach",
      "fields_radius": 0,
      "fields_min_intensity": 1,
      "fields_max_intensity": 1
    }
  },
  {
    "id": "relinquish_revive",
    "type": "TOOL",
    "name": "relinquished zombie's body",
    "description": "A dead body, about to rise again...",
    "volume": "1 ml",
    "weight": 1,
    "price": 0,
    "to_hit": -2,
    "bashing": 1,
    "material": [ "secro_null" ],
    "symbol": "Z",
    "color": "green",
    "drop_action": {
      "type": "explosion",
      "sound_volume": 0,
      "sound_msg": "*splat*",
      "no_deactivate_msg": "*splat* *splat*",
      "draw_explosion_color": "green",
      "fields_type": "fd_relinquished_revive",
      "fields_radius": 0,
      "fields_min_intensity": 1,
      "fields_max_intensity": 1
    }
  },
  {
    "id": "veinhole_gap",
    "type": "TOOL",
    "name": "writhing tendrils",
    "description": "The veinhole's surrounding tentacles, now withdraws from excess damage.",
    "volume": "200 L",
    "weight": 200000,
    "price": 0,
    "to_hit": -2,
    "bashing": 1,
    "material": [ "secro_null" ],
    "symbol": "0",
    "color": "red",
    "drop_action": { "target": "veinhole_gap_act", "target_charges": 1, "active": true, "type": "transform" }
  },
  {
    "id": "veinhole_gap_act",
    "type": "TOOL",
    "name": "writhing tendrils",
    "description": "The veinhole's surrounding tentacles, now withdraws from excess damage.",
    "volume": "200 L",
    "weight": 200000,
    "price": 0,
    "to_hit": -2,
    "bashing": 1,
    "material": [ "secro_null" ],
    "symbol": "0",
    "color": "red",
    "countdown_interval": 1,
    "countdown_destroy": true,
    "countdown_action": { "type": "cast_spell", "spell_id": "mon_sflesh_entrance_open", "no_fail": true, "level": 0 }
  },
  {
    "id": "flesh_sack_death",
    "type": "TOOL",
    "name": "hatched flesh sack",
    "description": "A flesh sack giving birth to parasytes.",
    "volume": "1 ml",
    "weight": 1,
    "price": 0,
    "to_hit": -2,
    "bashing": 1,
    "material": [ "secro_null" ],
    "symbol": "O",
    "color": "red",
    "drop_action": {
      "type": "explosion",
      "sound_volume": 0,
      "sound_msg": "*splat*",
      "no_deactivate_msg": "*splat* *splat*",
      "draw_explosion_color": "red",
      "fields_type": "fd_sflesh_sack_dead",
      "fields_radius": 0,
      "fields_min_intensity": 1,
      "fields_max_intensity": 1
    }
  },
  {
    "id": "flesh_taken_death",
    "type": "TOOL",
    "name": "hatched taken",
    "description": "The taken giving birth to its content.",
    "volume": "1 ml",
    "weight": 1,
    "price": 0,
    "to_hit": -2,
    "bashing": 1,
    "material": [ "secro_null" ],
    "symbol": "O",
    "color": "red",
    "drop_action": {
      "type": "explosion",
      "sound_volume": 0,
      "sound_msg": "*splat*",
      "no_deactivate_msg": "*splat* *splat*",
      "draw_explosion_color": "red",
      "fields_type": "fd_sflesh_taken",
      "fields_radius": 0,
      "fields_min_intensity": 1,
      "fields_max_intensity": 1
    }
  },
  {
    "id": "flesh_death",
    "type": "TOOL",
    "name": "melting flesh",
    "description": "The flesh is disintigrating. You're not sure if its still alive...",
    "volume": "1000 L",
    "weight": "23000 kg",
    "price": 0,
    "to_hit": -2,
    "bashing": 1,
    "material": [ "secro_null" ],
    "symbol": "0",
    "color": "red",
    "drop_action": { "target": "flesh_death_act", "target_charges": 1, "active": true, "type": "transform" }
  },
  {
    "id": "flesh_death_act",
    "type": "TOOL",
    "name": "melting flesh",
    "description": "The flesh is disintigrating. You're not sure if its still alive...",
    "volume": "200 L",
    "weight": 200000,
    "price": 0,
    "to_hit": -2,
    "bashing": 1,
    "material": [ "secro_null" ],
    "symbol": "0",
    "color": "red",
    "countdown_interval": 1,
    "countdown_destroy": true,
    "countdown_action": { "type": "cast_spell", "spell_id": "mon_sflesh_flesh_bio_death", "no_fail": true, "level": 0 }
  },
  {
    "id": "flesh_heap_death",
    "type": "TOOL",
    "name": "melting flesh heap",
    "description": "The flesh heap splitting up its united zeds.",
    "volume": "1 ml",
    "weight": 1,
    "price": 0,
    "to_hit": -2,
    "bashing": 1,
    "material": [ "secro_null" ],
    "symbol": "O",
    "color": "red",
    "drop_action": {
      "type": "explosion",
      "sound_volume": 0,
      "sound_msg": "*splat*",
      "no_deactivate_msg": "*splat* *splat*",
      "draw_explosion_color": "red",
      "fields_type": "fd_sflesh_heap_death",
      "fields_radius": 1,
      "fields_min_intensity": 1,
      "fields_max_intensity": 1
    }
  },
  {
    "id": "shifter_shift",
    "type": "TOOL",
    "name": "shadow",
    "description": "A shadow forming into something... otherworldly.",
    "volume": "4000 ml",
    "weight": 4000,
    "price": 0,
    "to_hit": -2,
    "bashing": 1,
    "material": [ "secro_null" ],
    "symbol": "@",
    "color": "dark_gray",
    "drop_action": {
      "type": "explosion",
      "sound_volume": 0,
      "sound_msg": "*splat*",
      "no_deactivate_msg": "*splat* *splat*",
      "draw_explosion_color": "green",
      "fields_type": "fd_shifter_shift",
      "fields_radius": 0,
      "fields_min_intensity": 1,
      "fields_max_intensity": 1
    }
  }
]
