[
  {
    "type": "item_group",
    "subtype": "collection",
    "id": "mon_insect_saddler_death_drop",
    "entries": [ { "item": "saddler_detach", "damage": [ 2, 3 ] } ]
  },
  {
    "type": "item_group",
    "subtype": "collection",
    "id": "mon_insect_saddler_brute_death_drop",
    "entries": [ { "item": "saddler_brute_detach", "damage": [ 2, 3 ] } ]
  },
  {
    "type": "item_group",
    "subtype": "collection",
    "id": "mon_insect_saddler_scout_death_drop",
    "entries": [ { "item": "saddler_scout_detach", "damage": [ 2, 3 ] } ]
  },
  {
    "type": "item_group",
    "subtype": "collection",
    "id": "mon_zombie_relinquish_death_drop",
    "entries": [ { "item": "relinquish_revive" } ]
  },
  {
    "type": "item_group",
    "subtype": "collection",
    "id": "mon_sflesh_entrance_death_drop",
    "entries": [ { "item": "veinhole_gap" } ]
  },
  {
    "type": "item_group",
    "subtype": "collection",
    "id": "mon_sflesh_sack_death_drop",
    "entries": [ { "item": "flesh_sack_death" } ]
  },
  {
    "type": "item_group",
    "subtype": "collection",
    "id": "mon_sflesh_taken_death_drop",
    "entries": [ { "item": "flesh_taken_death" } ]
  },
  {
    "type": "item_group",
    "subtype": "collection",
    "id": "mon_sflesh_flesh_death_drop",
    "entries": [ { "item": "flesh_death" }, { "item": "sflesh_bio", "count": [ 2, 5 ] } ]
  },
  {
    "type": "item_group",
    "subtype": "collection",
    "id": "mon_sflesh_zombie_turret_death_drop",
    "entries": [ { "item": "flesh_heap_death" } ]
  },
  {
    "type": "item_group",
    "subtype": "collection",
    "id": "mon_shifter_fakeform_death_drop",
    "entries": [ { "item": "shifter_shift" } ]
  }
]
