[
  {
    "//": "Some attacks have bio damage, it is done to apply effects that shouldn't be blocked.",
    "type": "monster_attack",
    "attack_type": "melee",
    "id": "swordbashtrip",
    "cooldown": 22,
    "move_cost": 115,
    "damage_max_instance": [ { "damage_type": "biological", "amount": 1 }, { "damage_type": "bash", "amount": 10 } ],
    "effects": [ { "id": "downed", "duration": 3 } ],
    "body_parts": [ [ "LEG_L", 1 ], [ "LEG_R", 1 ] ],
    "hit_dmg_u": "The %1$s bashes your leg with its sword!",
    "hit_dmg_npc": "The %1$s swordbashed <npcname>'s leg!",
    "no_dmg_msg_u": "The %1$s tries to swordbash your leg, but fails to penetrate your armor!",
    "no_dmg_msg_npc": "The %1$s tries to swordbash <npcname>'s leg, but fails to penetrate their armor!"
  },
  {
    "type": "monster_attack",
    "attack_type": "melee",
    "id": "swordslashtrip",
    "cooldown": 26,
    "move_cost": 125,
    "damage_max_instance": [ { "damage_type": "biological", "amount": 1 }, { "damage_type": "cut", "amount": 12 } ],
    "effects": [ { "id": "downed", "duration": 3 } ],
    "body_parts": [ [ "LEG_L", 1 ], [ "LEG_R", 1 ] ],
    "hit_dmg_u": "The %1$s slashes your leg with its sword!",
    "hit_dmg_npc": "The %1$s swordslashed <npcname>'s leg!",
    "no_dmg_msg_u": "The %1$s tries to swordslash your leg, but fails to penetrate your armor!",
    "no_dmg_msg_npc": "The %1$s tries to swordslash <npcname>'s leg, but fails to penetrate their armor!"
  },
  {
    "type": "monster_attack",
    "attack_type": "melee",
    "id": "swordbash",
    "cooldown": 15,
    "move_cost": 150,
    "damage_max_instance": [ { "damage_type": "bash", "amount": 11, "armor_multiplier": 0.7 } ],
    "effects": [ { "id": "stunned", "duration": 2 } ],
    "hit_dmg_u": "The %1$s bashes you with its sword!",
    "hit_dmg_npc": "The %1$s swordbashed <npcname>!",
    "no_dmg_msg_u": "The %1$s tries to swordbash you, but fails to penetrate your armor!",
    "no_dmg_msg_npc": "The %1$s tries to swordbash <npcname>, but fails to penetrate their armor!"
  },
  {
    "type": "monster_attack",
    "attack_type": "melee",
    "id": "swordslashshp",
    "cooldown": 12,
    "move_cost": 300,
    "damage_max_instance": [ { "damage_type": "cut", "amount": 26, "armor_multiplier": 0.6 } ],
    "hit_dmg_u": "The %1$s slashed you with its sword!",
    "hit_dmg_npc": "The %1$s swordslashed <npcname>!",
    "no_dmg_msg_u": "The %1$s tries to swordslash you, but fails to penetrate your armor!",
    "no_dmg_msg_npc": "The %1$s tries to swordslash <npcname>, but fails to penetrate their armor!"
  },
  {
    "type": "monster_attack",
    "attack_type": "melee",
    "id": "swordslashsrt",
    "cooldown": 14,
    "move_cost": 300,
    "damage_max_instance": [
      { "damage_type": "cut", "amount": 11, "armor_multiplier": 0.6 },
      { "damage_type": "stab", "amount": 14, "armor_multiplier": 0.7 }
    ],
    "hit_dmg_u": "The %1$s slashed you with its sword!",
    "hit_dmg_npc": "The %1$s swordslashed <npcname>!",
    "no_dmg_msg_u": "The %1$s tries to swordslash you, but fails to penetrate your armor!",
    "no_dmg_msg_npc": "The %1$s tries to swordslash <npcname>, but fails to penetrate their armor!"
  },
  {
    "type": "monster_attack",
    "attack_type": "melee",
    "id": "spiderbodyhug",
    "cooldown": 35,
    "move_cost": 300,
    "damage_max_instance": [ { "damage_type": "biological", "amount": 1 } ],
    "effects": [ { "id": "downed", "duration": 3 }, { "id": "grabbed", "duration": 10, "bp": "TORSO" } ],
    "body_parts": [ [ "LEG_L", 1 ], [ "LEG_R", 1 ] ],
    "hit_dmg_u": "The %1$s hugs you widely with its arms!",
    "hit_dmg_npc": "The %1$s hugs <npcname>!",
    "no_dmg_msg_u": "The %1$s tries to hug you, but fails to take effect!",
    "no_dmg_msg_npc": "The %1$s tries to hug <npcname>, but fails to take effect!"
  },
  {
    "type": "monster_attack",
    "attack_type": "melee",
    "id": "ayenel_bitedown",
    "cooldown": 26,
    "move_cost": 175,
    "damage_max_instance": [
      { "damage_type": "bash", "amount": 16, "armor_multiplier": 0.8 },
      { "damage_type": "cut", "amount": 10, "armor_multiplier": 0.6 }
    ],
    "effects": [ { "id": "downed", "duration": 5 } ],
    "hit_dmg_u": "The %1$s slams you to the floor with its mouth!",
    "hit_dmg_npc": "The %1$s bites <npcname> into the ground!",
    "no_dmg_msg_u": "The %1$s tries to bite you down, but fails to penetrate your armor!",
    "no_dmg_msg_npc": "The %1$s tries to bite down <npcname>, but fails to penetrate their armor!"
  },
  {
    "type": "monster_attack",
    "attack_type": "melee",
    "id": "ayenel_swing",
    "cooldown": 16,
    "move_cost": 225,
    "damage_max_instance": [ { "damage_type": "cut", "amount": 28, "armor_multiplier": 0.6 } ],
    "hit_dmg_u": "The %1$s swings its wide sword on you!",
    "hit_dmg_npc": "The %1$s swings a sword on <npcname>!",
    "no_dmg_msg_u": "The %1$s slashed a sword on you, but fails to penetrate your armor!",
    "no_dmg_msg_npc": "The %1$s slashed its sword on <npcname>, but fails to penetrate their armor!"
  },
  {
    "type": "monster_attack",
    "attack_type": "melee",
    "id": "tendrilslam",
    "cooldown": 20,
    "move_cost": 150,
    "damage_max_instance": [ { "damage_type": "bash", "amount": 15, "armor_penetration": 20 } ],
    "effects": [ { "id": "stunned", "duration": 1 } ],
    "hit_dmg_u": "The %1$s slammed you with its tendril!",
    "hit_dmg_npc": "The %1$s tendril slammed <npcname>!",
    "no_dmg_msg_u": "The %1$s tries to slam you, but fails to penetrate armor!",
    "no_dmg_msg_npc": "The %1$s tries to slam <npcname>, but fails to penetrate armor!"
  },
  {
    "type": "monster_attack",
    "attack_type": "melee",
    "id": "tendrilstab",
    "cooldown": 27,
    "move_cost": 200,
    "attack_range": 2,
    "damage_max_instance": [ { "damage_type": "stab", "amount": 19, "armor_penetration": 15 } ],
    "effects": [ { "id": "stunned", "duration": 1 }, { "id": "bleed", "duration": 15, "bp": "TORSO" } ],
    "body_parts": [ [ "TORSO", 1 ] ],
    "hit_dmg_u": "The %1$s stabbed you with its tendril!",
    "hit_dmg_npc": "The %1$s tendril stabbed <npcname>!",
    "no_dmg_msg_u": "The %1$s tries to stab you, but fails to penetrate armor!",
    "no_dmg_msg_npc": "The %1$s tries to stab <npcname>, but fails to penetrate armor!"
  },
  {
    "type": "monster_attack",
    "attack_type": "melee",
    "id": "tendrilswing",
    "cooldown": 3,
    "move_cost": 75,
    "damage_max_instance": [ { "damage_type": "bash", "amount": 8 } ],
    "hit_dmg_u": "The %1$s quickly swings a tendril!",
    "hit_dmg_npc": "The %1$s hits <npcname> with a tendril!",
    "no_dmg_msg_u": "The %1$s tries to hurt you with tendril, but fails to penetrate armor!",
    "no_dmg_msg_npc": "The %1$s tries to hurt <npcname> with tendril, but fails to penetrate armor!"
  },
  {
    "type": "monster_attack",
    "attack_type": "melee",
    "id": "tendrilgrip",
    "cooldown": 20,
    "move_cost": 250,
    "damage_max_instance": [ { "damage_type": "bash", "amount": 12 } ],
    "effects": [ { "id": "grabbed", "duration": 12, "bp": "TORSO" } ],
    "body_parts": [ [ "TORSO", 1 ] ],
    "hit_dmg_u": "The %1$s grips you!",
    "hit_dmg_npc": "The %1$s grips <npcname>!",
    "no_dmg_msg_u": "The %1$s tries to grip you, but fails to take effect!",
    "no_dmg_msg_npc": "The %1$s tries to grip <npcname>, but fails to take effect!"
  },
  {
    "type": "monster_attack",
    "attack_type": "melee",
    "id": "tendrilheadgrip",
    "cooldown": 50,
    "move_cost": 250,
    "damage_max_instance": [ { "damage_type": "bash", "amount": 9 } ],
    "effects": [ { "id": "grabbed", "duration": 5, "bp": "HEAD" }, { "id": "blind", "duration": 5 } ],
    "body_parts": [ [ "HEAD", 1 ] ],
    "hit_dmg_u": "The %1$s grips your head!",
    "hit_dmg_npc": "The %1$s grips <npcname>'s head!",
    "no_dmg_msg_u": "The %1$s tries to grip your head, but fails to take effect!",
    "no_dmg_msg_npc": "The %1$s tries to grip <npcname>'s head, but fails to take effect!"
  },
  {
    "type": "monster_attack",
    "id": "secrodragon_M240atk",
    "attack_type": "gun",
    "cooldown": 5,
    "move_cost": 150,
    "gun_type": "m240",
    "ammo_type": "308",
    "fake_skills": [ [ "gun", 5 ], [ "rifle", 5 ] ],
    "fake_str": 30,
    "fake_dex": 20,
    "fake_per": 14,
    "max_ammo": 1000,
    "ranges": [ [ 6, 14, "DEFAULT" ], [ 3, 5, "auto" ] ],
    "targeting_cost": 100,
    "targeting_sound": "The M240 implant beeps!",
    "targeting_volume": 25,
    "description": "The secronom dragon's M240 shoots!",
    "no_ammo_sound": "The M240 implant clicks."
  },
  {
    "type": "monster_attack",
    "id": "secrodragon_SSLRatk",
    "attack_type": "gun",
    "cooldown": 2,
    "move_cost": 25,
    "gun_type": "laser_rifle_secrodragon",
    "fake_skills": [ [ "gun", 5 ], [ "rifle", 5 ] ],
    "fake_str": 30,
    "fake_dex": 20,
    "fake_per": 14,
    "max_ammo": 1000,
    "ranges": [ [ 2, 25, "DEFAULT" ] ],
    "targeting_cost": 100,
    "targeting_sound": "The SS laser rifle implant beeps!",
    "targeting_volume": 25,
    "description": "The secronom dragon's laser rifle shoots!",
    "no_ammo_sound": "The SS laser rifle implant clicks."
  },
  {
    "type": "monster_attack",
    "id": "secrodragon_SSGLatk",
    "attack_type": "gun",
    "cooldown": 15,
    "move_cost": 300,
    "gun_type": "SS_grenade_launchersecrodragon",
    "fake_skills": [ [ "gun", 5 ], [ "launcher", 5 ] ],
    "fake_str": 30,
    "fake_dex": 20,
    "fake_per": 14,
    "max_ammo": 1000,
    "ranges": [ [ 12, 30, "DEFAULT" ] ],
    "targeting_cost": 100,
    "targeting_sound": "The SS grenade launcher implant beeps!",
    "targeting_volume": 25,
    "description": "The secronom dragon's grenade launcher shoots!",
    "no_ammo_sound": "The SS grenade launcher implant clicks."
  },
  {
    "type": "monster_attack",
    "id": "secrodragon_pershieldatk",
    "attack_type": "gun",
    "cooldown": 10,
    "move_cost": 0,
    "gun_type": "SS_pershield",
    "fake_skills": [ [ "gun", 5 ], [ "launcher", 5 ] ],
    "fake_str": 30,
    "fake_dex": 20,
    "fake_per": 14,
    "max_ammo": 1000,
    "ranges": [ [ 1, 1, "DEFAULT" ] ],
    "targeting_cost": 0,
    "targeting_sound": "...",
    "targeting_volume": 0,
    "description": "The secronom dragon sends an electric current!",
    "no_ammo_sound": "The perimeter shield shuts down."
  },
  {
    "type": "monster_attack",
    "attack_type": "melee",
    "id": "flesh_vrumbler_thrash",
    "cooldown": 24,
    "move_cost": 150,
    "damage_max_instance": [ { "damage_type": "bash", "amount": 24, "armor_multiplier": 0.4 } ],
    "hit_dmg_u": "The %1$s slams you with its tendril core!",
    "hit_dmg_npc": "The %1$s thrashes <npcname>!",
    "no_dmg_msg_u": "The %1$s tries to slam you, but fails to penetrate your armor!",
    "no_dmg_msg_npc": "The %1$s tries to slam <npcname>, but fails to penetrate their armor!"
  }
]
