[
  {
    "id": "laser_rifle_secrodragon",
    "type": "GUN",
    "reload_noise_volume": 10,
    "name": "SS laser rifle",
    "description": "Thought it was known inferior to A7 laser rifle, SS laser rifle displays efficiency in barraging shots for cheap UPS charges, along with its reduced weight and volume.",
    "weight": 520,
    "volume": 3,
    "price": 610000,
    "to_hit": -2,
    "bashing": 5,
    "material": [ "steel", "plastic" ],
    "symbol": "(",
    "color": "magenta",
    "skill": "rifle",
    "range": 40,
    "ranged_damage": { "damage_type": "stab", "amount": 7, "armor_penetration": 13 },
    "pierce": 10,
    "dispersion": 1000,
    "durability": 10,
    "loudness": 10,
    "ammo_effects": [ "LASER", "INCENDIARY" ],
    "flags": [ "NEVER_JAMS" ]
  },
  {
    "id": "SS_grenade_launchersecrodragon",
    "type": "GUN",
    "name": "SS grenade launcher",
    "description": "A simple grenade launcher for the use of exceptional SS grenades.",
    "weight": 2654,
    "volume": 6,
    "price": 522000,
    "to_hit": -1,
    "bashing": 12,
    "material": [ "steel" ],
    "symbol": ")",
    "color": "light_red",
    "skill": "launcher",
    "range": 50,
    "ranged_damage": { "damage_type": "bash", "amount": 10 },
    "dispersion": 1000,
    "durability": 10,
    "reload": 500,
    "valid_mod_locations": [ [ "accessories", 1 ] ],
    "ammo_effects": [ "EXPLOSIVE" ],
    "flags": [ "NEVER_JAMS" ]
  },
  {
    "id": "SS_pershield",
    "type": "GUN",
    "name": "perimeter shield",
    "description": "It sends a highly damaging current to whoever gets close to the entity equipped with this. May shock the user too.",
    "weight": 10000,
    "volume": 10,
    "price": 100,
    "to_hit": -1,
    "bashing": 12,
    "material": [ "steel" ],
    "symbol": ")",
    "color": "light_red",
    "skill": "launcher",
    "range": 1,
    "ranged_damage": { "damage_type": "electric", "amount": 8 },
    "dispersion": 1000,
    "durability": 10,
    "reload": 100,
    "ammo_effects": [ "LIGHTNING", "BEANBAG", "WIDE" ],
    "note": "Will stun its primary target.",
    "flags": [ "NEVER_JAMS" ]
  },
  {
    "id": "squirtler_bulb",
    "type": "GUN",
    "copy-from": "fake_item",
    "name": "squirting bulb",
    "description": "Bulb of the squirtler.",
    "flags": [ "NEVER_JAMS" ],
    "ammo_effects": [ "NO_DAMAGE_SCALING", "DRAW_AS_LINE" ],
    "skill": "rifle",
    "durability": 10,
    "range": 10,
    "modes": [ [ "N", "near", 5 ], [ "M", "mid", 2 ], [ "L", "far", 1 ] ],
    "dispersion": 1000,
    "ranged_damage": { "damage_type": "acid", "amount": 2 }
  }
]