[
  {
    "note": "Undead creatures that I've made with subtle inspiration to Scorn.",
    "id": "mon_carrion",
    "looks_like": "mon_twisted_body",
    "type": "MONSTER",
    "name": "carrion",
    "description": "Erratic and frightful, a bane from an otherworldly ruined dimension. It has no distinct appearance and is heavily malformed, but noted as a lump of necrotic skin.",
    "default_faction": "carrion",
    "bodytype": "migo",
    "species": [ "UNKNOWN" ],
    "volume": "92500 ml",
    "weight": 120000,
    "hp": 135,
    "speed": 80,
    "material": [ "flesh" ],
    "symbol": "C",
    "color": "red",
    "aggression": 100,
    "morale": 100,
    "melee_skill": 6,
    "melee_dice": 4,
    "melee_dice_sides": 6,
    "melee_cut": 1,
    "dodge": 1,
    "armor_bash": 4,
    "armor_cut": 1,
    "armor_stab": 1,
    "armor_acid": 1,
    "vision_day": 10,
    "vision_night": 3,
    "harvest": "zombie",
    "path_settings": { "max_dist": 5 },
    "special_attacks": [ [ "SHRIEK", 32 ], { "type": "bite", "cooldown": 5, "min_mul": 1 }, [ "GRAB", 20 ] ],
    "death_function": [ "NORMAL" ],
    "flags": [ "SEES", "HEARS", "SMELLS", "WARM", "BASHES", "GROUP_BASH", "POISON", "NO_BREATHE", "SWARMS","REVIVES", "PUSH_MON", "GRABS" ]
  },
  {
    "id": "mon_carrion_dismantler",
    "copy-from": "mon_carrion",
    "looks_like": "mon_twisted_body",
    "type": "MONSTER",
    "name": "carrion dismantler",
    "description": "Overgrown bone blades adore this carrion's limbs, sharp as it glimmers in the light. Stronger and tougher, but it is sluggish than the normal ones.",
    "hp": 140,
    "speed": 70,
    "color": "light_red",
    "melee_skill": 6,
    "melee_dice": 1,
    "melee_dice_sides": 6,
    "melee_cut": 5,
    "dodge": 1,
    "armor_bash": 4,
    "armor_cut": 1,
    "armor_stab": 2,
    "armor_acid": 1,
    "special_attacks": [
      [ "SHRIEK", 32 ],
      { "type": "bite", "cooldown": 5, "min_mul": 1 },
      [ "GRAB", 33 ],
      { "id": "scratch", "damage_max_instance": [ { "damage_type": "cut", "amount": 22 } ] }
    ],
    "death_function": [ "NORMAL" ],
    "flags": [ "SEES", "HEARS", "SMELLS", "WARM", "BASHES", "GROUP_BASH", "POISON", "NO_BREATHE", "SWARMS","REVIVES", "PUSH_MON", "BLEED" ]
  },
  {
    "id": "mon_carrion_orifice",
    "copy-from": "mon_carrion",
    "looks_like": "mon_twisted_body",
    "type": "MONSTER",
    "name": "carrion orifice",
    "description": "Quite larger than the others, this carrion has large, gaping holes scattered around, pressumably the mouths as they are lined with rotten bony materials.",
    "volume": "112500 ml",
    "weight": 134000,
    "hp": 185,
    "speed": 60,
    "color": "red",
    "melee_skill": 6,
    "melee_dice": 2,
    "melee_dice_sides": 6,
    "melee_cut": 4,
    "dodge": 1,
    "armor_bash": 5,
    "armor_cut": 2,
    "armor_stab": 1,
    "armor_acid": 1,
    "special_attacks": [ [ "SHRIEK", 16 ], { "type": "bite", "cooldown": 4 }, [ "GRAB", 22 ] ],
    "death_function": [ "NORMAL" ],
    "flags": [ "SEES", "HEARS", "SMELLS", "WARM", "BASHES", "GROUP_BASH", "POISON", "NO_BREATHE", "REVIVES","SWARMS", "PUSH_MON", "BLEED" ]
  },
  {
    "id": "mon_carrion_alpha",
    "copy-from": "mon_carrion",
    "looks_like": "mon_twisted_body",
    "type": "MONSTER",
    "name": "carrion overseer",
    "description": "A much more dreadful appearance and a loathsome huge body attached with various assortment of limbs and appendages, this carrion leads the pack. Its skin undulates in bloodshot tint as its predominant \"eye\" eagerly skims through the vicinity.",
    "volume": "176000 ml",
    "weight": 160000,
    "hp": 300,
    "speed": 70,
    "color": "red_white",
    "melee_skill": 8,
    "melee_dice": 3,
    "melee_dice_sides": 3,
    "melee_cut": 3,
    "dodge": 1,
    "armor_bash": 8,
    "armor_cut": 3,
    "armor_stab": 1,
    "armor_acid": 1,
    "vision_day": 30,
    "vision_night": 9,
    "special_attacks": [ [ "SHRIEK", 16 ], { "type": "bite", "cooldown": 4 }, [ "GRAB", 22 ] ],
    "death_function": [ "NORMAL" ],
    "flags": [ "SEES", "HEARS", "SMELLS", "WARM", "BASHES", "GROUP_BASH", "POISON", "NO_BREATHE", "REVIVES", "PUSH_MON", "BLEED" ]
  }
]
