[
  {
    "note": "Alien plant creatures with similarities and resemblance to the CDDA's fungal critters.",
    "id": "mon_vector",
    "looks_like": "mon_fungaloid",
    "type": "MONSTER",
    "name": "vector",
    "description": "A briskly, nearly 10-feet tall light blue-ish plant with luminating broad leaves and errant stripes in its stem and branches, twitching wildly as it moves. Feeble yet pleasant to the sight, dust particles enshroud the creature that twinkles like a starry night sky.",
    "default_faction": "vector",
    "species": [ "UNKNOWN" ],
    "volume": "92500 ml",
    "weight": 120000,
    "hp": 95,
    "speed": 60,
    "material": [ "veggy" ],
    "emit_fields": [ "secro_vector_normal", "secro_vector_normal_seeding" ],
    "symbol": "V",
    "color": "light_blue",
    "attack_effs": [ { "id": "vector_infect", "duration": 120, "chance": 5 } ],
    "aggression": -35,
    "morale": 20,
    "melee_skill": 4,
    "melee_dice": 3,
    "melee_dice_sides": 4,
    "melee_cut": 0,
    "dodge": 2,
    "armor_bash": 2,
    "armor_cut": 10,
    "armor_stab": 10,
    "armor_acid": 3,
    "vision_day": 30,
    "vision_night": 12,
    "harvest": "exempt",
    "luminance": 3,
    "path_settings": { "max_dist": 1 },
    "special_attacks": [
      {
        "type": "spell",
        "monster_message": "<color_yellow>%1$s blooms a vector haze!</color>",
        "spell_data": { "id": "mon_vector_rize_smol_target" },
        "cooldown": 14
      }
    ],
    "death_function": [ "NORMAL" ],
    "upgrades": { "age_grow": 6, "into_group": "GROUP_VECTOR_GROW" },
    "anger_triggers": [ "HURT", "FRIEND_ATTACKED", "FRIEND_DIED" ],
    "flags": [ "SEES", "SMELLS", "BASHES", "GROUP_BASH", "NOHEAD", "NO_BREATHE" ]
  },
  {
    "id": "mon_vector_sprout",
    "type": "MONSTER",
    "name": "vector sprout",
    "looks_like": "mon_fungaloid_young",
    "default_faction": "vector",
    "description": "A dangling vector sprout, as tall as a person. Immature, it reeks in twinkling particles from its leaves and thick branches.",
    "volume": "62500 ml",
    "weight": 81500,
    "hp": 45,
    "speed": 50,
    "material": [ "veggy" ],
    "emit_fields": [ "secro_vector_small" ],
    "attack_effs": [ { "id": "vector_infect", "duration": 120, "chance": 5 } ],
    "symbol": "v",
    "color": "light_blue",
    "aggression": -50,
    "morale": 20,
    "melee_skill": 2,
    "melee_dice": 1,
    "melee_dice_sides": 3,
    "melee_cut": 0,
    "armor_bash": 2,
    "armor_cut": 5,
    "armor_stab": 5,
    "armor_acid": 2,
    "dodge": 1,
    "luminance": 2,
    "vision_day": 30,
    "vision_night": 12,
    "harvest": "exempt",
    "upgrades": { "age_grow": 4, "into_group": "GROUP_VECTOR_GROW1" },
    "death_function": [ "DISINTEGRATE" ],
    "special_attacks": [
      {
        "type": "spell",
        "monster_message": "<color_yellow>%1$s blooms a vector haze!</color>",
        "spell_data": { "id": "mon_vector_rize_smol_target" },
        "cooldown": 24
      }
    ],
    "anger_triggers": [ "HURT", "FRIEND_ATTACKED", "FRIEND_DIED" ],
    "flags": [ "SEES", "SMELLS", "NOHEAD", "NO_BREATHE" ]
  },
  {
    "id": "mon_vector_sprig",
    "type": "MONSTER",
    "looks_like": "mon_fungaloid_young",
    "name": "vector sprig",
    "description": "A writhing dark blue-ish stem, with leaves the size of a fist.",
    "volume": "750 ml",
    "weight": 1000,
    "hp": 10,
    "speed": 30,
    "default_faction": "vector",
    "material": [ "veggy" ],
    "symbol": "v",
    "color": "blue",
    "aggression": -50,
    "morale": 20,
    "melee_skill": 1,
    "melee_dice": 1,
    "melee_dice_sides": 2,
    "melee_cut": 0,
    "armor_bash": 1,
    "armor_cut": 3,
    "armor_stab": 3,
    "armor_acid": 1,
    "harvest": "exempt",
    "luminance": 1,
    "vision_day": 30,
    "vision_night": 12,
    "upgrades": { "age_grow": 2, "into_group": "GROUP_VECTOR_GROW2" },
    "death_function": [ "DISINTEGRATE" ],
    "flags": [ "SEES", "SMELLS", "NOHEAD", "NO_BREATHE", "PACIFIST" ]
  },
  {
    "id": "mon_vector_spore",
    "type": "MONSTER",
    "name": "vector spore",
    "looks_like": "mon_spore",
    "description": "A compact dust, blown and floats gently in the air.",
    "volume": "750 ml",
    "weight": 1000,
    "hp": 4,
    "speed": 140,
    "default_faction": "vector",
    "material": [ "veggy" ],
    "emit_fields": [ "secro_vector_smol_seeding" ],
    "symbol": "o",
    "color": "light_blue",
    "aggression": -50,
    "morale": 20,
    "melee_skill": 1,
    "melee_dice": 1,
    "melee_dice_sides": 1,
    "melee_cut": 0,
    "phase": "GAS",
    "dodge": 8,
    "harvest": "exempt",
    "luminance": 1,
    "vision_day": 30,
    "vision_night": 12,
    "upgrades": { "age_grow": 1, "into": "mon_vector_sprig" },
    "special_attacks": [
      [ "DISAPPEAR", 200 ],
      {
        "type": "spell",
        "monster_message": "<color_yellow>%1$s blooms a vector haze!</color>",
        "spell_data": { "id": "mon_vector_rize_smol_target" },
        "cooldown": 38
      }
    ],
    "death_function": [ "DISINTEGRATE" ],
    "flags": [ "SEES", "NOHEAD", "NO_BREATHE", "FLIES", "NOGIB", "PACIFIST" ]
  },
  {
    "id": "mon_vector_seedler",
    "type": "MONSTER",
    "name": "vector bloom",
    "looks_like": "mon_fungal_blossom",
    "description": "A vector with unique floral blooms by the end of its branches. Undulates occasionally, it sends a finer dust into the surroundings.",
    "default_faction": "vector",
    "species": [ "UNKNOWN" ],
    "volume": "92500 ml",
    "weight": 120000,
    "hp": 110,
    "speed": 50,
    "material": [ "veggy" ],
    "emit_fields": [ "secro_vector_stream", "secro_vector_seeding" ],
    "symbol": "V",
    "color": "cyan",
    "aggression": -25,
    "morale": 20,
    "melee_skill": 4,
    "melee_dice": 2,
    "melee_dice_sides": 3,
    "melee_cut": 0,
    "attack_effs": [ { "id": "vector_infect", "duration": 120, "chance": 5 } ],
    "dodge": 1,
    "armor_bash": 3,
    "armor_cut": 13,
    "armor_stab": 13,
    "armor_acid": 3,
    "vision_day": 30,
    "vision_night": 12,
    "harvest": "exempt",
    "path_settings": { "max_dist": 1 },
    "special_attacks": [
      {
        "type": "spell",
        "monster_message": "<color_yellow>%1$s blooms a vector haze!</color>",
        "spell_data": { "id": "mon_vector_rize_big_target" },
        "cooldown": 34
      }
    ],
    "anger_triggers": [ "HURT", "FRIEND_ATTACKED", "FRIEND_DIED" ],
    "death_function": [ "NORMAL" ],
    "flags": [ "SEES", "SMELLS", "BASHES", "GROUP_BASH", "NOHEAD", "NO_BREATHE" ]
  },
  {
    "id": "mon_vector_stinger",
    "type": "MONSTER",
    "looks_like": "mon_fungaloid",
    "name": "vector stinger",
    "description": "Long thorns cover this vector's bark. A thinner with lesser foliage, like a dead bush, but much quicker and seeps in blue-ish thick saps.",
    "default_faction": "vector",
    "species": [ "UNKNOWN" ],
    "volume": "92500 ml",
    "weight": 120000,
    "hp": 90,
    "speed": 80,
    "material": [ "veggy" ],
    "symbol": "V",
    "color": "blue",
    "aggression": -10,
    "morale": 20,
    "attack_effs": [ { "id": "sap", "duration": 10, "chance": 15 }, { "id": "vector_infect", "duration": 120, "chance": 15 } ],
    "melee_skill": 4,
    "melee_dice": 1,
    "melee_dice_sides": 4,
    "melee_cut": 4,
    "dodge": 3,
    "armor_bash": 1,
    "armor_cut": 8,
    "armor_stab": 8,
    "armor_acid": 2,
    "vision_day": 30,
    "vision_night": 12,
    "harvest": "exempt",
    "path_settings": { "max_dist": 1 },
    "death_function": [ "NORMAL" ],
    "anger_triggers": [ "HURT", "FRIEND_ATTACKED", "FRIEND_DIED" ],
    "flags": [ "SEES", "SMELLS", "BASHES", "GROUP_BASH", "NOHEAD", "BLEED", "NO_BREATHE" ]
  },
  {
    "note": "A fungal tower, but moves. Only seen in vector portals.",
    "id": "mon_vector_tree",
    "type": "MONSTER",
    "looks_like": "mon_fungaloid_seeder",
    "name": "vector tree",
    "description": "An elderly vector, much higher and larger than a regular oak tree. Nearly immobile, strands of dense vines cover its thick bark and whenever the wind howls, its starlight dusts spread even further.",
    "default_faction": "vector",
    "species": [ "UNKNOWN" ],
    "volume": "875000 ml",
    "weight": 200000,
    "hp": 690,
    "speed": 2,
    "material": [ "veggy" ],
    "emit_fields": [ "secro_vector_tree_seeding", "secro_vector_tree_spread" ],
    "symbol": "V",
    "color": "cyan",
    "attack_cost": 275,
    "aggression": -100,
    "morale": 20,
    "melee_skill": 10,
    "melee_dice": 10,
    "melee_dice_sides": 6,
    "melee_cut": 4,
    "dodge": 1,
    "attack_effs": [ { "id": "vector_infect", "duration": 120, "chance": 35 } ],
    "armor_bash": 6,
    "armor_cut": 17,
    "armor_stab": 17,
    "armor_acid": 5,
    "vision_day": 30,
    "vision_night": 12,
    "harvest": "exempt",
    "luminance": 10,
    "anger_triggers": [ "HURT", "FRIEND_ATTACKED", "FRIEND_DIED" ],
    "path_settings": { "max_dist": 1 },
    "special_attacks": [
      {
        "type": "spell",
        "monster_message": "<color_yellow>%1$s blooms a vector haze!</color>",
        "spell_data": { "id": "mon_vector_rize_big_target" },
        "cooldown": 18
      }
    ],
    "death_function": [ "NORMAL" ],
    "flags": [ "SEES", "SMELLS", "BASHES", "GROUP_BASH", "NOHEAD", "NO_BREATHE", "STUN_IMMUNE" ]
  }
]
