[
  {
    "type": "profession",
    "ident": "secro_prof_vesselrecruit",
    "name": "Vessel Recruit",
    "description": "You are a military recruit tasked to perform an alpha field test on the bio-organic power armor - the flesh vessel - installed with necessary bionics. After the Cataclysm struck, your connection with the team was lost, and worst, feeding the suit would be a major problem.",
    "points": 4,
    "skills": [
      { "level": 2, "name": "gun" },
      { "level": 1, "name": "rifle" },
      { "level": 2, "name": "melee" },
      { "level": 1, "name": "stabbing" },
      { "level": 1, "name": "dodge" }
    ],
    "CBMs": [
      "bio_power_armor_interface",
      "bio_batteries",
      "bio_power_storage_mkII",
      "bio_power_storage_mkII"
    ],
    "items": {
      "both": {
        "items": [
          "secro_power_armor_module_core"
        ],
        "entries": [
          { "item": "secro_flesh", "count": 10 },
          { "item": "secro_recipe_flesh_field" },
          { "item": "secro_power_armor_flesh", "ammo-item": "secro_flesh", "charges": 100 },
          { "item": "knife_combat" },
          { "group": "charged_cell_phone" }
        ]
      }
    },
    "flags": [ "SCEN_ONLY" ]
  },
  {
    "type": "profession",
    "ident": "secro_prof_pathogenvessel",
    "name": "Pathogenic Experimental",
    "description": "You, a hapless lab rat, were chosen to wear an extremely unstable bio-organic power armor - the flesh vessel \"Pathogen\" - for testing purposes. Although the team may have granted you access to the outside world, your exact movements were monitored. But now that everything has fallen into chaos, you can either free yourself from the suit, or become one with it...",
    "points": 8,
    "skills": [
      { "level": 1, "name": "melee" }
    ],
    "CBMs": [
      "bio_power_armor_interface",
      "bio_batteries",
      "bio_power_storage_mkII",
      "bio_power_storage_mkII",
      "bio_power_storage_mkII"
    ],
    "items": {
      "both": {
        "items": [
          "secro_power_armor_module_core"
        ],
        "entries": [
          { "item": "secro_flesh", "count": 12 },
          { "item": "secro_power_armor_flesh_infect", "ammo-item": "secro_flesh", "charges": 200 },
          { "item": "secro_recipe_flesh_field" },
          { "group": "charged_cell_phone" }
        ]
      }
    },
    "flags": [ "SCEN_ONLY" ]
  }
]