[
  {
    "type": "mutation_category",
    "id": "SECRONOM_EX",
    "name": "Experimental",
    "threshold_mut": "THRESH_SECRONOM_EX",
    "mutagen_message": "You feel so strange.",
    "iv_message": "You inject yoursel-arRGH!",
    "iv_min_mutations": 2,
    "iv_additional_mutations": 1,
    "iv_additional_mutations_chance": 5,
    "iv_fatigue": 65,
    "iv_sound": true,
    "iv_sound_message": "yourself scream in agony!",
    "iv_sound_id": "shout",
    "iv_sound_variant": "scream",
    "iv_noise": 15,
    "iv_sleep": true,
    "iv_sleep_message": "You were knocked unconscious and spasm to the ground.",
    "iv_sleep_dur": 600,
    "memorial_message": "Burst out of humanity."
  },
  {
    "type": "mutation",
    "id": "THRESH_SECRONOM_EX",
    "name": { "str": "Mutant" },
    "points": 1,
    "description": "You're still bothered why'd you choose this mess...",
    "valid": false,
    "purifiable": false,
    "threshold": true
  },
  {
    "id": "mutagen_secronom_ex",
    "copy-from": "mutagen_flavor",
    "type": "COMESTIBLE",
    "name": "experimental mutagen",
    "description": "Mutagen developed by the secronom team. Unstable.",
    "//": "Priceless and unknown.",
    "use_action": { "type": "mutagen", "mutation_category": "SECRONOM_EX" }
  },
  {
    "id": "iv_mutagen_secronom_ex",
    "copy-from": "iv_mutagen_flavor",
    "type": "COMESTIBLE",
    "name": "experimental serum",
    "description": "Super-concentrated mutagen developed by the secronom team. Highly unstable. ",
    "color": "green",
    "use_action": { "type": "mutagen_iv", "mutation_category": "SECRONOM_EX" }
  },
  {
    "type": "mutation",
    "id": "SECRO_TENDRIL",
    "name": { "str": "Tendrils" },
    "points": -3,
    "visibility": 6,
    "ugliness": 6,
    "mixed_effect": true,
    "valid": false,
    "description": "Your arms were replaced by a pair of tough, skinny tendrils. Good for combat, but it's stiff and prevents you from wearing gloves.",
    "types": [ "HANDS" ],
    "restricts_gear": [ "HAND_L", "HAND_R" ],
    "changes_to": [ "SECRO_TENDRIL_TENT", "SECRO_TENDRIL_THICK" ],
    "cancels": [
      "NAILS",
      "CLAWS",
      "TALONS",
      "WEBBED",
      "ARM_TENTACLES",
      "SECRO_BLADE_L",
      "SECRO_SPIDER",
      "SECRO_TENDRIL_THICK_THRESHOLD",
      "SECRO_TENDRIL_TENT_THRESHOLD",
      "SECRO_BLADE_SHARP_THRESHOLD",
      "SECRO_BLADE_SERRATED_THRESHOLD"
    ],
    "encumbrance_always": [ [ "HAND_L", 20 ], [ "HAND_R", 20 ] ],
    "encumbrance_covered": [ [ "HAND_L", 30 ], [ "HAND_R", 30 ] ],
    "rand_bash_bonus": { "min": 1, "max": 3 },
    "attacks": [
      {
        "attack_text_u": "You slap %s with your tendrils",
        "attack_text_npc": "%1$s strikes %2$s with their tendrils",
        "body_part": [ "HAND_L", "HAND_R" ],
        "chance": 10,
        "strength_damage": { "damage_type": "bash", "amount": 0.5 }
      }
    ],
    "armor": [ { "parts": [ "ARM_L", "ARM_R" ], "bash": 2 } ],
    "category": [ "SECRONOM_EX" ]
  },
  {
    "type": "mutation",
    "id": "SECRO_TENDRIL_THICK",
    "name": { "str": "Thick Tendrils" },
    "points": -5,
    "visibility": 8,
    "ugliness": 6,
    "mixed_effect": true,
    "valid": false,
    "description": "You've got a pair of large, thick tendrils sprouting from your arms. They decreases your dex by 2, but impacts more damage and has increased bash resistance.",
    "types": [ "HANDS" ],
    "restricts_gear": [ "HAND_L", "HAND_R" ],
    "prereqs": [ "SECRO_TENDRIL" ],
    "additions": [ "SECRO_TENDRIL_THICK_THRESHOLD" ],
    "encumbrance_always": [ [ "HAND_L", 45 ], [ "HAND_R", 45 ] ],
    "encumbrance_covered": [ [ "HAND_L", 55 ], [ "HAND_R", 55 ] ],
    "rand_bash_bonus": { "min": 3, "max": 8 },
    "attacks": [
      {
        "attack_text_u": "You slap %s with your thick tendrils",
        "attack_text_npc": "%1$s strikes %2$s with their thick tendrils",
        "body_part": [ "HAND_L", "HAND_R" ],
        "chance": 10,
        "strength_damage": { "damage_type": "bash", "amount": 0.7 }
      }
    ],
    "armor": [ { "parts": [ "ARM_L", "ARM_R" ], "bash": 6 } ],
    "passive_mods": { "dex_mod": -2 },
    "category": [ "SECRONOM_EX" ]
  },
  {
    "type": "mutation",
    "id": "SECRO_TENDRIL_TENT",
    "name": { "str": "Tendricles" },
    "points": -5,
    "visibility": 6,
    "ugliness": 10,
    "mixed_effect": true,
    "valid": false,
    "description": "Your whole body has small wriggly tentacle outgrowths, while your tendril pairs became shorter in length, increasing dex by 1 and decreasing their encumbrance and impact damage. The outgrowths are tough, providing 1 bash resistance to all body parts, yet increases their encumbrance by 5 and becomes much more uncomfortable when wearing tight clothes.",
    "types": [ "HANDS" ],
    "restricts_gear": [ "HAND_L", "HAND_R" ],
    "prereqs": [ "SECRO_TENDRIL" ],
    "additions": [ "SECRO_TENDRIL_TENT_THRESHOLD" ],
    "encumbrance_always": [
      [ "HAND_L", 15 ],
      [ "HAND_R", 15 ],
      [ "FOOT_R", 5 ],
      [ "FOOT_L", 5 ],
      [ "LEG_R", 5 ],
      [ "LEG_L", 5 ],
      [ "TORSO", 5 ],
      [ "HEAD", 5 ],
      [ "ARM_L", 5 ],
      [ "ARM_R", 5 ]
    ],
    "encumbrance_covered": [
      [ "HAND_L", 25 ],
      [ "HAND_R", 25 ],
      [ "FOOT_R", 25 ],
      [ "FOOT_L", 25 ],
      [ "LEG_R", 25 ],
      [ "LEG_L", 25 ],
      [ "TORSO", 25 ],
      [ "HEAD", 25 ],
      [ "ARM_L", 25 ],
      [ "ARM_R", 25 ]
    ],
    "rand_bash_bonus": { "min": 1, "max": 2 },
    "attacks": [
      {
        "attack_text_u": "You slap %s with your tendrils",
        "attack_text_npc": "%1$s strikes %2$s with their tendrils",
        "body_part": [ "HAND_L", "HAND_R" ],
        "chance": 10,
        "strength_damage": { "damage_type": "bash", "amount": 0.375 }
      },
      {
        "attack_text_u": "You pierced %s with your tendrils",
        "attack_text_npc": "%1$s pierces %2$s with their tendrils",
        "body_part": [ "HAND_L", "HAND_R" ],
        "chance": 30,
        "strength_damage": { "damage_type": "stab", "amount": 0.3 }
      }
    ],
    "armor": [ { "parts": [ "ARM_L", "ARM_R" ], "bash": 1 }, { "parts": "ALL", "bash": 2 } ],
    "passive_mods": { "dex_mod": 1 },
    "attackcost_modifier": 0.95,
    "category": [ "SECRONOM_EX" ]
  },
  {
    "type": "mutation",
    "id": "SECRO_TENDRIL_THICK_THRESHOLD",
    "name": { "str": "Core - Tendril" },
    "points": 10,
    "visibility": 2,
    "ugliness": 0,
    "valid": false,
    "description": "Your tendrils limbs have become tougher, stronger and darker in hue due to prolonged mutations. Permanently increases your strength by 2, bash damage by 4 and their physical resistance by 4.",
    "prereqs": [ "SECRO_TENDRIL_THICK" ],
    "threshreq": [ "THRESH_SECRONOM_EX" ],
    "cancels": [ "SECRO_BLADE_SHARP_THRESHOLD", "SECRO_BLADE_SERRATED_THRESHOLD", "SECRO_TENDRIL_TENT_THRESHOLD" ],
    "armor": [ { "parts": [ "ARM_L", "ARM_R" ], "bash": 4 } ],
    "bash_dmg_bonus": 4,
    "passive_mods": { "str_mod": 2 },
    "category": [ "SECRONOM_EX" ]
  },
  {
    "type": "mutation",
    "id": "SECRO_TENDRIL_TENT_THRESHOLD",
    "name": { "str": "Core - Tendril" },
    "points": 10,
    "visibility": 2,
    "ugliness": 0,
    "valid": false,
    "description": "One of your tendril limbs have swollen a bit, and faintly pulsates in velvety hue. If activated, this tendril hardens, extends and becomes a special whip-like weapon for a few turns.",
    "prereqs": [ "SECRO_TENDRIL_TENT" ],
    "threshreq": [ "THRESH_SECRONOM_EX" ],
    "cancels": [ "SECRO_TENDRIL_THICK_THRESHOLD", "SECRO_BLADE_SERRATED_THRESHOLD", "SECRO_BLADE_SHARP_THRESHOLD" ],
    "spells_learned": [ [ "SECRO_TENDRIL_TENT_THRESHOLD_item", 1 ] ],
    "category": [ "SECRONOM_EX" ]
  },
  {
    "type": "mutation",
    "id": "SECRO_BLADE_L",
    "name": { "str": "Bone Blade" },
    "points": -3,
    "visibility": 8,
    "ugliness": 5,
    "mixed_effect": true,
    "valid": false,
    "description": "Your left hand has lost its flesh, revealing only a stout bone blade. It prevents you from wearing gloves nor handling anything with, but has great resistance against physical damage plus it packs a wallop.",
    "types": [ "HANDS" ],
    "restricts_gear": [ "HAND_L" ],
    "changes_to": [ "SECRO_BLADE_L_SHARP", "SECRO_BLADE_L_SERRATED" ],
    "cancels": [
      "NAILS",
      "CLAWS",
      "TALONS",
      "WEBBED",
      "ARM_TENTACLES",
      "SECRO_TENDRIL",
      "SECRO_SPIDER",
      "SECRO_TENDRIL_THICK_THRESHOLD",
      "SECRO_TENDRIL_TENT_THRESHOLD",
      "SECRO_BLADE_SHARP_THRESHOLD",
      "SECRO_BLADE_SERRATED_THRESHOLD"
    ],
    "encumbrance_always": [ [ "HAND_L", 100 ] ],
    "rand_bash_bonus": { "min": 4, "max": 8 },
    "armor": [ { "parts": "ARM_L", "bash": 10, "cut": 10, "stab": 10 } ],
    "category": [ "SECRONOM_EX" ]
  },
  {
    "type": "mutation",
    "id": "SECRO_BLADE_L_SHARP",
    "name": { "str": "Sharpened Bone Blade" },
    "points": -6,
    "visibility": 8,
    "ugliness": 3,
    "mixed_effect": true,
    "valid": false,
    "description": "Your bone blade became lighter, thinner and has a sharpened edge, like that of a sword. Instead of impact damage, it cuts through flesh with ease.",
    "types": [ "HANDS" ],
    "restricts_gear": [ "HAND_L" ],
    "prereqs": [ "SECRO_BLADE_L" ],
    "additions": [ "SECRO_BLADE_SHARP_THRESHOLD" ],
    "encumbrance_always": [ [ "HAND_L", 100 ] ],
    "rand_cut_bonus": { "min": 4, "max": 12 },
    "armor": [ { "parts": "ARM_L", "bash": 6, "cut": 6, "stab": 6 } ],
    "attackcost_modifier": 0.9,
    "category": [ "SECRONOM_EX" ]
  },
  {
    "type": "mutation",
    "id": "SECRO_BLADE_L_SERRATED",
    "name": { "str": "Serrated Bone Blade" },
    "points": -5,
    "visibility": 8,
    "ugliness": 8,
    "mixed_effect": true,
    "valid": false,
    "description": "Your bone blade has greatly altered, forming irregular bone outgrowths all around the surface. It is heavier and very unpleasant to the sight, but beneficial for both defense and offense.",
    "types": [ "HANDS" ],
    "restricts_gear": [ "HAND_L" ],
    "prereqs": [ "SECRO_BLADE_L" ],
    "additions": [ "SECRO_BLADE_SERRATED_THRESHOLD" ],
    "encumbrance_always": [ [ "HAND_L", 100 ] ],
    "rand_cut_bonus": { "min": 3, "max": 8 },
    "rand_bash_bonus": { "min": 3, "max": 8 },
    "armor": [ { "parts": "ARM_L", "bash": 14, "cut": 14, "stab": 14 } ],
    "attackcost_modifier": 1.05,
    "category": [ "SECRONOM_EX" ]
  },
  {
    "type": "mutation",
    "id": "SECRO_BLADE_SHARP_THRESHOLD",
    "name": { "str": "Core - Blade" },
    "points": 10,
    "visibility": 4,
    "ugliness": 2,
    "valid": false,
    "description": "Your blade has been engulfed by veins, pulsating in sync with your beats. It glows brighter whenever you take damage from a foe. Receiving damage from an enemy attack increases your combat abilities for a short period of time.",
    "prereqs": [ "SECRO_BLADE_L_SHARP" ],
    "cancels": [ "SECRO_TENDRIL_THICK_THRESHOLD", "SECRO_TENDRIL_TENT_THRESHOLD", "SECRO_BLADE_SERRATED_THRESHOLD" ],
    "threshreq": [ "THRESH_SECRONOM_EX" ],
    "enchantments": [ "SECRO_BLADE_SHARP_THRESHOLD_core_ench" ],
    "category": [ "SECRONOM_EX" ]
  },
  {
    "type": "mutation",
    "id": "SECRO_BLADE_SERRATED_THRESHOLD",
    "name": { "str": "Core - Blade" },
    "points": 10,
    "visibility": 4,
    "ugliness": 4,
    "valid": false,
    "description": "Your blade were overwhelmed by flesh strands, throbbing at a constant rate. These strands react from enemy attacks, which causes them to spread and cover your extremities. Whenever you take damage from a foe, your chance of blocking their attacks will increase for a few moments, but also decreases your mobility and attack speed.",
    "threshreq": [ "THRESH_SECRONOM_EX" ],
    "prereqs": [ "SECRO_BLADE_L_SERRATED" ],
    "cancels": [ "SECRO_TENDRIL_THICK_THRESHOLD", "SECRO_TENDRIL_TENT_THRESHOLD", "SECRO_BLADE_SHARP_THRESHOLD" ],
    "enchantments": [ "SECRO_BLADE_SERRATED_THRESHOLD_core_ench" ],
    "category": [ "SECRONOM_EX" ]
  },
  {
    "type": "mutation",
    "id": "SECRO_TITAN",
    "name": { "str": "Irregular Bone Outgrowths" },
    "points": -2,
    "visibility": 10,
    "ugliness": 8,
    "mixed_effect": true,
    "valid": false,
    "description": "Sharp bones protrude through your skin, extending at random angles. In exchange of mobility and 10 encumberance to all body parts, they greatly protect you from harm.",
    "types": [ "SKIN" ],
    "changes_to": [ "SECRO_TITAN2" ],
    "cancels": [ "SKIN_ROUGH", "CHITIN", "CHITIN_FUR", "SCALES" ],
    "encumbrance_always": [
      [ "HAND_L", 10 ],
      [ "HAND_R", 10 ],
      [ "FOOT_R", 10 ],
      [ "FOOT_L", 10 ],
      [ "LEG_R", 10 ],
      [ "LEG_L", 10 ],
      [ "TORSO", 10 ],
      [ "HEAD", 10 ],
      [ "ARM_L", 10 ],
      [ "ARM_R", 10 ]
    ],
    "encumbrance_covered": [
      [ "HAND_L", 7 ],
      [ "HAND_R", 7 ],
      [ "FOOT_R", 7 ],
      [ "FOOT_L", 7 ],
      [ "LEG_R", 7 ],
      [ "LEG_L", 7 ],
      [ "TORSO", 7 ],
      [ "HEAD", 7 ],
      [ "ARM_L", 7 ],
      [ "ARM_R", 7 ]
    ],
    "armor": [ { "parts": "ALL", "cut": 4, "bash": 4, "stab": 4 } ],
    "dodge_modifier": -0.1,
    "movecost_swim_modifier": 1.025,
    "movecost_modifier": 1.025,
    "attackcost_modifier": 1.025,
    "enchantments": [ "SECRO_TITAN_spike_ench" ],
    "category": [ "SECRONOM_EX" ]
  },
  {
    "type": "mutation",
    "id": "SECRO_TITAN2",
    "name": { "str": "Plated Bone Outgrowths" },
    "points": -4,
    "visibility": 10,
    "ugliness": 5,
    "mixed_effect": true,
    "valid": false,
    "description": "The bone outgrowths has extended further, and their angles has slightly adjusted. Underneath them are irregular bone plates that spread over your skin, expanding their coverage. Significantly improves your defensive capabilities, however, they harshly affect your mobility and increases encumberance by 15 caused by additional weight.",
    "types": [ "SKIN" ],
    "prereqs": [ "SECRO_TITAN" ],
    "changes_to": [ "SECRO_TITAN_OK", "SECRO_TITAN_NOTOK" ],
    "encumbrance_always": [
      [ "HAND_L", 15 ],
      [ "HAND_R", 15 ],
      [ "FOOT_R", 15 ],
      [ "FOOT_L", 15 ],
      [ "LEG_R", 15 ],
      [ "LEG_L", 15 ],
      [ "TORSO", 15 ],
      [ "HEAD", 15 ],
      [ "ARM_L", 15 ],
      [ "ARM_R", 15 ]
    ],
    "encumbrance_covered": [
      [ "HAND_L", 10 ],
      [ "HAND_R", 10 ],
      [ "FOOT_R", 10 ],
      [ "FOOT_L", 10 ],
      [ "LEG_R", 10 ],
      [ "LEG_L", 10 ],
      [ "TORSO", 10 ],
      [ "HEAD", 10 ],
      [ "ARM_L", 10 ],
      [ "ARM_R", 10 ]
    ],
    "armor": [ { "parts": "ALL", "cut": 6, "bash": 6, "stab": 6 } ],
    "dodge_modifier": -0.125,
    "movecost_swim_modifier": 1.075,
    "movecost_modifier": 1.075,
    "attackcost_modifier": 1.075,
    "enchantments": [ "SECRO_TITAN_spike_ench" ],
    "category": [ "SECRONOM_EX" ]
  },
  {
    "type": "mutation",
    "id": "SECRO_TITAN_OK",
    "name": { "str": "Bone Cuirass" },
    "points": 6,
    "visibility": 10,
    "ugliness": 4,
    "valid": false,
    "description": "Your bone outgrowths became an external layer of armor, which fits and excels at protecting your body while severely reducing the length of the spikes. The spikes have adjusted enough to reduce movement penalties and encumberance to 8, but permanently disables the ability to pierce the attackers.",
    "types": [ "SKIN" ],
    "prereqs": [ "SECRO_TITAN2" ],
    "encumbrance_always": [
      [ "HAND_L", 8 ],
      [ "HAND_R", 8 ],
      [ "FOOT_R", 8 ],
      [ "FOOT_L", 8 ],
      [ "LEG_R", 8 ],
      [ "LEG_L", 8 ],
      [ "TORSO", 8 ],
      [ "HEAD", 8 ],
      [ "ARM_L", 8 ],
      [ "ARM_R", 8 ]
    ],
    "encumbrance_covered": [
      [ "HAND_L", 5 ],
      [ "HAND_R", 5 ],
      [ "FOOT_R", 5 ],
      [ "FOOT_L", 5 ],
      [ "LEG_R", 5 ],
      [ "LEG_L", 5 ],
      [ "TORSO", 5 ],
      [ "HEAD", 5 ],
      [ "ARM_L", 5 ],
      [ "ARM_R", 5 ]
    ],
    "armor": [ { "parts": "ALL", "cut": 9, "bash": 9, "stab": 9 } ],
    "dodge_modifier": -0.075,
    "movecost_swim_modifier": 1.05,
    "movecost_modifier": 1.05,
    "attackcost_modifier": 1.05,
    "category": [ "SECRONOM_EX" ]
  },
  {
    "type": "mutation",
    "id": "SECRO_TITAN_NOTOK",
    "name": { "str": "Massive Bone Outgrowths" },
    "points": -8,
    "visibility": 10,
    "ugliness": 10,
    "valid": false,
    "description": "Your bone outgrowths have altered to a great extent - bone plates have swollen and the spikes grew unnecessary sets of smaller variations. Aside from its significantly improved defense that adds 12 physical resistance to all body parts, its weight and thickness are a hassle, permanently increasing encumberance by 20 and a greatly reduced mobility.",
    "types": [ "SKIN" ],
    "prereqs": [ "SECRO_TITAN2" ],
    "encumbrance_always": [
      [ "HAND_L", 20 ],
      [ "HAND_R", 20 ],
      [ "FOOT_R", 20 ],
      [ "FOOT_L", 20 ],
      [ "LEG_R", 20 ],
      [ "LEG_L", 20 ],
      [ "TORSO", 20 ],
      [ "HEAD", 20 ],
      [ "ARM_L", 20 ],
      [ "ARM_R", 20 ]
    ],
    "encumbrance_covered": [
      [ "HAND_L", 15 ],
      [ "HAND_R", 15 ],
      [ "FOOT_R", 15 ],
      [ "FOOT_L", 15 ],
      [ "LEG_R", 15 ],
      [ "LEG_L", 15 ],
      [ "TORSO", 15 ],
      [ "HEAD", 15 ],
      [ "ARM_L", 15 ],
      [ "ARM_R", 10 ]
    ],
    "armor": [ { "parts": "ALL", "cut": 12, "bash": 12, "stab": 12 } ],
    "dodge_modifier": -0.2,
    "movecost_swim_modifier": 1.15,
    "movecost_modifier": 1.15,
    "attackcost_modifier": 1.15,
    "enchantments": [ "SECRO_TITAN_NOTOK_spike_ench" ],
    "category": [ "SECRONOM_EX" ]
  },
  {
    "type": "mutation",
    "id": "SECRO_SPIDER",
    "name": { "str": "Arachnid Limbs" },
    "points": 4,
    "visibility": 6,
    "ugliness": 8,
    "mixed_effect": true,
    "valid": false,
    "description": "You grew 2 additional pairs of arms sticking out from the sides of your torso close to the abdominal part. They seem to function as duplicates of normal ones, gaining 1 permanent dex and making them beneficial for crafting, combat and vaulting through objects, but increases torsal encumberance by 10 which triples when you wear a tight clothing.",
    "types": [ "HANDS" ],
    "changes_to": [ "SECRO_SPIDER_OK", "SECRO_SPIDER_NOTOK" ],
    "cancels": [
      "NAILS",
      "CLAWS",
      "TALONS",
      "WEBBED",
      "ARM_TENTACLES",
      "SECRO_TENDRIL",
      "SECRO_BLADE_L",
      "SECRO_TENDRIL_THICK_THRESHOLD",
      "SECRO_TENDRIL_TENT_THRESHOLD",
      "SECRO_BLADE_SHARP_THRESHOLD",
      "SECRO_BLADE_SERRATED_THRESHOLD"
    ],
    "encumbrance_always": [ [ "TORSO", 10 ] ],
    "encumbrance_covered": [ [ "TORSO", 30 ] ],
    "attackcost_modifier": 0.95,
    "movecost_obstacle_modifier": 0.95,
    "craft_skill_bonus": [
      [ "electronics", 1 ],
      [ "tailor", 1 ],
      [ "mechanics", 1 ],
      [ "firstaid", 1 ],
      [ "computer", 1 ],
      [ "traps", 1 ],
      [ "fabrication", 1 ],
      [ "cooking", 1 ],
      [ "survival", 1 ]
    ],
    "passive_mods": { "dex_mod": 1 },
    "category": [ "SECRONOM_EX" ]
  },
  {
    "type": "mutation",
    "id": "SECRO_SPIDER_OK",
    "name": { "str": "Augmented Arachnid Limbs" },
    "points": 6,
    "visibility": 6,
    "ugliness": 8,
    "valid": false,
    "description": "Your additional limbs have become more responsive, which eases your control over them. They permanently increases your dex by 2 and slightly improving its basic modifiers.",
    "types": [ "HANDS" ],
    "prereqs": [ "SECRO_SPIDER" ],
    "changes_to": [ "SECRO_SPIDER_VERYOK", "SECRO_SPIDER_NOTOK" ],
    "encumbrance_always": [ [ "TORSO", 10 ] ],
    "encumbrance_covered": [ [ "TORSO", 30 ] ],
    "attackcost_modifier": 0.925,
    "movecost_obstacle_modifier": 0.925,
    "craft_skill_bonus": [
      [ "electronics", 1 ],
      [ "tailor", 1 ],
      [ "mechanics", 1 ],
      [ "firstaid", 1 ],
      [ "computer", 1 ],
      [ "traps", 1 ],
      [ "fabrication", 1 ],
      [ "cooking", 1 ],
      [ "survival", 1 ]
    ],
    "passive_mods": { "dex_mod": 2 },
    "category": [ "SECRONOM_EX" ]
  },
  {
    "type": "mutation",
    "id": "SECRO_SPIDER_NOTOK",
    "name": { "str": "Deformed Arachnid Limbs" },
    "points": -7,
    "visibility": 6,
    "ugliness": 8,
    "valid": false,
    "description": "Your extra limbs became twisted and malformed, which slightly affects the movements of your arms. They removed your permanent dex, increased your torsal encumberance by 15 and a drastic reduction to its basic modifiers.",
    "types": [ "HANDS" ],
    "prereqs": [ "SECRO_SPIDER_OK" ],
    "encumbrance_always": [ [ "TORSO", 15 ] ],
    "encumbrance_covered": [ [ "TORSO", 45 ] ],
    "attackcost_modifier": 0.975,
    "movecost_obstacle_modifier": 0.975,
    "category": [ "SECRONOM_EX" ]
  },
  {
    "type": "mutation",
    "id": "SECRO_SPIDER_VERYOK",
    "name": { "str": "Superior Arachnid Limbs" },
    "points": 8,
    "visibility": 6,
    "ugliness": 8,
    "valid": false,
    "description": "Further mutations has caused your limbs to unify with your cerebral cortex, accepting them as part of your body. With full control over them, they permanently increases your dex by 3 and significantly improves the basic modifiers.",
    "types": [ "HANDS" ],
    "prereqs": [ "SECRO_SPIDER_OK" ],
    "encumbrance_always": [ [ "TORSO", 10 ] ],
    "encumbrance_covered": [ [ "TORSO", 30 ] ],
    "attackcost_modifier": 0.875,
    "movecost_obstacle_modifier": 0.875,
    "craft_skill_bonus": [
      [ "electronics", 2 ],
      [ "tailor", 2 ],
      [ "mechanics", 2 ],
      [ "firstaid", 2 ],
      [ "computer", 2 ],
      [ "traps", 2 ],
      [ "fabrication", 2 ],
      [ "cooking", 2 ],
      [ "survival", 2 ]
    ],
    "passive_mods": { "dex_mod": 3 },
    "category": [ "SECRONOM_EX" ]
  },
  {
    "type": "mutation",
    "id": "SECRO_LICKER",
    "name": { "str": "Lushen Tongue" },
    "points": 4,
    "visibility": 4,
    "ugliness": 4,
    "mixed_effect": true,
    "valid": false,
    "description": "Your tongue have become long and slender that stretches and retracts at your will. It somewhat helps you in sensing scents and movements.",
    "types": [ "MUZZLE" ],
    "changes_to": [ "SECRO_LICKER_DEF", "SECRO_LICKER_ATK" ],
    "cancels": [ "MOUTH_TENTACLES", "MOUTH_FLAPS", "SECRO_LICKER_ATK_THRESHOLD" ],
    "dodge_modifier": 0.05,
    "hearing_modifier": 0.1,
    "attacks": [
      {
        "attack_text_u": "You lick %s",
        "attack_text_npc": "%1$s licks %2$s",
        "body_part": [ "MOUTH" ],
        "chance": 30,
        "strength_damage": { "damage_type": "bash", "amount": 0.3 }
      }
    ],
    "category": [ "SECRONOM_EX" ]
  },
  {
    "type": "mutation",
    "id": "SECRO_LICKER_NOTOK",
    "name": { "str": "Malformed Tongue" },
    "points": -6,
    "visibility": 6,
    "ugliness": 10,
    "valid": false,
    "description": "Your tongue has deformed into a large, unpleasant tendril-like flesh strand. It greatly hampers your breathing, reducing your stamina by 30% and is useless when it comes to sensing nearby creatures.",
    "types": [ "MUZZLE" ],
    "prereqs": [ "SECRO_LICKER_ATK", "SECRO_LICKER_DEF" ],
    "social_modifiers": { "persuade": -15, "lie": -15 },
    "max_stamina_modifier": 0.7,
    "attacks": [
      {
        "attack_text_u": "You lick %s",
        "attack_text_npc": "%1$s licks %2$s",
        "body_part": [ "MOUTH" ],
        "chance": 75,
        "strength_damage": { "damage_type": "bash", "amount": 0.5 }
      }
    ],
    "category": [ "SECRONOM_EX" ]
  },
  {
    "type": "mutation",
    "id": "SECRO_LICKER_DEF",
    "name": { "str": "Callous Tongue" },
    "points": 4,
    "visibility": 5,
    "ugliness": 6,
    "mixed_effect": true,
    "valid": false,
    "description": "From prolonged alteration, your tongue have sightly become thicker and harder, yet still retains its flexibility.",
    "types": [ "MUZZLE" ],
    "prereqs": [ "SECRO_LICKER" ],
    "changes_to": [ "SECRO_LICKER_DEF_OK", "SECRO_LICKER_NOTOK" ],
    "dodge_modifier": 0.04,
    "hearing_modifier": 0.1,
    "social_modifiers": { "persuade": -3, "lie": -3 },
    "attacks": [
      {
        "attack_text_u": "You lick %s",
        "attack_text_npc": "%1$s licks %2$s",
        "body_part": [ "MOUTH" ],
        "chance": 50,
        "strength_damage": { "damage_type": "bash", "amount": 0.5 }
      }
    ],
    "category": [ "SECRONOM_EX" ]
  },
  {
    "type": "mutation",
    "id": "SECRO_LICKER_DEF_OK",
    "name": { "str": "Tongue Hypertrophy" },
    "points": 4,
    "visibility": 6,
    "ugliness": 8,
    "mixed_effect": true,
    "valid": false,
    "description": "Your tongue has hardened and swollen a bit. You find conversations tricky and its larger scale has greatly reduced their sensing capability, yet their resistance helps alot in blocking incoming damage.",
    "types": [ "MUZZLE" ],
    "prereqs": [ "SECRO_LICKER_DEF" ],
    "dodge_modifier": 0.0175,
    "hearing_modifier": 0.01,
    "social_modifiers": { "persuade": -10, "lie": -10 },
    "armor": [ { "parts": "HEAD", "cut": 2, "bash": 4, "stab": 2 } ],
    "attacks": [
      {
        "attack_text_u": "You lick %s",
        "attack_text_npc": "%1$s licks %2$s",
        "body_part": [ "MOUTH" ],
        "chance": 50,
        "strength_damage": { "damage_type": "bash", "amount": 0.8 }
      }
    ],
    "category": [ "SECRONOM_EX" ]
  },
  {
    "type": "mutation",
    "id": "SECRO_LICKER_ATK",
    "name": { "str": "Succulent Tongue" },
    "points": 4,
    "visibility": 4,
    "ugliness": 6,
    "mixed_effect": true,
    "valid": false,
    "description": "Your tongue has slightly become thinner and longer, which further improves your senses and combat capabilities.",
    "types": [ "MUZZLE" ],
    "prereqs": [ "SECRO_LICKER" ],
    "changes_to": [ "SECRO_LICKER_ATK_OK", "SECRO_LICKER_NOTOK" ],
    "dodge_modifier": 0.075,
    "hearing_modifier": 0.11,
    "attacks": [
      {
        "attack_text_u": "You lick %s",
        "attack_text_npc": "%1$s licks %2$s",
        "body_part": [ "MOUTH" ],
        "chance": 20,
        "strength_damage": { "damage_type": "bash", "amount": 0.3 }
      }
    ],
    "category": [ "SECRONOM_EX" ]
  },
  {
    "type": "mutation",
    "id": "SECRO_LICKER_ATK_OK",
    "name": { "str": "Tongue Lasher" },
    "points": 4,
    "visibility": 5,
    "ugliness": 6,
    "mixed_effect": true,
    "valid": false,
    "description": "Due to further alteration, your tongue have become broader and has developed a set of retractable bony blades on either sides of its surface. Despite its significant improvements on senses and offensive capabilities, your conversations with other people also becomes much more difficult to handle... but find it great for terrorizing.",
    "types": [ "MUZZLE" ],
    "prereqs": [ "SECRO_LICKER_ATK" ],
    "dodge_modifier": 0.125,
    "hearing_modifier": 0.15,
    "social_modifiers": { "persuade": -10, "lie": -10, "intimidate": 10 },
    "attacks": [
      {
        "attack_text_u": "You lick %s",
        "attack_text_npc": "%1$s licks %2$s",
        "body_part": [ "MOUTH" ],
        "blocker_mutations": [ "SECRO_LICKER_ATK_THRESHOLD" ],
        "chance": 20,
        "strength_damage": { "damage_type": "cut", "amount": 0.5 }
      },
      {
        "attack_text_u": "You lashed %s with your tongue",
        "attack_text_npc": "%1$s lashes %2$s with their tongue",
        "body_part": [ "MOUTH" ],
        "required_mutations": [ "SECRO_LICKER_ATK_THRESHOLD" ],
        "chance": 20,
        "strength_damage": { "damage_type": "cut", "amount": 0.85 }
      }
    ],
    "category": [ "SECRONOM_EX" ]
  },
  {
    "type": "mutation",
    "id": "SECRO_LICKER_DEF_THRESHOLD",
    "name": { "str": "Core - Licker" },
    "points": 10,
    "visibility": 4,
    "ugliness": 2,
    "valid": false,
    "description": "Your tongue secretes concentrated saliva whenever it gets stretched. This allows your lick attacks to enlow the target in combat.",
    "prereqs": [ "SECRO_LICKER_DEF_OK" ],
    "cancels": [ "SECRO_LICKER_ATK_THRESHOLD" ],
    "threshreq": [ "THRESH_SECRONOM_EX" ],
    "enchantments": [ "SECRO_LICKER_DEF_THRESHOLD_ench" ],
    "category": [ "SECRONOM_EX" ]
  },
  {
    "type": "mutation",
    "id": "SECRO_LICKER_ATK_THRESHOLD",
    "name": { "str": "Core - Licker" },
    "points": 10,
    "visibility": 4,
    "ugliness": 2,
    "valid": false,
    "description": "The blades on your tongue were sharpened and is pulsating in dark, velvety streaks. This greatly improves the damage of lick attacks, as well as its potency in combat.",
    "prereqs": [ "SECRO_LICKER_ATK_OK" ],
    "cancels": [ "SECRO_LICKER_DEF_THRESHOLD" ],
    "threshreq": [ "THRESH_SECRONOM_EX" ],
    "enchantments": [ "SECRO_LICKER_ATK_THRESHOLD_ench" ],
    "category": [ "SECRONOM_EX" ]
  },
  {
    "type": "mutation",
    "id": "SECRO_UNKNOWN_WING_START",
    "name": { "str": "Shoulder Bumps" },
    "points": 0,
    "visibility": 3,
    "ugliness": 3,
    "mixed_effect": true,
    "valid": false,
    "description": "You've got a bumps on both of your shoulder joints.",
    "changes_to": [ "SECRO_UNKNOWN_WING_MEMB", "SECRO_UNKNOWN_WING_BONY", "SECRO_UNKNOWN_WING_NOTOK" ],
    "category": [ "SECRONOM_EX" ]
  },
  {
    "type": "mutation",
    "id": "SECRO_UNKNOWN_WING_MEMB",
    "name": { "str": "Membranous Wings" },
    "points": 6,
    "visibility": 8,
    "ugliness": 8,
    "valid": false,
    "description": "You've got wing-like appendages sprouting on your shoulder joints stretching down to your pelvis. The wing is composed of muscle tissues and fiber webbings, with each ends tipped with a sharp, bony blade appendixes. They might be encumbering and heavy, but their strong build provides +2 strength.",
    "types": [ "WINGS" ],
    "prereqs": [ "SECRO_UNKNOWN_WING_START" ],
    "encumbrance_always": [ [ "TORSO", 15 ] ],
    "weight_capacity_modifier": 1.15,
    "dodge_modifier": -1,
    "movecost_modifier": 1.1,
    "movecost_obstacle_modifier": 0.925,
    "attacks": [
      {
        "attack_text_u": "You rake %s",
        "attack_text_npc": "%1$s rakes %2$s",
        "chance": 50,
        "strength_damage": { "damage_type": "cut", "amount": 1.25 }
      }
    ],
    "passive_mods": { "str_mod": 2 },
    "category": [ "SECRONOM_EX" ]
  },
  {
    "type": "mutation",
    "id": "SECRO_UNKNOWN_WING_BONY",
    "name": { "str": "Skeletal Wings" },
    "points": 6,
    "visibility": 8,
    "ugliness": 5,
    "valid": false,
    "description": "Protruding from your shoulder is a thin, flexible pair of endoskeletal wings. Though bulky and encumbering, they can be used to balance your movements, handling heavy stuff and shredding anyone you dislike.",
    "types": [ "WINGS" ],
    "prereqs": [ "SECRO_UNKNOWN_WING_START" ],
    "encumbrance_always": [ [ "TORSO", 10 ] ],
    "weight_capacity_modifier": 1.075,
    "dodge_modifier": 0.75,
    "movecost_modifier": 0.925,
    "movecost_obstacle_modifier": 0.95,
    "craft_skill_bonus": [ [ "mechanics", 1 ], [ "traps", 1 ], [ "fabrication", 1 ] ],
    "attacks": [
      {
        "attack_text_u": "You thrust you wings towards %s",
        "attack_text_npc": "%1$s thrusts their wings %2$s",
        "chance": 25,
        "strength_damage": { "damage_type": "stab", "amount": 0.7 }
      }
    ],
    "category": [ "SECRONOM_EX" ]
  },
  {
    "type": "mutation",
    "id": "SECRO_UNKNOWN_WING_NOTOK",
    "name": { "str": "Fleshed Mantle" },
    "points": -5,
    "visibility": 8,
    "ugliness": 10,
    "valid": false,
    "description": "You've grown a mass of flabby flesh from your shoulders to the back of your body. Aside from being able to deflect physical harm, it severely hampers your movements and actions that requires finesse.",
    "types": [ "WINGS" ],
    "prereqs": [ "SECRO_UNKNOWN_WING_START" ],
    "armor": [ { "parts": "TORSO", "bash": 5, "cut": 5, "stab": 5 } ],
    "encumbrance_always": [ [ "TORSO", 25 ] ],
    "dodge_modifier": -6,
    "movecost_modifier": 1.15,
    "movecost_obstacle_modifier": 1.25,
    "speed_modifier": 1.1,
    "attackcost_modifier": 1.1,
    "attacks": [
      {
        "attack_text_u": "You slam %s with your mantle",
        "attack_text_npc": "%1$s slams %2$s with their mantle",
        "chance": 100,
        "strength_damage": { "damage_type": "bash", "amount": 1.1 }
      }
    ],
    "category": [ "SECRONOM_EX" ]
  },
  {
    "type": "mutation",
    "id": "SECRO_UNKNOWN_HAIR_START",
    "name": { "str": "Tumors" },
    "points": 0,
    "visibility": 3,
    "ugliness": 3,
    "mixed_effect": true,
    "valid": false,
    "description": "You have small head bumps scattered underneath your scalp.",
    "changes_to": [ "SECRO_UNKNOWN_HAIR_EYES", "SECRO_UNKNOWN_HAIR_SUCK" ],
    "category": [ "SECRONOM_EX" ]
  },
  {
    "type": "mutation",
    "id": "SECRO_UNKNOWN_HAIR_EYES",
    "name": { "str": "Eyegrowths" },
    "points": 6,
    "visibility": 6,
    "ugliness": 8,
    "valid": false,
    "description": "You have several eyesprouts scattered throughout your hair, and they are sometimes painful when covered by a headgear. Provides additional vision bonuses and increases your perception by 3, but increases head encumberance by 20.",
    "prereqs": [ "SECRO_UNKNOWN_HAIR_START" ],
    "encumbrance_always": [ [ "HEAD", 20 ] ],
    "map_memory_capacity_multiplier": 1.25,
    "overmap_sight": 2.5,
    "overmap_multiplier": 1.25,
    "passive_mods": { "per_mod": 3 },
    "category": [ "SECRONOM_EX" ]
  },
  {
    "type": "mutation",
    "id": "SECRO_UNKNOWN_HAIR_SUCK",
    "name": { "str": "Writhing Proboscides" },
    "points": 6,
    "visibility": 6,
    "ugliness": 6,
    "valid": false,
    "description": "You've got a few, slender proboscides on your head. They twitch occasionally, and involuntarily, increasing head encumberance by 25.  If conditions are met, they can suck the lifeforce out of your victim... only if they're alive.",
    "prereqs": [ "SECRO_UNKNOWN_HAIR_START" ],
    "encumbrance_always": [ [ "HEAD", 25 ] ],
    "enchantments": [ "SECRO_UNKNOWN_HAIR_SUCK_ench" ],
    "category": [ "SECRONOM_EX" ]
  },
  {
    "type": "mutation",
    "id": "THRESH_SECRONOM_FLESH",
    "name": { "str": "Flesh" },
    "points": 10,
    "description": "Who needs veggy?",
    "valid": false,
    "purifiable": false,
    "threshold": true,
    "ignored_by": [ "SFLESH" ]
  },
  {
    "type": "mutation",
    "id": "SECRONOM_FLESH_DEBUG",
    "name": { "str": "Debug Hivemind" },
    "points": 10,
    "description": "How's in charge now?!",
    "valid": false,
    "purifiable": false,
    "ignored_by": [ "SFLESH" ]
  },
  {
    "type": "mutation",
    "id": "SECRONOM_FLESH_BIO",
    "name": { "str": "Flesh Hivemind" },
    "points": 10,
    "description": "You might be immobile, but you have the power to dominate the world!",
    "valid": false,
    "purifiable": false,
    "movecost_modifier": 1,
    "movecost_flatground_modifier": 1,
    "movecost_obstacle_modifier": 1,
    "attackcost_modifier": 1,
    "hearing_modifier": -100,
    "enchantments": [ "SECRONOM_FLESH_BIO_ench" ]
  },
  {
    "type": "mutation",
    "id": "SECRONOM_FLESH_BIO_mobile",
    "name": { "str": "Flesh Hivemind - Active" },
    "points": 10,
    "description": "Your tentacles has detached from the ground! This causes you to take damage until you reattach to a terrain.",
    "valid": false,
    "purifiable": false,
    "movecost_modifier": 0.25,
    "movecost_flatground_modifier": 0.25,
    "movecost_obstacle_modifier": 0.25,
    "hearing_modifier": -100,
    "enchantments": [ "SECRONOM_FLESH_BIO_ench", "SECRONOM_FLESH_BIO_mobile_ench" ]
  },
  {
    "type": "mutation",
    "id": "SECRONOM_FLESH_STARTER",
    "name": { "str": "Unstable Hivemind" },
    "points": 10,
    "description": "Your body slowly melts away!",
    "valid": false,
    "purifiable": false,
    "enchantments": [ "SECRONOM_FLESH_STARTER_ench" ]
  },
  {
    "type": "mutation",
    "id": "SECRONOM_FLESH_traverse",
    "name": { "str": "Traverse" },
    "points": 10,
    "description": "You have bonded with the hivemind, therefore, your movements across its territory are tracked.",
    "valid": false,
    "purifiable": false,
    "enchantments": [ "SECRONOM_FLESH_traverse_ench" ]
  },
  {
    "type": "mutation",
    "id": "SECRONOM_FLESH_transmit",
    "name": { "str": "Neural Link" },
    "points": 10,
    "description": "\"We are one.\"",
    "valid": false,
    "purifiable": false,
    "enchantments": [ "SECRONOM_FLESH_transmit_ench" ]
  },
  {
    "type": "mutation",
    "id": "SECRONOM_FLESH_BIO_spread1",
    "name": { "str": "Infectious Tendrils" },
    "points": 10,
    "description": "Your tendrils can infect the entire area.",
    "valid": false,
    "purifiable": false,
    "enchantments": [ "SECRONOM_FLESH_BIO_spread1_ench" ]
  },
  {
    "type": "mutation",
    "id": "SECRONOM_FLESH_BIO_spread2",
    "name": { "str": "Potent Tendrils" },
    "points": 10,
    "description": "Your tendrils can infect the entire area further.",
    "valid": false,
    "purifiable": false,
    "enchantments": [ "SECRONOM_FLESH_BIO_spread2_ench" ]
  },
  {
    "type": "mutation",
    "id": "SECRONOM_FLESH_BIO_spread3",
    "name": { "str": "Tendril Domination" },
    "points": 10,
    "description": "Your tendrils can infect the entire area even further and can convert terrain much faster.",
    "valid": false,
    "purifiable": false,
    "enchantments": [ "SECRONOM_FLESH_BIO_spread3_ench" ]
  },
  {
    "type": "mutation",
    "id": "SECRONOM_FLESH_BIO_construction",
    "name": { "str": "Bio-organic Construction" },
    "points": 10,
    "description": "You can build a variety of structures using flesh.",
    "valid": false,
    "purifiable": false
  },
  {
    "type": "mutation",
    "id": "SECRONOM_FLESH_BIO_construction_wide",
    "name": { "str": "Widespread Bio-organic Construction" },
    "points": 10,
    "description": "Your construction range allows building of defenses.",
    "valid": false,
    "purifiable": false
  },
  {
    "type": "mutation",
    "id": "SECRONOM_FLESH_BIO_construction_advance",
    "name": { "str": "Advanced Bio-organic Construction" },
    "points": 10,
    "description": "You can build a variety of advanced structures using flesh.",
    "valid": false,
    "purifiable": false
  },
  {
    "type": "mutation",
    "id": "SECRONOM_FLESH_BIO_construction_pp",
    "name": { "str": "Pinpoint Bio-organic Construction" },
    "points": 10,
    "description": "You can build structures at exact spot using flesh and by the help of the player.",
    "valid": false,
    "purifiable": false,
    "enchantments": [ "SECRONOM_FLESH_BIO_construction_pp_ench" ]
  },
  {
    "type": "mutation",
    "id": "SECRONOM_FLESH_BIO_construction_fuse",
    "name": { "str": "Bio-organic Infusion" },
    "points": 10,
    "description": "You can fuse creature cores to certain buildings.",
    "valid": false,
    "purifiable": false
  },
  {
    "type": "mutation",
    "id": "SECRONOM_FLESH_SPAWN",
    "name": { "str": "Hivemind Spawn" },
    "points": 10,
    "description": "You're like the hivemind, but limited to actions!",
    "valid": false,
    "purifiable": false,
    "movecost_modifier": 100,
    "movecost_flatground_modifier": 100,
    "movecost_obstacle_modifier": 100,
    "attackcost_modifier": 100,
    "hearing_modifier": -100
  },
  {
    "type": "mutation",
    "id": "SECRONOM_FLESH_SPAWN_ARTIFICE_weaver1",
    "name": { "str": "Stronger Weavers" },
    "points": 10,
    "description": "Your weavers can create much stronger crafts!",
    "valid": false,
    "purifiable": false
  },
  {
    "type": "mutation",
    "id": "SECRONOM_FLESH_SPAWN_ARTIFICE_weaver2",
    "name": { "str": "Advanced Weavers" },
    "points": 10,
    "description": "Your weavers can create much intricate crafts!",
    "valid": false,
    "purifiable": false
  },
  {
    "type": "mutation",
    "id": "SECRONOM_FLESH_SPAWN_ARTIFICE_weaver3",
    "name": { "str": "Hivemind Weavers" },
    "points": 10,
    "description": "Your weavers can create high-end fleshy crafts!",
    "valid": false,
    "purifiable": false
  }
]
