[{
    "type": "furniture",
    "id": "f_secro_flesh_camp_bed_mark",
    "name": "<color_pink>[MARK]</color> flesh bed",
    "symbol": "X",
    "description": "This location is marked for building. Destroy the mark to cancel ongoing progress.",
    "color": "pink",
    "move_cost_mod": 0,
    "coverage": 0,
    "required_str": -1,
    "flags": [ "TRANSPARENT", "S_FLESH", "EASY_DECONSTRUCT" ],
    "deployed_item": "secro_flesh_camp_bed_mark",
    "bash": {
      "str_min": 1,
      "str_max": 2,
      "items": [
        { "item": "secro_flesh_camp_bed_mark" }
      ]
    }
  },
  {
    "type": "furniture",
    "id": "f_secro_flesh_camp_floorstorage_mark",
    "name": "<color_pink>[MARK]</color> floor residue",
    "symbol": "X",
    "description": "This location is marked for building. Destroy the mark to cancel ongoing progress.",
    "color": "pink",
    "move_cost_mod": 0,
    "coverage": 0,
    "required_str": -1,
    "flags": [ "TRANSPARENT", "S_FLESH", "EASY_DECONSTRUCT" ],
    "deployed_item": "secro_flesh_camp_floorstorage_mark",
    "bash": {
      "str_min": 1,
      "str_max": 2,
      "items": [
        { "item": "secro_flesh_camp_floorstorage_mark" }
      ]
    }
  },
  {
    "type": "furniture",
    "id": "f_secro_flesh_camp_storage_mark",
    "name": "<color_pink>[MARK]</color> residue",
    "symbol": "X",
    "description": "This location is marked for building. Destroy the mark to cancel ongoing progress.",
    "color": "pink",
    "move_cost_mod": 0,
    "coverage": 0,
    "required_str": -1,
    "flags": [ "TRANSPARENT", "S_FLESH", "EASY_DECONSTRUCT" ],
    "deployed_item": "secro_flesh_camp_storage_mark",
    "bash": {
      "str_min": 1,
      "str_max": 2,
      "items": [
        { "item": "secro_flesh_camp_storage_mark" }
      ]
    }
  },
  {
    "type": "furniture",
    "id": "f_secro_flesh_camp_displaystorage_mark",
    "name": "<color_pink>[MARK]</color> flesh rack",
    "symbol": "X",
    "description": "This location is marked for building. Destroy the mark to cancel ongoing progress.",
    "color": "pink",
    "move_cost_mod": 0,
    "coverage": 0,
    "required_str": -1,
    "flags": [ "TRANSPARENT", "S_FLESH", "EASY_DECONSTRUCT" ],
    "deployed_item": "secro_flesh_camp_displaystorage_mark",
    "bash": {
      "str_min": 1,
      "str_max": 2,
      "items": [
        { "item": "secro_flesh_camp_displaystorage_mark" }
      ]
    }
  },
  {
    "type": "furniture",
    "id": "f_secro_flesh_camp_liquidstorage_mark",
    "name": "<color_pink>[MARK]</color> flesh container",
    "description": "This location is marked for building. Destroy the mark to cancel ongoing progress.",
    "symbol": "X",
    "color": "pink",
    "move_cost_mod": 0,
    "coverage": 0,
    "required_str": -1,
    "flags": [ "TRANSPARENT", "S_FLESH", "EASY_DECONSTRUCT" ],
    "deployed_item": "secro_flesh_camp_liquidstorage_mark",
    "bash": {
      "str_min": 1,
      "str_max": 2,
      "items": [
        { "item": "secro_flesh_camp_liquidstorage_mark" }
      ]
    }
  },
  {
    "type": "furniture",
    "id": "f_secro_flesh_camp_light_mark",
    "name": "<color_pink>[MARK]</color> bioluminescent wart",
    "description": "This location is marked for building. Destroy the mark to cancel ongoing progress.",
    "symbol": "X",
    "color": "pink",
    "move_cost_mod": 0,
    "coverage": 0,
    "required_str": -1,
    "flags": [ "TRANSPARENT", "S_FLESH", "EASY_DECONSTRUCT" ],
    "deployed_item": "secro_flesh_camp_light_mark",
    "bash": {
      "str_min": 1,
      "str_max": 2,
      "items": [
        { "item": "secro_flesh_camp_light_mark" }
      ]
    }
  }
]