[
  {
    "type": "terrain",
    "id": "t_secro_flat_roof_flesh",
    "name": "fleshed flat roof",
    "description": "A flat, rooftop, covered in gorey flesh.",
    "symbol": ".",
    "color": "red",
    "note": "Flesh version of terrains has +3 move cost.",
    "move_cost": 5,
    "flags": [ "TRANSPARENT", "FLAT", "S_FLESH" ],
    "bash": {
      "note": "Flesh terrains' str_min and _max has +5 bash resistance.",
      "str_min": 8,
      "str_max": 16,
      "sound": "splash!",
      "sound_fail": "splat!",
      "ter_set": "t_flat_roof"
    }
  },
  {
    "type": "terrain",
    "id": "t_secro_wall_flesh",
    "name": "fleshed wall",
    "description": "A typical wall, now covered in membranous veins, flesh and swollen warts of some sort.",
    "symbol": "LINE_OXOX",
    "color": "red",
    "move_cost": 0,
    "coverage": 100,
    "roof": "t_secro_flat_roof_flesh",
    "flags": [ "FLAMMABLE", "NOITEM", "SUPPORTS_ROOF", "WALL", "AUTO_WALL_SYMBOL", "MINEABLE", "BLOCK_WIND", "S_FLESH" ],
    "bash": { "str_min": 8, "str_max": 16, "sound": "splash!", "sound_fail": "splat!", "ter_set": "t_wall" }
  },
  {
    "type": "terrain",
    "id": "t_secro_window_flesh",
    "name": "fleshed window",
    "description": "Webs of vein blocks the entirety of the glass, making it useless to see through unless you break it.",
    "symbol": "\"",
    "color": "light_red",
    "move_cost": 0,
    "roof": "t_secro_flat_roof_flesh",
    "flags": [ "FLAMMABLE", "NOITEM", "REDUCE_SCENT", "BARRICADABLE_WINDOW", "CONNECT_TO_WALL", "BLOCK_WIND", "S_FLESH" ],
    "bash": {
      "str_min": 8,
      "str_max": 16,
      "sound": "splash!",
      "sound_fail": "splat!",
      "sound_vol": 16,
      "sound_fail_vol": 10,
      "ter_set": "t_secro_window_frame_flesh",
      "items": [ { "item": "glass_shard", "count": [ 34, 50 ] } ]
    }
  },
  {
    "type": "terrain",
    "id": "t_secro_window_frame_flesh",
    "name": "fleshed window frame",
    "description": "A window frame, splattered with blood and ripped veins in its jagged shards of glass.",
    "symbol": "0",
    "color": "light_red",
    "move_cost": 11,
    "coverage": 60,
    "roof": "t_secro_flat_roof_flesh",
    "bash": {
      "str_min": 1,
      "str_max": 1,
      "sound": "splash!",
      "sound_fail": "splat!",
      "sound_vol": 12,
      "sound_fail_vol": 8,
      "ter_set": "t_window_empty",
      "items": [ { "item": "glass_shard", "count": [ 6, 10 ] } ]
    },
    "flags": [ "TRANSPARENT", "SHARP", "FLAMMABLE", "NOITEM", "MOUNTABLE", "CONNECT_TO_WALL", "SMALL_PASSAGE", "S_FLESH" ]
  },
  {
    "type": "terrain",
    "id": "t_secro_door_flesh",
    "name": "fleshed wood door",
    "description": "A standard door that is covered in thick, fleshy veins.",
    "symbol": "+",
    "color": "red",
    "move_cost": 0,
    "coverage": 95,
    "roof": "t_secro_flat_roof_flesh",
    "flags": [ "FLAMMABLE_ASH", "DOOR", "NOITEM", "BARRICADABLE_DOOR", "CONNECT_TO_WALL", "BLOCK_WIND", "S_FLESH" ],
    "bash": { "str_min": 8, "str_max": 16, "sound": "splat!", "sound_fail": "splat!", "ter_set": "t_door_c" }
  },
  {
    "type": "terrain",
    "id": "t_secro_door_locked_flesh",
    "name": "fleshed wood door",
    "description": "A standard door that is covered in thick, fleshy veins. You can barely see a deadbolt keyhole, though you can't do anything without removing all the gore sticking into it.",
    "symbol": "+",
    "color": "red",
    "move_cost": 0,
    "coverage": 95,
    "roof": "t_secro_flat_roof_flesh",
    "flags": [
      "FLAMMABLE_ASH",
      "NOITEM",
      "OPENCLOSE_INSIDE",
      "REDUCE_SCENT",
      "CONNECT_TO_WALL",
      "BARRICADABLE_DOOR",
      "BLOCK_WIND",
      "S_FLESH"
    ],
    "bash": { "str_min": 8, "str_max": 16, "sound": "splash!", "sound_fail": "splat!", "ter_set": "t_door_locked" }
  },
  {
    "type": "terrain",
    "id": "t_secro_floor_flesh",
    "name": "fleshed floor",
    "description": "This floor has been infested by flesh strands, like roots digging deep in small gaps.",
    "symbol": ".",
    "color": "light_red",
    "move_cost": 5,
    "roof": "t_secro_flat_roof_flesh",
    "flags": [ "TRANSPARENT", "FLAMMABLE_HARD", "SUPPORTS_ROOF", "COLLAPSES", "INDOORS", "FLAT", "ROAD", "NOCOLLIDE", "S_FLESH" ],
    "bash": { "sound": "splash!", "ter_set": "t_floor", "str_min": 8, "str_max": 16 }
  },
  {
    "type": "terrain",
    "id": "t_secro_rock_floor_flesh",
    "name": "fleshed rock floor",
    "description": "Sticky webs of flesh strand reaches down from the ceiling into the floor.",
    "symbol": ".",
    "color": "red",
    "move_cost": 5,
    "roof": "t_secro_flat_roof_flesh",
    "flags": [ "TRANSPARENT", "INDOORS", "COLLAPSES", "SUPPORTS_ROOF", "FLAT", "ROAD", "NOCOLLIDE", "S_FLESH" ],
    "bash": { "ter_set": "t_rock_floor", "str_min": 8, "str_max": 16, "bash_below": true }
  },
  {
    "type": "terrain",
    "id": "t_secro_stairs_down_flesh",
    "name": "fleshed stairs",
    "description": "A flight of stairs leading down, except the fact that it is overrun by flesh.",
    "symbol": ">",
    "color": "red",
    "move_cost": 5,
    "roof": "t_secro_flat_roof_flesh",
    "flags": [ "TRANSPARENT", "GOES_DOWN", "INDOORS", "PLACE_ITEM", "S_FLESH" ]
  },
  {
    "type": "terrain",
    "id": "t_secro_stairs_up_flesh",
    "name": "fleshed stairs",
    "description": "A flight of stairs leading up, except the fact that it is overrun by flesh.",
    "symbol": "<",
    "color": "red",
    "move_cost": 5,
    "flags": [ "TRANSPARENT", "GOES_UP", "INDOORS", "PLACE_ITEM", "S_FLESH" ]
  },
  {
    "note": "Since terrains are not capable to act as emitters, we use an invincible, but flammable furniture for the solution.",
    "type": "furniture",
    "id": "f_secro_fleshknot_emitter",
    "name": "flesh wart",
    "description": "A tiny wart, but for its size, it can spread a vast amount of noxious gas into the air. Destroying it is a challenge, as it grows back on the spot.",
    "symbol": ",",
    "color": "light_red",
    "move_cost_mod": 1,
    "required_str": -1,
    "emissions": [ "emit_fleshknot_gas_terrains" ],
    "flags": [ "TRANSPARENT", "FLAMMABLE", "NOCOLLIDE", "S_FLESH", "EMITTER" ]
  },
  {
    "note": "Starting here are the furnitures and terrains seen in flesh forest.",
    "type": "terrain",
    "id": "t_secro_dirt_flesh",
    "name": "fleshed dirt",
    "description": "It's dirt, but covered in bloody veins.",
    "symbol": ".",
    "color": "light_red",
    "move_cost": 5,
    "flags": [ "FLAMMABLE", "TRANSPARENT", "FLAT", "S_FLESH" ],
    "bash": { "sound": "splash", "ter_set": "t_dirt", "str_min": 8, "str_max": 16, "bash_below": true }
  },
  {
    "type": "terrain",
    "id": "t_secro_grass_flesh",
    "name": "fleshed grass",
    "description": "A cluster of tiny tentacles used to be the wild patch of living grass.",
    "symbol": ".",
    "color": "red",
    "move_cost": 5,
    "flags": [ "FLAMMABLE", "TRANSPARENT", "FLAT", "S_FLESH" ],
    "bash": { "sound": "splash", "ter_set": "t_grass", "str_min": 8, "str_max": 16, "bash_below": true }
  },
  {
    "type": "terrain",
    "id": "t_secro_grass_long_flesh",
    "name": "fleshed long grass",
    "description": "A cluster of long, writhing tendrils about shin high.",
    "symbol": ",",
    "color": "red",
    "move_cost": 6,
    "flags": [ "FLAMMABLE", "TRANSPARENT", "FLAT", "S_FLESH" ],
    "bash": { "sound": "splash", "ter_set": "t_grass_long", "str_min": 8, "str_max": 16, "bash_below": true }
  },
  {
    "type": "terrain",
    "id": "t_secro_grass_tall_flesh",
    "name": "fleshed tall grass",
    "description": "A cluster of tall, writhing tendrils about head high.",
    "symbol": "'",
    "color": "red",
    "move_cost": 8,
    "coverage": 50,
    "flags": [ "FLAMMABLE", "TRANSPARENT", "FLAT", "S_FLESH" ],
    "bash": { "sound": "splash", "ter_set": "t_grass_tall", "str_min": 8, "str_max": 16, "bash_below": true }
  },
  {
    "type": "terrain",
    "id": "t_secro_shrub_flesh",
    "name": "fleshed shrub",
    "description": "A small shrub, now a dense tendril cluster.",
    "symbol": "#",
    "color": "red",
    "move_cost": 8,
    "coverage": 40,
    "flags": [ "TRANSPARENT", "CONTAINER", "FLAMMABLE_ASH", "THIN_OBSTACLE", "PLACE_ITEM", "SHRUB", "SHORT", "S_FLESH" ],
    "bash": { "str_min": 8, "str_max": 16, "sound": "splash.", "sound_fail": "splat.", "ter_set": "t_shrub" }
  },
  {
    "type": "terrain",
    "id": "t_secro_tree_young_flesh",
    "name": "fleshed young tree",
    "description": "Devoured by the flesh, this young sapling has its twigs covered in membranous veins and blood-dripping gore as its leaves.",
    "symbol": "1",
    "color": [ "red", "light_red", "red", "red" ],
    "move_cost": 7,
    "flags": [ "TRANSPARENT", "FLAMMABLE_ASH", "NOITEM", "YOUNG", "REDUCE_SCENT", "S_FLESH" ],
    "bash": { "str_min": 8, "str_max": 16, "sound": "splash!", "sound_fail": "splat!", "ter_set": "t_tree_young" }
  },
  {
    "type": "terrain",
    "id": "t_secro_tree_flesh",
    "name": "fleshed tree",
    "description": "A fully grown tree, standing tall even though its already been overwhelmed by the flesh.",
    "symbol": "7",
    "color": [ "red", "light_red", "red", "red" ],
    "move_cost": 0,
    "coverage": 80,
    "flags": [ "FLAMMABLE_ASH", "NOITEM", "SUPPORTS_ROOF", "REDUCE_SCENT", "S_FLESH" ],
    "bash": { "str_min": 8, "str_max": 16, "sound": "splash!", "sound_fail": "splat!", "ter_set": "t_tree" }
  },
  {
    "type": "furniture",
    "id": "f_secro_flower_flesh",
    "name": "fleshed flower",
    "description": "This flower has fallen to the grasp of the crimson horrors.",
    "symbol": "f",
    "color": "red",
    "move_cost_mod": 0,
    "required_str": -1,
    "flags": [ "FLAMMABLE_ASH", "TRANSPARENT", "TINY", "FLAMMABLE_ASH", "NOCOLLIDE", "FLOWER", "S_FLESH" ],
    "bash": { "str_min": 8, "str_max": 16, "sound": "splash.", "sound_fail": "whish." }
  },
  {
    "type": "furniture",
    "id": "f_secro_boulder_small_flesh",
    "name": "fleshed small boulder",
    "description": "A small rock that has succumbed to the flesh.",
    "symbol": "o",
    "color": "dark_gray",
    "move_cost_mod": 3,
    "coverage": 30,
    "required_str": 10,
    "crafting_pseudo_item": "boulder_anvil",
    "flags": [ "FLAMMABLE_HARD", "TRANSPARENT", "S_FLESH", "UNSTABLE", "MOUNTABLE", "TINY" ],
    "bash": { "str_min": 8, "str_max": 16, "sound": "splash!", "sound_fail": "splat.", "ter_set": "f_boulder_small" }
  },
  {
    "type": "furniture",
    "id": "f_secro_boulder_medium_flesh",
    "name": "fleshed medium boulder",
    "description": "A rock that has succumbed to the flesh.",
    "symbol": "0",
    "color": "dark_gray",
    "move_cost_mod": 6,
    "coverage": 45,
    "required_str": 16,
    "crafting_pseudo_item": "boulder_anvil",
    "flags": [ "FLAMMABLE_HARD", "NOITEM", "TRANSPARENT", "S_FLESH", "UNSTABLE", "MOUNTABLE", "SHORT", "BASHABLE" ],
    "bash": { "str_min": 8, "str_max": 16, "sound": "splash!", "sound_fail": "splat.", "ter_set": "f_boulder_medium" }
  },
  {
    "type": "furniture",
    "id": "f_secro_boulder_large_flesh",
    "name": "fleshed large boulder",
    "description": "A large rock that has succumbed to the flesh.",
    "symbol": "O",
    "color": "dark_gray",
    "move_cost_mod": -1,
    "coverage": 65,
    "required_str": 32,
    "flags": [ "FLAMMABLE_HARD", "NOITEM", "S_FLESH", "BASHABLE", "BLOCK_WIND" ],
    "bash": { "str_min": 8, "str_max": 16, "sound": "splash!", "sound_fail": "splat.", "ter_set": "f_boulder_large" }
  },
  {
    "note": "Flesh forest's terrestrial body parts. Here we encounter LOTS of FF's abominations.",
    "type": "terrain",
    "id": "t_secro_flesh",
    "name": "flesh",
    "description": "Disgusting mounds of meat, slimy and organic as it seems to live. This pinkish flesh is rotten to the core, and setting it on fire may not be the cure.",
    "symbol": ".",
    "color": "red",
    "move_cost": 5,
    "flags": [ "FLAMMABLE_HARD", "TRANSPARENT", "FLAT", "S_FLESH" ]
  },
  {
    "type": "terrain",
    "id": "t_secro_flesh_wall",
    "name": "flesh wall",
    "description": "Disgusting wall of meat, slimy and organic as it seems to live. This compact lumps of flesh is sinister to the core, and setting it on fire may not be the cure.",
    "symbol": "#",
    "color": "red",
    "move_cost": 0,
    "coverage": 100,
    "bash": { "str_min": 100, "str_max": 300, "sound": "splash!", "sound_fail": "splat.", "ter_set": "t_secro_flesh" },
    "flags": [ "FLAMMABLE_HARD", "NOITEM", "SUPPORTS_ROOF", "WALL", "AUTO_WALL_SYMBOL", "S_FLESH", "BLOCK_WIND" ]
  },
  {
    "type": "terrain",
    "id": "t_secro_flesh_wall_veins",
    "looks_like": "t_secro_flesh_wall",
    "name": "vein wall",
    "description": "A wall composed of vein-like tendrils, seemingly made on the fly.",
    "symbol": "#",
    "color": "red",
    "move_cost": 0,
    "coverage": 90,
    "bash": { "str_min": 10, "str_max": 30, "sound": "splook!", "sound_fail": "splat.", "ter_set": "t_secro_flesh" },
    "flags": [ "FLAMMABLE_HARD", "NOITEM", "SUPPORTS_ROOF", "WALL", "AUTO_WALL_SYMBOL", "S_FLESH", "BLOCK_WIND" ]
  },
  {
    "type": "furniture",
    "id": "f_secro_tree_flesh_atk",
    "name": "fleshed tree",
    "description": "A fully grown tree, standing tall even though its already been overwhelmed by the flesh. Within a closer look, its branches and stems seem to move independently.",
    "symbol": "7",
    "color": [ "red", "light_red", "red", "red" ],
    "move_cost_mod": -1,
    "required_str": -1,
    "coverage": 95,
    "emissions": [ "emit_flesh_tree_grab" ],
    "flags": [ "FLAMMABLE_ASH", "NOITEM", "SUPPORTS_ROOF", "REDUCE_SCENT", "S_FLESH", "EMITTER" ],
    "bash": { "str_min": 16, "str_max": 24, "sound": "splash!", "sound_fail": "splat!", "ter_set": "t_tree" }
  },
  {
    "type": "terrain",
    "id": "t_secro_flesh_entrance_close",
    "name": "flesh",
    "description": "Disgusting mounds of meat, slimy and organic as it seems to live. This pinkish flesh is rotten to the core, and setting it on fire may not be the cure.",
    "symbol": ".",
    "color": "red",
    "move_cost": 5,
    "flags": [ "FLAMMABLE_HARD", "TRANSPARENT", "FLAT", "S_FLESH", "FF_ENTRANCE" ]
  },
  {
    "type": "terrain",
    "id": "t_secro_flesh_entrance_open",
    "name": "veinhole",
    "description": "A dead veinhole, now a harmless opening revealing a hollow hole. Sure it is gross, but there's no other way...",
    "symbol": "O",
    "color": "red",
    "move_cost": 5,
    "flags": [ "FLAMMABLE_HARD", "TRANSPARENT", "FLAT", "S_FLESH", "GOES_DOWN" ]
  },
  {
    "type": "terrain",
    "id": "t_secro_flesh_entrance_up",
    "name": "veinhole",
    "description": "A dead veinhole's inner orifice that leads to the surface. Sure it is gross, but there's no other way...",
    "symbol": "O",
    "color": "red",
    "move_cost": 5,
    "flags": [ "FLAMMABLE_HARD", "TRANSPARENT", "FLAT", "S_FLESH", "GOES_UP" ]
  },
  {
    "type": "furniture",
    "id": "f_secro_sack_hatch",
    "name": "hatched flesh sack",
    "description": "A flesh sack with its vented mouth opened widely. You may want to destroy it as soon as possible.",
    "symbol": "0",
    "color": "red",
    "move_cost_mod": 1,
    "required_str": -1,
    "coverage": 20,
    "emissions": [ "emit_flesh_sack_hatch" ],
    "flags": [ "FLAMMABLE", "S_FLESH", "EMITTER" ],
    "bash": { "str_min": 12, "str_max": 24, "sound": "splook!", "sound_fail": "splat!", "ter_set": "f_null" }
  },
  {
    "type": "furniture",
    "id": "f_secro_tendril_cluster",
    "name": "tendril cluster",
    "description": "A patch of large, writhing tentacles sprouting from both ground and ceiling. Within a closer look, these tentacles are trying to form into one. You may want to destroy it as soon as possible.",
    "symbol": "&",
    "color": "light_red",
    "move_cost_mod": 1,
    "required_str": -1,
    "coverage": 5,
    "emissions": [ "emit_flesh_tentclus" ],
    "flags": [ "FLAMMABLE", "TRANSPARENT", "S_FLESH", "EMITTER" ],
    "bash": { "str_min": 15, "str_max": 30, "sound": "splook!", "sound_fail": "splat!", "ter_set": "f_null" }
  },
  {
    "type": "terrain",
    "id": "t_secro_flesh_inside_down",
    "name": "mouth slit",
    "description": "A mouth slit. With enough courage, you can slip through it and will lead you to the depths.",
    "symbol": "O",
    "color": "light_red",
    "move_cost": 5,
    "flags": [ "FLAMMABLE_HARD", "TRANSPARENT", "FLAT", "S_FLESH", "GOES_DOWN" ]
  },
  {
    "type": "terrain",
    "id": "t_secro_flesh_inside_up",
    "name": "mouth slit",
    "description": "A mouth slit. With enough courage, you can climb up by grabbing at its flabby, slimy flesh edges.",
    "symbol": "O",
    "color": "light_red",
    "move_cost": 5,
    "flags": [ "FLAMMABLE_HARD", "TRANSPARENT", "FLAT", "S_FLESH", "GOES_UP" ]
  },
  {
    "type": "furniture",
    "id": "f_secro_flesh_bones",
    "name": "bony outgrowths",
    "description": "A mound of flesh full of prickly sharp bones, emerging from underneath, so watch where you step!",
    "symbol": "^",
    "color": "white",
    "move_cost_mod": 1,
    "required_str": -1,
    "emissions": [ "emit_flesh_bones" ],
    "flags": [ "FLAMMABLE", "TRANSPARENT", "S_FLESH", "ROUGH", "EMITTER", "FF_BIOHAZARD" ],
    "bash": { "str_min": 10, "str_max": 20, "sound": "splash!", "sound_fail": "splook!", "ter_set": "f_null" }
  },
  {
    "type": "furniture",
    "id": "f_secro_flesh_tent",
    "name": "tendril outgrowths",
    "description": "A patch of densely-crowded tendrils. These are short, but can grab firmly so watch where you step!",
    "symbol": "^",
    "color": "light_red",
    "move_cost_mod": 2,
    "required_str": -1,
    "emissions": [ "emit_flesh_tendrils" ],
    "flags": [ "FLAMMABLE", "TRANSPARENT", "S_FLESH", "EMITTER", "FF_BIOHAZARD" ],
    "bash": { "str_min": 7, "str_max": 14, "sound": "splook!", "sound_fail": "splat!", "ter_set": "t_secro_flesh" }
  },
  {
    "note": "Another type of floor augmented with traps by the flesh.",
    "looks_like": "t_secro_flesh",
    "type": "furniture",
    "id": "f_secro_flesh",
    "name": "flesh",
    "description": "A thick layer of meat that throbs at a faster rate, yet shares similarities to the normal flesh.",
    "symbol": ".",
    "color": "red",
    "move_cost_mod": 1,
    "required_str": -1,
    "flags": [ "FLAMMABLE", "TRANSPARENT", "S_FLESH", "FF_BIOHAZARD" ]
  },
  {
    "looks_like": "t_secro_flesh_wall",
    "type": "furniture",
    "id": "f_secro_flesh_wall",
    "name": "flesh wall",
    "description": "Disgusting wall of meat, slimy and organic as it seems to live. This compact lumps of flesh is sinister to the core, and setting it on fire may not be the cure.",
    "symbol": "#",
    "color": "red",
    "move_cost_mod": -1,
    "required_str": -1,
    "coverage": 100,
    "flags": [ "FLAMMABLE_HARD", "NOITEM", "SUPPORTS_ROOF", "WALL", "AUTO_WALL_SYMBOL", "S_FLESH", "BLOCK_WIND", "FF_BIOHAZARD" ]
  },
  {
    "looks_like": "t_secro_flesh_wall",
    "type": "furniture",
    "id": "f_secro_flesh_wall_spawning",
    "name": "flesh wall",
    "description": "Disgusting wall of meat, slimy and organic as it seems to live. This compact lumps of flesh is sinister to the core, and setting it on fire may not be the cure.",
    "symbol": "#",
    "color": "red",
    "move_cost_mod": -1,
    "required_str": -1,
    "coverage": 100,
    "emissions": [ "emit_flesh_wall" ],
    "flags": [
      "FLAMMABLE_HARD",
      "NOITEM",
      "SUPPORTS_ROOF",
      "WALL",
      "AUTO_WALL_SYMBOL",
      "S_FLESH",
      "BLOCK_WIND",
      "EMITTER",
      "FF_BIOHAZARD"
    ]
  },
  {
    "looks_like": "t_secro_flesh",
    "type": "terrain",
    "id": "t_secro_flesh_inside_up_close",
    "name": "flesh",
    "description": "Disgusting mounds of meat, slimy and organic as it seems to live. This pinkish flesh is rotten to the core, and setting it on fire may not be the cure.",
    "symbol": ".",
    "color": "red",
    "move_cost": 5,
    "flags": [ "FLAMMABLE_HARD", "TRANSPARENT", "FLAT", "S_FLESH", "FF_EXIT" ]
  },
  {
    "looks_like": "t_secro_flesh",
    "type": "furniture",
    "id": "f_secro_biome",
    "name": "flesh",
    "description": "Disgusting mounds of meat, slimy and organic as it seems to live. This pinkish flesh is rotten to the core, and setting it on fire may not be the cure.",
    "symbol": ".",
    "color": "red",
    "move_cost_mod": 1,
    "required_str": -1,
    "emissions": [ "emit_flesh_biome" ],
    "flags": [ "TRANSPARENT", "FLAMMABLE", "S_FLESH", "EMITTER" ]
  },
  {
    "type": "terrain",
    "id": "t_secro_flesh_wall_weak",
    "name": "flesh wall",
    "description": "Disgusting wall of meat, slimy and organic as it seems to live. This compact lumps of flesh is sinister to the core. This flesh is underdeveloped, and a simple bash would take it down.",
    "symbol": "#",
    "color": "red",
    "move_cost": 0,
    "coverage": 100,
    "flags": [ "FLAMMABLE_HARD", "NOITEM", "SUPPORTS_ROOF", "WALL", "AUTO_WALL_SYMBOL", "S_FLESH", "BLOCK_WIND", "FF_BIOHAZARD" ],
    "bash": { "str_min": 10, "str_max": 20, "sound": "splash!", "sound_fail": "splat!", "ter_set": "t_secro_flesh" }
  },
  {
    "looks_like": "t_secro_flesh_inside_up_close",
    "type": "terrain",
    "id": "t_secro_flesh_exit_closed",
    "name": "flesh",
    "description": "Disgusting mounds of meat, slimy and organic as it seems to live. This pinkish flesh is rotten to the core, and setting it on fire may not be the cure.",
    "symbol": ".",
    "color": "red",
    "move_cost": 5,
    "flags": [ "FLAMMABLE_HARD", "TRANSPARENT", "FLAT", "S_FLESH", "FC_EXIT" ]
  },
  {
    "note": "Destroy these to prevent them from spawning veinstalks.",
    "type": "furniture",
    "id": "f_secro_veinstalk",
    "name": "veinbush",
    "description": "A short, compact bush of living eyed tentacles bursting out of the ground. It stares ominously at the surroundings...",
    "symbol": "s",
    "color": "red",
    "move_cost_mod": 1,
    "required_str": -1,
    "coverage": 10,
    "emissions": [ "emit_veinstalk_spawn" ],
    "flags": [ "FLAMMABLE", "S_FLESH", "EMITTER" ],
    "bash": { "str_min": 12, "str_max": 22, "sound": "splook!", "sound_fail": "splat!", "ter_set": "f_null" }
  },
  {
    "type": "terrain",
    "id": "t_secro_wall_w_flesh",
    "name": "fleshed white wall",
    "description": "Wall painted white, adorned by gore and veins.",
    "symbol": "LINE_OXOX",
    "color": "red",
    "move_cost": 0,
    "coverage": 100,
    "roof": "t_secro_flat_roof_flesh",
    "flags": [ "FLAMMABLE", "NOITEM", "SUPPORTS_ROOF", "WALL", "CHIP", "S_FLESH", "AUTO_WALL_SYMBOL", "MINEABLE", "BLOCK_WIND" ],
    "bash": { "str_min": 8, "str_max": 16, "sound": "splash!", "sound_fail": "splat!", "ter_set": "t_wall_w" }
  },
  {
    "type": "terrain",
    "id": "t_secro_wall_g_flesh",
    "name": "fleshed green wall",
    "description": "Wall painted green, adorned by gore and veins.",
    "symbol": "LINE_OXOX",
    "color": "red",
    "move_cost": 0,
    "coverage": 100,
    "roof": "t_secro_flat_roof_flesh",
    "flags": [ "FLAMMABLE", "NOITEM", "SUPPORTS_ROOF", "WALL", "CHIP", "S_FLESH", "AUTO_WALL_SYMBOL", "MINEABLE", "BLOCK_WIND" ],
    "bash": { "str_min": 8, "str_max": 16, "sound": "splash!", "sound_fail": "splat!", "ter_set": "t_wall_g" }
  },
  {
    "type": "terrain",
    "id": "t_secro_wall_r_flesh",
    "name": "fleshed red wall",
    "description": "Wall painted red, adorned by gore and veins.",
    "symbol": "LINE_OXOX",
    "color": "red",
    "move_cost": 0,
    "coverage": 100,
    "roof": "t_secro_flat_roof_flesh",
    "flags": [ "FLAMMABLE", "NOITEM", "SUPPORTS_ROOF", "WALL", "CHIP", "S_FLESH", "AUTO_WALL_SYMBOL", "MINEABLE", "BLOCK_WIND" ],
    "bash": { "str_min": 8, "str_max": 16, "sound": "splash!", "sound_fail": "splat!", "ter_set": "t_wall_r" }
  },
  {
    "type": "terrain",
    "id": "t_secro_wall_b_flesh",
    "name": "fleshed blue wall",
    "description": "Wall painted blue, adorned by gore and veins.",
    "symbol": "LINE_OXOX",
    "color": "red",
    "move_cost": 0,
    "coverage": 100,
    "roof": "t_secro_flat_roof_flesh",
    "flags": [ "FLAMMABLE", "NOITEM", "SUPPORTS_ROOF", "WALL", "CHIP", "S_FLESH", "AUTO_WALL_SYMBOL", "MINEABLE", "BLOCK_WIND" ],
    "bash": { "str_min": 8, "str_max": 16, "sound": "splash!", "sound_fail": "splat!", "ter_set": "t_wall_b" }
  },
  {
    "type": "terrain",
    "id": "t_secro_brick_wall_flesh",
    "name": "fleshed brick wall",
    "description": "A solid brick wall, sturdy enough to support a roof with enough walls and keep out any unwanted visitors.",
    "symbol": "LINE_OXOX",
    "color": "red",
    "move_cost": 0,
    "coverage": 100,
    "roof": "t_secro_flat_roof_flesh",
    "flags": [ "NOITEM", "SUPPORTS_ROOF", "WALL", "AUTO_WALL_SYMBOL", "MINEABLE", "BLOCK_WIND", "S_FLESH" ],
    "connects_to": "WALL",
    "bash": { "str_min": 8, "str_max": 16, "sound": "splash!", "sound_fail": "splat!", "ter_set": "t_brick_wall" }
  },
  {
    "type": "terrain",
    "id": "t_secro_rock_wall_flesh",
    "name": "fleshed stone wall",
    "description": "An even sturdier stone wall covered by the flesh.",
    "symbol": "LINE_OXOX",
    "color": "red",
    "move_cost": 0,
    "coverage": 100,
    "roof": "t_secro_flat_roof_flesh",
    "flags": [ "NOITEM", "SUPPORTS_ROOF", "S_FLESH", "WALL", "AUTO_WALL_SYMBOL", "MINEABLE", "BLOCK_WIND" ],
    "connects_to": "WALL",
    "bash": { "str_min": 8, "str_max": 16, "sound": "splash!", "sound_fail": "splat!", "ter_set": "t_rock_wall" }
  },
  {
    "type": "terrain",
    "id": "t_secro_bars_flesh",
    "name": "fleshed metal bars",
    "description": "Heavy bars overrun by the flesh. Nearly impenetrable due to the thick veins covering it.",
    "symbol": "\"",
    "color": "red",
    "move_cost": 0,
    "flags": [ "TRANSPARENT", "NOITEM", "PERMEABLE", "CONNECT_TO_WALL", "THIN_OBSTACLE", "S_FLESH" ],
    "bash": { "str_min": 8, "str_max": 16, "sound": "splash!", "sound_fail": "splat!", "ter_set": "t_bars" }
  },
  {
    "type": "terrain",
    "id": "t_secro_wall_glass_flesh",
    "name": "fleshed glass wall",
    "description": "A wall of glass with flesh covering the entirety of its surface, blocking the vision through it.",
    "symbol": "LINE_OXOX",
    "color": "light_red",
    "move_cost": 0,
    "coverage": 90,
    "roof": "t_secro_flat_roof_flesh",
    "flags": [ "NOITEM", "WALL", "AUTO_WALL_SYMBOL", "BLOCK_WIND", "S_FLESH" ],
    "bash": { "str_min": 8, "str_max": 16, "sound": "splash!", "sound_fail": "splat!", "ter_set": "t_wall_glass" }
  },
  {
    "type": "terrain",
    "id": "t_secro_door_glass_flesh",
    "name": "fleshed glass door",
    "description": "A glass door overrun by the flesh. You can't go through it unless...",
    "symbol": "+",
    "color": "light_red",
    "move_cost": 0,
    "roof": "t_secro_flat_roof_flesh",
    "flags": [ "S_FLESH", "NOITEM", "CONNECT_TO_WALL", "BLOCK_WIND" ],
    "bash": { "str_min": 8, "str_max": 16, "sound": "splash!", "sound_fail": "splat!", "ter_set": "t_door_glass_c" }
  },
  {
    "type": "terrain",
    "id": "t_secro_concrete_flesh",
    "name": "fleshed concrete",
    "description": "A concrete with thick, membranous veins all over it.",
    "symbol": ".",
    "color": "red",
    "move_cost": 5,
    "flags": [ "TRANSPARENT", "FLAT", "ROAD", "MINEABLE", "NOCOLLIDE", "S_FLESH" ],
    "bash": { "ter_set": "t_concrete", "str_min": 8, "str_max": 16 }
  },
  {
    "type": "terrain",
    "id": "t_secro_sidewalk_flesh",
    "name": "fleshed sidewalk",
    "description": "A pavement infected with flesh, with thick veins digging through the cracks.",
    "symbol": ".",
    "color": "light_red",
    "move_cost": 5,
    "flags": [ "TRANSPARENT", "FLAT", "ROAD", "MINEABLE", "NOCOLLIDE", "S_FLESH" ],
    "bash": { "ter_set": "t_sidewalk", "str_min": 8, "str_max": 16 }
  },
  {
    "type": "terrain",
    "id": "t_secro_pavement_flesh",
    "name": "fleshed pavement",
    "connects_to": "PAVEMENT",
    "description": "A segment of asphalt, with thick veins running across the cracks.",
    "symbol": ".",
    "color": "red",
    "move_cost": 5,
    "flags": [ "TRANSPARENT", "FLAT", "ROAD", "S_FLESH", "NOCOLLIDE", "MINEABLE" ],
    "bash": { "ter_set": "t_pavement", "str_min": 8, "str_max": 16 }
  },
  {
    "type": "terrain",
    "id": "t_secro_pavement_y_flesh",
    "name": "fleshed yellow pavement",
    "connects_to": "PAVEMENT",
    "description": "The lines of yellow marks are barely visible underneath the thick membranous veins.",
    "symbol": ".",
    "color": "light_red",
    "move_cost": 5,
    "flags": [ "TRANSPARENT", "FLAT", "ROAD", "S_FLESH", "NOCOLLIDE", "MINEABLE" ],
    "bash": { "ter_set": "t_pavement_y", "str_min": 8, "str_max": 16 }
  },
  {
    "type": "terrain",
    "id": "t_secro_thconc_floor_flesh",
    "name": "fleshed concrete floor",
    "description": "A concrete floor with flesh all over it.",
    "symbol": ".",
    "color": "light_red",
    "move_cost": 5,
    "roof": "t_secro_flat_roof_flesh",
    "flags": [ "TRANSPARENT", "SUPPORTS_ROOF", "COLLAPSES", "INDOORS", "FLAT", "NOCOLLIDE", "ROAD", "S_FLESH" ],
    "bash": { "sound": "splash!", "ter_set": "t_thconc_floor", "str_min": 8, "str_max": 16 }
  },
  {
    "note": "These are used in flesh cities to keep players from climbing a building (rooftops are complicated)",
    "type": "terrain",
    "id": "t_secro_ladder_broken_flesh",
    "name": "fleshed ladder",
    "description": "A ladder with gore and veins blocking the way.",
    "symbol": "<",
    "color": "red",
    "move_cost": 5,
    "flags": [ "TRANSPARENT", "PLACE_ITEM" ]
  },
  {
    "type": "terrain",
    "id": "t_secro_stairs_broken_flesh",
    "name": "fleshed stairs",
    "description": "A flight of stairs heavily infested by the flesh. The path is blocked, and is impossible to go through.",
    "symbol": "<",
    "color": "red",
    "move_cost": 5,
    "flags": [ "TRANSPARENT", "INDOORS", "PLACE_ITEM", "S_FLESH" ]
  },
  {
    "type": "terrain",
    "id": "t_secro_gutter_downspout_flesh",
    "name": "fleshed downspout",
    "description": "A gutter with overgrown tendrils groping from top to bottom. Its slimy texture makes it slippery.",
    "symbol": "|",
    "color": "light_red",
    "move_cost": 6,
    "flags": [ "TRANSPARENT", "S_FLESH", "THIN_OBSTACLE", "UNSTABLE" ],
    "bash": { "str_min": 8, "str_max": 16, "sound": "splash!", "sound_fail": "splat.", "ter_set": "t_gutter_downspout" }
  },
  {
    "type": "terrain",
    "id": "t_secro_railing_flesh",
    "name": "railing",
    "description": "A wooden railing infested by the flesh.",
    "symbol": "LINE_OXOX",
    "color": "red",
    "move_cost": 6,
    "flags": [ "TRANSPARENT", "NOITEM", "THIN_OBSTACLE", "MOUNTABLE", "SHORT", "AUTO_WALL_SYMBOL", "BURROWABLE", "S_FLESH" ],
    "connects_to": "RAILING",
    "bash": { "str_min": 8, "str_max": 16, "sound": "splash!", "sound_fail": "splat.", "ter_set": "t_railing" }
  },
  {
    "type": "terrain",
    "id": "t_secro_door_metal_flesh",
    "name": "fleshed metal door",
    "description": "A steel door that can withstand more punishment with the flesh covering it.",
    "symbol": "+",
    "color": "red",
    "move_cost": 0,
    "coverage": 95,
    "roof": "t_secro_flat_roof_flesh",
    "flags": [ "NOITEM", "S_FLESH", "CONNECT_TO_WALL", "MINEABLE", "BLOCK_WIND" ],
    "bash": { "str_min": 8, "str_max": 16, "sound": "splash!", "sound_fail": "splat!", "ter_set": "t_door_metal_c" }
  },
  {
    "type": "terrain",
    "id": "t_secro_door_metal_locked_flesh",
    "name": "fleshed metal door",
    "description": "A steel door that can withstand more punishment with the flesh covering it. It is also locked.",
    "symbol": "+",
    "color": "red",
    "move_cost": 0,
    "coverage": 95,
    "roof": "t_secro_flat_roof_flesh",
    "flags": [ "NOITEM", "REDUCE_SCENT", "CONNECT_TO_WALL", "MINEABLE", "BLOCK_WIND", "S_FLESH" ],
    "bash": { "str_min": 8, "str_max": 16, "sound": "splash!", "sound_fail": "splat!", "ter_set": "t_door_metal_locked" }
  },
  {
    "type": "terrain",
    "id": "t_secro_carpet_red_flesh",
    "name": "fleshed red carpet",
    "description": "Soft red carpet overrun by gore and veins.",
    "symbol": ".",
    "color": "red",
    "move_cost": 5,
    "roof": "t_secro_flat_roof_flesh",
    "flags": [ "TRANSPARENT", "FLAMMABLE_HARD", "SUPPORTS_ROOF", "COLLAPSES", "INDOORS", "NOCOLLIDE", "S_FLESH", "FLAT" ],
    "bash": { "sound": "splash!", "ter_set": "t_carpet_red", "str_min": 8, "str_max": 16 }
  },
  {
    "type": "terrain",
    "id": "t_secro_carpet_yellow_flesh",
    "name": "fleshed yellow carpet",
    "description": "Soft yellow carpet overrun by gore and veins.",
    "symbol": ".",
    "color": "red",
    "move_cost": 5,
    "roof": "t_secro_flat_roof_flesh",
    "flags": [ "TRANSPARENT", "FLAMMABLE_HARD", "SUPPORTS_ROOF", "COLLAPSES", "INDOORS", "NOCOLLIDE", "S_FLESH", "FLAT" ],
    "bash": { "sound": "splash!", "ter_set": "t_carpet_yellow", "str_min": 8, "str_max": 16 }
  },
  {
    "type": "terrain",
    "id": "t_secro_carpet_green_flesh",
    "name": "fleshed green carpet",
    "description": "Soft green carpet overrun by gore and veins.",
    "symbol": ".",
    "color": "red",
    "move_cost": 5,
    "roof": "t_secro_flat_roof_flesh",
    "flags": [ "TRANSPARENT", "FLAMMABLE_HARD", "SUPPORTS_ROOF", "COLLAPSES", "INDOORS", "NOCOLLIDE", "S_FLESH", "FLAT" ],
    "bash": { "sound": "splash!", "ter_set": "t_carpet_green", "str_min": 8, "str_max": 16 }
  },
  {
    "type": "terrain",
    "id": "t_secro_carpet_purple_flesh",
    "name": "fleshed purple carpet",
    "description": "Soft purple carpet overrun by gore and veins.",
    "symbol": ".",
    "color": "red",
    "move_cost": 5,
    "roof": "t_secro_flat_roof_flesh",
    "flags": [ "TRANSPARENT", "FLAMMABLE_HARD", "SUPPORTS_ROOF", "COLLAPSES", "NOCOLLIDE", "INDOORS", "S_FLESH", "FLAT" ],
    "bash": { "sound": "splash!", "ter_set": "t_carpet_purple", "str_min": 8, "str_max": 16 }
  },
  {
    "type": "terrain",
    "id": "t_secro_linoleum_white_flesh",
    "name": "fleshed linoleum tile",
    "description": "A tough, white, rubbery floor infested by flesh.",
    "symbol": ".",
    "color": "light_red",
    "move_cost": 5,
    "roof": "t_secro_flat_roof_flesh",
    "flags": [ "TRANSPARENT", "SUPPORTS_ROOF", "COLLAPSES", "INDOORS", "NOCOLLIDE", "S_FLESH", "FLAT", "ROAD" ],
    "bash": { "sound": "splash!", "ter_set": "t_linoleum_white", "str_min": 8, "str_max": 16 }
  },
  {
    "type": "terrain",
    "id": "t_secro_linoleum_gray_flesh",
    "name": "fleshed linoleum tile",
    "roof": "t_secro_flat_roof_flesh",
    "description": "A tough, gray, rubbery floor infested by flesh.",
    "symbol": ".",
    "color": "light_red",
    "move_cost": 5,
    "flags": [ "TRANSPARENT", "SUPPORTS_ROOF", "COLLAPSES", "INDOORS", "NOCOLLIDE", "S_FLESH", "FLAT", "ROAD" ],
    "bash": { "sound": "splash!", "ter_set": "t_linoleum_gray", "str_min": 8, "str_max": 16 }
  },
  {
    "type": "terrain",
    "id": "t_secro_fence_flesh",
    "name": "fleshed picket fence",
    "description": "A barrier made of wood, it's nothing complicated.  Mildly suggests where not to go.",
    "symbol": "LINE_OXOX",
    "color": "red",
    "move_cost": 6,
    "flags": [
      "TRANSPARENT",
      "DIGGABLE",
      "FLAMMABLE_ASH",
      "NOITEM",
      "THIN_OBSTACLE",
      "REDUCE_SCENT",
      "MOUNTABLE",
      "SHORT",
      "AUTO_WALL_SYMBOL",
      "BURROWABLE",
      "S_FLESH"
    ],
    "connects_to": "WOODFENCE",
    "bash": { "str_min": 8, "str_max": 16, "sound": "splash.", "sound_fail": "splat.", "ter_set": "t_fence" }
  },
  {
    "type": "terrain",
    "id": "t_secro_column_flesh",
    "name": "fleshed column",
    "description": "A concrete column, covered in flesh.",
    "symbol": "1",
    "color": "light_red",
    "move_cost": 0,
    "coverage": 80,
    "flags": [ "WALL", "MINEABLE", "S_FLESH" ],
    "bash": { "str_min": 8, "str_max": 16, "sound": "splash!", "sound_fail": "splat!", "ter_set": "t_column" }
  },
  {
    "type": "terrain",
    "id": "t_secro_console_broken_flesh",
    "name": "fleshed broken console",
    "description": "This is a standalone computer terminal that is beyond broken. Veins crawl through the monitor.",
    "symbol": "6",
    "color": "light_red",
    "move_cost": 0,
    "coverage": 50,
    "roof": "t_secro_flat_roof_flesh",
    "flags": [ "TRANSPARENT", "NOITEM", "INDOORS", "SHORT", "PERMEABLE" ],
    "bash": { "str_min": 8, "str_max": 16, "sound": "splash!", "sound_fail": "splat!", "ter_set": "t_console_broken" }
  },
  {
    "type": "terrain",
    "id": "t_secro_console_flesh",
    "name": "fleshed computer console",
    "description": "This is a standalone computer terminal. Veins crawl through the monitor, but seems to work in its current condition.",
    "symbol": "6",
    "color": "red",
    "move_cost": 0,
    "coverage": 50,
    "light_emitted": 5,
    "roof": "t_secro_flat_roof_flesh",
    "flags": [ "TRANSPARENT", "CONSOLE", "S_FLESH", "NOITEM", "INDOORS", "SHORT", "PERMEABLE" ],
    "bash": { "str_min": 8, "str_max": 16, "sound": "splash!", "sound_fail": "splat!", "ter_set": "t_console" }
  },
  {
    "type": "terrain",
    "id": "t_secro_gates_mech_control_flesh",
    "name": "fleshed mechanical winch",
    "description": "This is a gate control winch. Thich tendrils cover the handle, if removed, it may be usable.",
    "symbol": "6",
    "color": "red",
    "move_cost": 0,
    "flags": [ "TRANSPARENT", "NOITEM", "INDOORS", "PERMEABLE", "THIN_OBSTACLE", "S_FLESH" ],
    "bash": { "str_min": 8, "str_max": 16, "sound": "splash!", "sound_fail": "splat!", "ter_set": "t_gates_mech_control" }
  },
  {
    "type": "terrain",
    "id": "t_secro_gates_control_concrete_flesh",
    "name": "fleshed mechanical winch",
    "description": "This is a gate control winch. Thich tendrils cover the handle, if removed, it may be usable.",
    "symbol": "6",
    "color": "cyan_red",
    "move_cost": 0,
    "flags": [ "TRANSPARENT", "NOITEM", "INDOORS", "PERMEABLE", "THIN_OBSTACLE", "S_FLESH" ],
    "examine_action": "controls_gate",
    "bash": { "str_min": 8, "str_max": 16, "sound": "splash!", "sound_fail": "splat!", "ter_set": "t_gates_control_concrete" }
  },
  {
    "type": "terrain",
    "id": "t_secro_atm_flesh",
    "name": "fleshed ATM",
    "description": "With flesh covering the entire mechanism, you can't do anything useful...",
    "symbol": "&",
    "color": "red",
    "move_cost": 0,
    "coverage": 55,
    "flags": [ "TRANSPARENT", "NOITEM", "REDUCE_SCENT", "PERMEABLE" ],
    "bash": { "str_min": 8, "str_max": 16, "sound": "splash!", "sound_fail": "splat!", "ter_set": "t_atm" }
  },
  {
    "type": "terrain",
    "id": "t_secro_window_stained_green_flesh",
    "name": "flesh high stained glass window",
    "description": "An emerald-stained window covered in flesh.",
    "symbol": "\"",
    "color": "red",
    "move_cost": 0,
    "roof": "t_secro_flat_roof_flesh",
    "flags": [ "NOITEM", "SUPPORTS_ROOF", "WALL", "BARRICADABLE_WINDOW", "CONNECT_TO_WALL", "MINEABLE", "BLOCK_WIND", "S_FLESH" ],
    "bash": { "str_min": 8, "str_max": 16, "sound": "splash!", "sound_fail": "splat!", "ter_set": "t_window_stained_green" }
  },
  {
    "type": "terrain",
    "id": "t_secro_window_stained_red_flesh",
    "name": "flesh high stained glass window",
    "description": "A ruby-stained window covered in flesh.",
    "symbol": "\"",
    "color": "red",
    "move_cost": 0,
    "roof": "t_secro_flat_roof_flesh",
    "flags": [ "NOITEM", "SUPPORTS_ROOF", "WALL", "BARRICADABLE_WINDOW", "CONNECT_TO_WALL", "MINEABLE", "BLOCK_WIND", "S_FLESH" ],
    "bash": { "str_min": 8, "str_max": 16, "sound": "splash!", "sound_fail": "splat!", "ter_set": "t_window_stained_red" }
  },
  {
    "type": "terrain",
    "id": "t_secro_window_stained_blue_flesh",
    "name": "flesh high stained glass window",
    "description": "An sapphire-stained window covered in flesh.",
    "symbol": "\"",
    "color": "red",
    "move_cost": 0,
    "roof": "t_secro_flat_roof_flesh",
    "flags": [ "NOITEM", "SUPPORTS_ROOF", "WALL", "BARRICADABLE_WINDOW", "CONNECT_TO_WALL", "MINEABLE", "BLOCK_WIND", "S_FLESH" ],
    "bash": { "str_min": 8, "str_max": 16, "sound": "splash!", "sound_fail": "splat!", "ter_set": "t_window_stained_blue" }
  },
  {
    "type": "terrain",
    "id": "t_secro_window_bars_flesh",
    "name": "fleshed window frame with metal bars",
    "description": "A windom frame with steel bars and a giant sheet of glass shrouded in bloody veins.",
    "symbol": "#",
    "color": "light_red",
    "move_cost": 0,
    "roof": "t_secro_flat_roof_flesh",
    "flags": [ "NOITEM", "CONNECT_TO_WALL", "THIN_OBSTACLE", "S_FLESH" ],
    "bash": { "str_min": 8, "str_max": 16, "sound": "splash!", "sound_fail": "splat!", "ter_set": "t_window_bars" }
  },
  {
    "type": "terrain",
    "id": "t_secro_chainfence_flesh",
    "name": "fleshed chain link fence",
    "description": "A chain link fence with its patterned holes blocked with thick flesh.",
    "symbol": "LINE_OXOX",
    "color": "light_red",
    "move_cost": 0,
    "flags": [
      "TRANSPARENT",
      "NOITEM",
      "THIN_OBSTACLE",
      "PERMEABLE",
      "UNSTABLE",
      "CLIMBABLE",
      "AUTO_WALL_SYMBOL",
      "BURROWABLE",
      "S_FLESH"
    ],
    "connects_to": "CHAINFENCE",
    "examine_action": "chainfence",
    "bash": { "str_min": 8, "str_max": 16, "sound": "splash!", "sound_fail": "splat!", "ter_set": "t_chainfence" }
  },
  {
    "type": "terrain",
    "id": "t_secro_chaingate_l_flesh",
    "name": "fleshed wire gate",
    "description": "A chain gate with flesh covering most of the hole. It has a visible padlock mechanism, and opening it may require you to remove all the gore in it.",
    "symbol": "+",
    "color": "red",
    "move_cost": 0,
    "flags": [ "TRANSPARENT", "PERMEABLE", "THIN_OBSTACLE", "BURROWABLE", "S_FLESH" ],
    "connects_to": "CHAINFENCE",
    "bash": { "str_min": 8, "str_max": 16, "sound": "splash!", "sound_fail": "splat!", "ter_set": "t_chaingate_l" }
  },
  {
    "type": "terrain",
    "id": "t_secro_chaingate_c_flesh",
    "name": "fleshed wire gate",
    "description": "A chain gate with flesh covering most of the hole.",
    "symbol": "+",
    "color": "red",
    "move_cost": 0,
    "flags": [ "TRANSPARENT", "PERMEABLE", "THIN_OBSTACLE", "BURROWABLE", "S_FLESH" ],
    "connects_to": "CHAINFENCE",
    "bash": { "str_min": 8, "str_max": 16, "sound": "splash!", "sound_fail": "splat!", "ter_set": "t_chaingate_c" }
  },
  {
    "type": "terrain",
    "id": "t_secro_wall_p_flesh",
    "name": "fleshed pink wall",
    "description": "Wall painted pink, adorned by gore and veins.",
    "symbol": "LINE_OXOX",
    "color": "red",
    "move_cost": 0,
    "coverage": 100,
    "roof": "t_secro_flat_roof_flesh",
    "flags": [ "FLAMMABLE", "NOITEM", "SUPPORTS_ROOF", "WALL", "CHIP", "S_FLESH", "AUTO_WALL_SYMBOL", "MINEABLE", "BLOCK_WIND" ],
    "bash": { "str_min": 8, "str_max": 16, "sound": "splash!", "sound_fail": "splat!", "ter_set": "t_wall_p" }
  },
  {
    "type": "terrain",
    "id": "t_secro_reinforced_door_glass_flesh",
    "name": "fleshed reinforced glass door",
    "description": "A reinforced glass door infested by flesh. Opening it might be a minor problem...",
    "symbol": "+",
    "color": "red",
    "move_cost": 0,
    "roof": "t_secro_flat_roof_flesh",
    "flags": [ "NOITEM", "CONNECT_TO_WALL", "MINEABLE", "BLOCK_WIND", "S_FLESH" ],
    "bash": { "str_min": 8, "str_max": 16, "sound": "splash!", "sound_fail": "splat!", "ter_set": "t_reinforced_door_glass_c" }
  },
  {
    "type": "terrain",
    "id": "t_secro_brick_wall_flesh",
    "name": "fleshed brick wall",
    "description": "A sturdy brick wall with veins digging through the gaps, forming odd patterns.",
    "symbol": "LINE_OXOX",
    "color": "red",
    "move_cost": 0,
    "coverage": 100,
    "roof": "t_secro_flat_roof_flesh",
    "flags": [ "NOITEM", "SUPPORTS_ROOF", "WALL", "AUTO_WALL_SYMBOL", "MINEABLE", "BLOCK_WIND", "S_FLESH" ],
    "connects_to": "WALL",
    "bash": { "str_min": 8, "str_max": 16, "sound": "splash!", "sound_fail": "splat!", "ter_set": "t_brick_wall" }
  },
  {
    "type": "terrain",
    "id": "t_secro_concrete_wall_flesh",
    "name": "fleshed concrete wall",
    "description": "An already unpleasant wall infected by the flesh.",
    "symbol": "LINE_OXOX",
    "color": "red",
    "move_cost": 0,
    "coverage": 100,
    "roof": "t_secro_flat_roof_flesh",
    "flags": [ "NOITEM", "SUPPORTS_ROOF", "WALL", "NO_SCENT", "AUTO_WALL_SYMBOL", "MINEABLE", "S_FLESH", "BLOCK_WIND" ],
    "bash": { "str_min": 8, "str_max": 16, "sound": "splash!", "sound_fail": "splat!", "ter_set": "t_concrete_wall" }
  },
  {
    "type": "terrain",
    "id": "t_secro_wall_metal_flesh",
    "name": "fleshed metal wall",
    "description": "A thick, blast-proof metal wall overrun by the flesh. Now you've got more time to take it down.",
    "symbol": "LINE_OXOX",
    "color": "light_red",
    "move_cost": 0,
    "coverage": 100,
    "roof": "t_secro_flat_roof_flesh",
    "flags": [ "NOITEM", "SUPPORTS_ROOF", "WALL", "NO_SCENT", "AUTO_WALL_SYMBOL", "MINEABLE", "S_FLESH", "BLOCK_WIND" ],
    "bash": { "str_min": 8, "str_max": 16, "sound": "splash!", "sound_fail": "splat!", "ter_set": "t_wall_metal" }
  },
  {
    "type": "terrain",
    "id": "t_secro_reinforced_glass_flesh",
    "name": "fleshed reinforced glass",
    "description": "Thick, durable pane of reinforced glass infested by flesh. Not only it is tough, it completely blocks the vision through it.",
    "symbol": "LINE_OXOX",
    "color": "light_red",
    "move_cost": 0,
    "roof": "t_secro_flat_roof_flesh",
    "flags": [ "NOITEM", "WALL", "NO_SCENT", "AUTO_WALL_SYMBOL", "MINEABLE", "S_FLESH", "BLOCK_WIND" ],
    "bash": { "str_min": 8, "str_max": 16, "sound": "splash!", "sound_fail": "splat!", "ter_set": "t_reinforced_glass" }
  },
  {
    "type": "terrain",
    "id": "t_secro_water_dispenser_flesh",
    "name": "fleshed water dispenser",
    "description": "A machine with several taps that dispenses clean water. Although, the flesh clogs the dispenser, rendering it useless.",
    "symbol": "W",
    "color": "light_red",
    "move_cost": 0,
    "coverage": 40,
    "flags": [ "TRANSPARENT", "S_FLESH" ],
    "bash": { "str_min": 8, "str_max": 16, "sound": "splash!", "sound_fail": "splat.", "ter_set": "t_water_dispenser" }
  },
  {
    "type": "terrain",
    "id": "t_secro_ballistic_glass_flesh",
    "name": "fleshed ballistic glass",
    "looks_like": "t_reinforced_glass",
    "description": "Overrun by the flesh, this stacked up laminated glass is much tougher than before.",
    "symbol": "LINE_OXOX",
    "color": "light_red",
    "move_cost": 0,
    "roof": "t_secro_flat_roof_flesh",
    "flags": [ "NOITEM", "WALL", "NO_SCENT", "AUTO_WALL_SYMBOL", "MINEABLE", "BLOCK_WIND", "S_FLESH" ],
    "bash": { "str_min": 8, "str_max": 16, "sound": "splash!", "sound_fail": "splat!", "ter_set": "t_ballistic_glass" }
  },
  {
    "type": "terrain",
    "id": "t_secro_card_flesh",
    "name": "card reader",
    "description": "This is a smartcard reader. Engraved is a text saying \"Secronom Project\" underneath a biohazard symbol. You'll definitely need a special keycard of some sort to unlock the door.",
    "//": "Secronom. You'll find the keycard in the secronom lab.",
    "symbol": "6",
    "color": "pink",
    "move_cost": 0,
    "flags": [ "NOITEM", "CONNECT_TO_WALL" ],
    "bash": {
      "str_min": 18,
      "str_max": 180,
      "sound": "crunch!",
      "sound_fail": "whack!",
      "ter_set": "t_card_reader_broken",
      "items": [ { "item": "plastic_chunk", "count": [ 0, 2 ] }, { "item": "scrap", "prob": 50 } ]
    }
  },
  {
    "type": "terrain",
    "id": "t_secro_door_metal_secrofv",
    "name": "biohazard metal door",
    "description": "A galvanized steel door, forged to withstand punishment and impede anyone or anything. Typically used in conjunction with automated electronic locking mechanisms that require an external source to unlock. It has a biohazard symbol depicting something unearthly on the other side... as the flesh fibers crawl out of the edges. A card reader is embedded to the door, and it requires a special key card for it to open.",
    "//": "Actually locked, as in, LOCKED",
    "symbol": "+",
    "looks_like": "t_door_metal_c",
    "color": "cyan",
    "move_cost": 0,
    "coverage": 95,
    "roof": "t_flat_roof",
    "flags": [ "NOITEM", "REDUCE_SCENT", "CONNECT_TO_WALL", "LOCKED", "MINEABLE", "BLOCK_WIND" ],
    "bash": {
      "str_min": 120,
      "str_max": 350,
      "sound": "metal screeching!",
      "sound_fail": "clang!",
      "ter_set": "t_mdoor_frame",
      "items": [
        { "item": "scrap", "count": [ 15, 30 ] },
        { "item": "steel_plate", "prob": 80 },
        { "item": "hinge", "count": [ 1, 4 ] }
      ]
    }
  },
  {
    "type": "terrain",
    "id": "t_secro_experiment_vat",
    "name": "experimental vat",
    "description": "A large vat full of yellowish solution. Flesh seems to surround the glass tube, as if they are concealing something...",
    "symbol": "0",
    "color": "light_red",
    "looks_like": "t_vat",
    "move_cost": 0,
    "coverage": 40,
    "roof": "t_flat_roof",
    "flags": [ "TRANSPARENT", "SEALED", "PLACE_ITEM", "WALL" ],
    "bash": {
      "str_min": 12,
      "str_max": 90,
      "sound": "splash!",
      "sound_fail": "splat.",
      "sound_vol": 16,
      "sound_fail_vol": 12,
      "ter_set": "t_floor",
      "items": [ { "item": "glass_shard", "count": [ 42, 84 ] }, { "item": "scrap", "count": [ 0, 2 ] } ]
    }
  }
]
