[
  {
    "note": "Flesh forest is a massive area full of crimson horrors, while its terrain is very harsh and will try to prevent you from getting further to the depths.",
    "method": "json",
    "object": {
      "fill_ter": "t_dirt",
      "rows": [
        "........................",
        "........................",
        "........................",
        "........................",
        "........................",
        "........................",
        "........................",
        "........................",
        "........................",
        "........................",
        "........................",
        "........................",
        "........................",
        "........................",
        "........................",
        "........................",
        "........................",
        "........................",
        "........................",
        "........................",
        "........................",
        "........................",
        "........................",
        "........................"
      ],
      "terrain": {
        ".": [
          [ "t_secro_dirt_flesh", 250 ],
          [ "t_dirt", 1000 ],
          [ "t_secro_grass_flesh", 150 ],
          [ "t_grass", 600 ],
          [ "t_secro_grass_long_flesh", 75 ],
          [ "t_grass_long", 300 ],
          [ "t_secro_grass_tall_flesh", 25 ],
          [ "t_grass_tall", 100 ],
          [ "t_secro_shrub_flesh", 10 ],
          [ "t_shrub", 40 ],
          [ "t_secro_tree_young_flesh", 5 ],
          [ "t_tree_young", 20 ],
          [ "t_secro_tree_flesh", 2 ],
          [ "t_tree", 8 ],
          [ "t_tree_walnut", 8 ],
          [ "t_tree_blackjack", 8 ],
          [ "t_tree_chestnut", 8 ],
          [ "t_tree_beech", 8 ],
          [ "t_tree_hazelnut", 8 ],
          [ "t_tree_cottonwood", 8 ],
          [ "t_tree_elm", 8 ],
          [ "t_tree_apple", 8 ],
          [ "t_tree_pear", 8 ],
          [ "t_tree_coffee", 8 ],
          [ "t_tree_cherry", 8 ],
          [ "t_tree_juniper", 8 ],
          [ "t_tree_peach", 8 ],
          [ "t_tree_apricot", 8 ],
          [ "t_tree_plum", 8 ],
          [ "t_tree_mulberry", 8 ],
          [ "t_tree_elderberry", 8 ],
          [ "t_tree_pine", 8 ],
          [ "t_tree_birch", 8 ],
          [ "t_tree_willow", 8 ],
          [ "t_tree_maple", 8 ],
          [ "t_tree_hickory", 8 ]
        ]
      },
      "furniture": {
        ".": [
          [ "f_null", 8000 ],
          [ "f_secro_flower_flesh", 50 ],
          [ "f_secro_veinstalk", 25 ],
          [ "f_dandelion", 200 ],
          [ "f_chamomile", 200 ],
          [ "f_flower_tulip", 200 ],
          [ "f_flower_spurge", 200 ],
          [ "f_black_eyed_susan", 200 ],
          [ "f_lily", 200 ],
          [ "f_bluebell", 200 ],
          [ "f_dahlia", 200 ],
          [ "f_datura", 200 ],
          [ "f_secro_boulder_small_flesh", 5 ],
          [ "f_boulder_small", 20 ],
          [ "f_secro_boulder_medium_flesh", 2 ],
          [ "f_boulder_medium", 8 ],
          [ "f_secro_tree_flesh_atk", 25 ],
          "f_secro_boulder_large_flesh",
          [ "f_boulder_large", 4 ]
        ]
      }
    },
    "om_terrain": [ "flesh_forest_vfaraway" ],
    "type": "mapgen",
    "weight": 1000
  },
  {
    "method": "json",
    "object": {
      "fill_ter": "t_dirt",
      "rows": [
        "........................",
        "........................",
        "........................",
        "........................",
        "........................",
        "........................",
        "........................",
        "........................",
        "........................",
        "........................",
        "........................",
        "........................",
        "........................",
        "........................",
        "........................",
        "........................",
        "........................",
        "........................",
        "........................",
        "........................",
        "........................",
        "........................",
        "........................",
        "........................"
      ],
      "terrain": {
        ".": [
          [ "t_secro_dirt_flesh", 250 ],
          [ "t_dirt", 500 ],
          [ "t_secro_grass_flesh", 150 ],
          [ "t_grass", 300 ],
          [ "t_secro_grass_long_flesh", 75 ],
          [ "t_grass_long", 150 ],
          [ "t_secro_grass_tall_flesh", 25 ],
          [ "t_grass_tall", 50 ],
          [ "t_secro_shrub_flesh", 10 ],
          [ "t_shrub", 20 ],
          [ "t_secro_tree_young_flesh", 5 ],
          [ "t_tree_young", 10 ],
          [ "t_secro_tree_flesh", 2 ],
          [ "t_tree", 4 ],
          [ "t_tree_walnut", 4 ],
          [ "t_tree_blackjack", 4 ],
          [ "t_tree_chestnut", 4 ],
          [ "t_tree_beech", 4 ],
          [ "t_tree_hazelnut", 4 ],
          [ "t_tree_cottonwood", 4 ],
          [ "t_tree_elm", 4 ],
          [ "t_tree_apple", 4 ],
          [ "t_tree_pear", 4 ],
          [ "t_tree_coffee", 4 ],
          [ "t_tree_cherry", 4 ],
          [ "t_tree_juniper", 4 ],
          [ "t_tree_peach", 4 ],
          [ "t_tree_apricot", 4 ],
          [ "t_tree_plum", 4 ],
          [ "t_tree_mulberry", 4 ],
          [ "t_tree_elderberry", 4 ],
          [ "t_tree_pine", 4 ],
          [ "t_tree_birch", 4 ],
          [ "t_tree_willow", 4 ],
          [ "t_tree_maple", 4 ],
          [ "t_tree_hickory", 4 ]
        ]
      },
      "furniture": {
        ".": [
          [ "f_null", 4000 ],
          [ "f_secro_flower_flesh", 50 ],
          [ "f_secro_veinstalk", 25 ],
          [ "f_dandelion", 100 ],
          [ "f_chamomile", 100 ],
          [ "f_flower_tulip", 100 ],
          [ "f_flower_spurge", 100 ],
          [ "f_black_eyed_susan", 100 ],
          [ "f_lily", 100 ],
          [ "f_bluebell", 100 ],
          [ "f_dahlia", 100 ],
          [ "f_datura", 100 ],
          [ "f_secro_boulder_small_flesh", 5 ],
          [ "f_boulder_small", 10 ],
          [ "f_secro_boulder_medium_flesh", 2 ],
          [ "f_boulder_medium", 4 ],
          [ "f_secro_tree_flesh_atk", 25 ],
          "f_secro_boulder_large_flesh",
          [ "f_boulder_large", 2 ]
        ]
      }
    },
    "om_terrain": [ "flesh_forest_vfar" ],
    "type": "mapgen",
    "weight": 1000
  },
  {
    "method": "json",
    "object": {
      "fill_ter": "t_dirt",
      "rows": [
        "........................",
        "........................",
        "........................",
        "........................",
        "........................",
        "........................",
        "........................",
        "........................",
        "........................",
        "........................",
        "........................",
        "........................",
        "........................",
        "........................",
        "........................",
        "........................",
        "........................",
        "........................",
        "........................",
        "........................",
        "........................",
        "........................",
        "........................",
        "........................"
      ],
      "terrain": {
        ".": [
          [ "t_secro_dirt_flesh", 250 ],
          [ "t_dirt", 375 ],
          [ "t_secro_grass_flesh", 150 ],
          [ "t_grass", 225 ],
          [ "t_secro_grass_long_flesh", 75 ],
          [ "t_grass_long", 113 ],
          [ "t_secro_grass_tall_flesh", 25 ],
          [ "t_grass_tall", 38 ],
          [ "t_secro_shrub_flesh", 10 ],
          [ "t_shrub", 15 ],
          [ "t_secro_tree_young_flesh", 5 ],
          [ "t_tree_young", 8 ],
          [ "t_secro_tree_flesh", 2 ],
          [ "t_tree", 3 ],
          [ "t_tree_walnut", 3 ],
          [ "t_tree_blackjack", 3 ],
          [ "t_tree_chestnut", 3 ],
          [ "t_tree_beech", 3 ],
          [ "t_tree_hazelnut", 3 ],
          [ "t_tree_cottonwood", 3 ],
          [ "t_tree_elm", 3 ],
          [ "t_tree_apple", 3 ],
          [ "t_tree_pear", 3 ],
          [ "t_tree_coffee", 3 ],
          [ "t_tree_cherry", 3 ],
          [ "t_tree_juniper", 3 ],
          [ "t_tree_peach", 3 ],
          [ "t_tree_apricot", 3 ],
          [ "t_tree_plum", 3 ],
          [ "t_tree_mulberry", 3 ],
          [ "t_tree_elderberry", 3 ],
          [ "t_tree_pine", 3 ],
          [ "t_tree_birch", 3 ],
          [ "t_tree_willow", 3 ],
          [ "t_tree_maple", 3 ],
          [ "t_tree_hickory", 3 ]
        ]
      },
      "furniture": {
        ".": [
          [ "f_null", 3500 ],
          [ "f_secro_flower_flesh", 50 ],
          [ "f_secro_veinstalk", 25 ],
          [ "f_dandelion", 75 ],
          [ "f_chamomile", 75 ],
          [ "f_flower_tulip", 75 ],
          [ "f_flower_spurge", 75 ],
          [ "f_black_eyed_susan", 75 ],
          [ "f_lily", 75 ],
          [ "f_bluebell", 75 ],
          [ "f_dahlia", 75 ],
          [ "f_datura", 75 ],
          [ "f_secro_boulder_small_flesh", 5 ],
          [ "f_boulder_small", 8 ],
          [ "f_secro_boulder_medium_flesh", 2 ],
          [ "f_boulder_medium", 3 ],
          [ "f_secro_tree_flesh_atk", 25 ],
          "f_secro_boulder_large_flesh",
          [ "f_boulder_large", 2 ]
        ]
      }
    },
    "om_terrain": [ "flesh_forest_far" ],
    "type": "mapgen",
    "weight": 1000
  },
  {
    "method": "json",
    "object": {
      "fill_ter": "t_dirt",
      "rows": [
        "........................",
        "........................",
        "........................",
        "........................",
        "........................",
        "........................",
        "........................",
        "........................",
        "........................",
        "........................",
        "........................",
        "........................",
        "........................",
        "........................",
        "........................",
        "........................",
        "........................",
        "........................",
        "........................",
        "........................",
        "........................",
        "........................",
        "........................",
        "........................"
      ],
      "terrain": {
        ".": [
          [ "t_secro_dirt_flesh", 250 ],
          [ "t_dirt", 250 ],
          [ "t_secro_grass_flesh", 150 ],
          [ "t_grass", 150 ],
          [ "t_secro_grass_long_flesh", 75 ],
          [ "t_grass_long", 75 ],
          [ "t_secro_grass_tall_flesh", 25 ],
          [ "t_grass_tall", 25 ],
          [ "t_secro_shrub_flesh", 10 ],
          [ "t_shrub", 10 ],
          [ "t_secro_tree_young_flesh", 5 ],
          [ "t_tree_young", 5 ],
          [ "t_secro_tree_flesh", 2 ],
          [ "t_tree", 2 ],
          [ "t_tree_walnut", 2 ],
          [ "t_tree_blackjack", 2 ],
          [ "t_tree_chestnut", 2 ],
          [ "t_tree_beech", 2 ],
          [ "t_tree_hazelnut", 2 ],
          [ "t_tree_cottonwood", 2 ],
          [ "t_tree_elm", 2 ],
          [ "t_tree_apple", 2 ],
          [ "t_tree_pear", 2 ],
          [ "t_tree_coffee", 2 ],
          [ "t_tree_cherry", 2 ],
          [ "t_tree_juniper", 2 ],
          [ "t_tree_peach", 2 ],
          [ "t_tree_apricot", 2 ],
          [ "t_tree_plum", 2 ],
          [ "t_tree_mulberry", 2 ],
          [ "t_tree_elderberry", 2 ],
          [ "t_tree_pine", 2 ],
          [ "t_tree_birch", 2 ],
          [ "t_tree_willow", 2 ],
          [ "t_tree_maple", 2 ],
          [ "t_tree_hickory", 2 ]
        ]
      },
      "furniture": {
        ".": [
          [ "f_null", 3000 ],
          [ "f_secro_flower_flesh", 50 ],
          [ "f_secro_veinstalk", 25 ],
          [ "f_dandelion", 50 ],
          [ "f_chamomile", 50 ],
          [ "f_flower_tulip", 50 ],
          [ "f_flower_spurge", 50 ],
          [ "f_black_eyed_susan", 50 ],
          [ "f_lily", 50 ],
          [ "f_bluebell", 50 ],
          [ "f_dahlia", 50 ],
          [ "f_datura", 50 ],
          [ "f_secro_boulder_small_flesh", 5 ],
          [ "f_boulder_small", 5 ],
          [ "f_secro_boulder_medium_flesh", 2 ],
          [ "f_boulder_medium", 2 ],
          [ "f_secro_tree_flesh_atk", 25 ],
          "f_secro_boulder_large_flesh",
          "f_boulder_large"
        ]
      }
    },
    "om_terrain": [ "flesh_forest_mid" ],
    "type": "mapgen",
    "weight": 1000
  },
  {
    "method": "json",
    "object": {
      "fill_ter": "t_dirt",
      "rows": [
        "........................",
        "........................",
        "........................",
        "........................",
        "........................",
        "........................",
        "........................",
        "........................",
        "........................",
        "........................",
        "........................",
        "........................",
        "........................",
        "........................",
        "........................",
        "........................",
        "........................",
        "........................",
        "........................",
        "........................",
        "........................",
        "........................",
        "........................",
        "........................"
      ],
      "terrain": {
        ".": [
          [ "t_secro_dirt_flesh", 250 ],
          [ "t_dirt", 125 ],
          [ "t_secro_grass_flesh", 150 ],
          [ "t_grass", 75 ],
          [ "t_secro_grass_long_flesh", 75 ],
          [ "t_grass_long", 38 ],
          [ "t_secro_grass_tall_flesh", 25 ],
          [ "t_grass_tall", 13 ],
          [ "t_secro_shrub_flesh", 10 ],
          [ "t_shrub", 5 ],
          [ "t_secro_tree_young_flesh", 5 ],
          [ "t_tree_young", 3 ],
          [ "t_secro_tree_flesh", 2 ],
          "t_tree",
          "t_tree_walnut",
          "t_tree_blackjack",
          "t_tree_chestnut",
          "t_tree_beech",
          "t_tree_hazelnut",
          "t_tree_cottonwood",
          "t_tree_elm",
          "t_tree_apple",
          "t_tree_pear",
          "t_tree_coffee",
          "t_tree_cherry",
          "t_tree_juniper",
          "t_tree_peach",
          "t_tree_apricot",
          "t_tree_plum",
          "t_tree_mulberry",
          "t_tree_elderberry",
          "t_tree_pine",
          "t_tree_birch",
          "t_tree_willow",
          "t_tree_maple",
          "t_tree_hickory"
        ]
      },
      "furniture": {
        ".": [
          [ "f_null", 2500 ],
          [ "f_secro_flower_flesh", 50 ],
          [ "f_secro_veinstalk", 25 ],
          [ "f_dandelion", 25 ],
          [ "f_chamomile", 25 ],
          [ "f_flower_tulip", 25 ],
          [ "f_flower_spurge", 25 ],
          [ "f_black_eyed_susan", 25 ],
          [ "f_lily", 25 ],
          [ "f_bluebell", 25 ],
          [ "f_dahlia", 25 ],
          [ "f_datura", 25 ],
          [ "f_secro_boulder_small_flesh", 5 ],
          [ "f_boulder_small", 3 ],
          [ "f_secro_boulder_medium_flesh", 2 ],
          "f_boulder_medium",
          [ "f_secro_tree_flesh_atk", 25 ],
          "f_secro_boulder_large_flesh"
        ]
      }
    },
    "om_terrain": [ "flesh_forest_near" ],
    "type": "mapgen",
    "weight": 1000
  },
  {
    "note": "This is the center part of the forest. All crimson horrors will appear MORE often at this area.",
    "method": "json",
    "object": {
      "fill_ter": "t_secro_flesh",
      "rows": [
        ";;;;;;;;;;;;;;;;;;;;;;;;;......................;;;;;;;;;;;;;;;;;;;;;;;;;",
        ";;;;;;;;;;;;;;;;;;;;;;;;........................;;;;;;;;;;;;;;;;;;;;;;;;",
        ";;;;;;;;;;;;;;;;;;;;;;;..........................;;;;;;;;;;;;;;;;;;;;;;;",
        ";;;;;;;;;;;;;;;;;;;;;;............................;;;;;;;;;;;;;;;;;;;;;;",
        ";;;;;;;;;;;;;;;;;;;;;..............................;;;;;;;;;;;;;;;;;;;;;",
        ";;;;;;;;;;;;;;;;;;;;................................;;;;;;;;;;;;;;;;;;;;",
        ";;;;;;;;;;;;;;;;;;;..................................;;;;;;;;;;;;;;;;;;;",
        ";;;;;;;;;;;;;;;;;;....................................;;;;;;;;;;;;;;;;;;",
        ";;;;;;;;;;;;;;;;;......................................;;;;;;;;;;;;;;;;;",
        ";;;;;;;;;;;;;;;;........................................;;;;;;;;;;;;;;;;",
        ";;;;;;;;;;;;;;;..........................................;;;;;;;;;;;;;;;",
        ";;;;;;;;;;;;;;............................................;;;;;;;;;;;;;;",
        ";;;;;;;;;;;;;..............................................;;;;;;;;;;;;;",
        ";;;;;;;;;;;;................................................;;;;;;;;;;;;",
        ";;;;;;;;;;;..................................................;;;;;;;;;;;",
        ";;;;;;;;;;....................................................;;;;;;;;;;",
        ";;;;;;;;;......................................................;;;;;;;;;",
        ";;;;;;;;........................................................;;;;;;;;",
        ";;;;;;;..........................................................;;;;;;;",
        ";;;;;;............................................................;;;;;;",
        ";;;;;.............................'''..............................;;;;;",
        ";;;;.............................'''''..............................;;;;",
        ";;;.............................'''''''..............................;;;",
        ";;.............................'''''''''..............................;;",
        ";.............................'''''''''''..............................;",
        ".............................'''''---'''''..............................",
        "............................'''''-----'''''.............................",
        "...........................'''''-------'''''............................",
        "..........................'''''---------'''''...........................",
        ".........................'''''-----------'''''..........................",
        "........................'''''------[------'''''.........................",
        ".......................'''''------][[------'''''........................",
        "......................'''''------[[[[[------'''''.......................",
        ".....................'''''------[[[=[[[------'''''......................",
        "....................'''''------[[[===[[[------'''''.....................",
        "....................'''''-----[[[==O==[[[-----'''''.....................",
        "....................'''''------][[===[[[------'''''.....................",
        ".....................'''''------[[[=[[]------'''''......................",
        "......................'''''------[[[[[------'''''.......................",
        ".......................'''''------[[[------'''''........................",
        "........................'''''------[------'''''.........................",
        ".........................'''''-----------'''''..........................",
        "..........................'''''---------'''''...........................",
        "...........................'''''-------'''''............................",
        "............................'''''-----'''''.............................",
        ".............................'''''---'''''..............................",
        "..............................'''''''''''...............................",
        ";..............................'''''''''...............................;",
        ";;..............................'''''''...............................;;",
        ";;;..............................'''''...............................;;;",
        ";;;;..............................'''...............................;;;;",
        ";;;;;..............................................................;;;;;",
        ";;;;;;............................................................;;;;;;",
        ";;;;;;;..........................................................;;;;;;;",
        ";;;;;;;;........................................................;;;;;;;;",
        ";;;;;;;;;......................................................;;;;;;;;;",
        ";;;;;;;;;;....................................................;;;;;;;;;;",
        ";;;;;;;;;;;..................................................;;;;;;;;;;;",
        ";;;;;;;;;;;;................................................;;;;;;;;;;;;",
        ";;;;;;;;;;;;;..............................................;;;;;;;;;;;;;",
        ";;;;;;;;;;;;;;............................................;;;;;;;;;;;;;;",
        ";;;;;;;;;;;;;;;..........................................;;;;;;;;;;;;;;;",
        ";;;;;;;;;;;;;;;;........................................;;;;;;;;;;;;;;;;",
        ";;;;;;;;;;;;;;;;;......................................;;;;;;;;;;;;;;;;;",
        ";;;;;;;;;;;;;;;;;;....................................;;;;;;;;;;;;;;;;;;",
        ";;;;;;;;;;;;;;;;;;;..................................;;;;;;;;;;;;;;;;;;;",
        ";;;;;;;;;;;;;;;;;;;;................................;;;;;;;;;;;;;;;;;;;;",
        ";;;;;;;;;;;;;;;;;;;;;..............................;;;;;;;;;;;;;;;;;;;;;",
        ";;;;;;;;;;;;;;;;;;;;;;............................;;;;;;;;;;;;;;;;;;;;;;",
        ";;;;;;;;;;;;;;;;;;;;;;;..........................;;;;;;;;;;;;;;;;;;;;;;;",
        ";;;;;;;;;;;;;;;;;;;;;;;;........................;;;;;;;;;;;;;;;;;;;;;;;;",
        ";;;;;;;;;;;;;;;;;;;;;;;;;......................;;;;;;;;;;;;;;;;;;;;;;;;;"
      ],
      "terrain": {
        "O": "t_secro_flesh_entrance_close",
        ".": [
          [ "t_secro_dirt_flesh", 250 ],
          [ "t_secro_grass_flesh", 150 ],
          [ "t_secro_grass_long_flesh", 75 ],
          [ "t_secro_grass_tall_flesh", 25 ],
          [ "t_secro_shrub_flesh", 10 ],
          [ "t_secro_tree_young_flesh", 5 ],
          "t_secro_tree_flesh"
        ],
        "'": [
          [ "t_secro_dirt_flesh", 250 ],
          [ "t_secro_grass_flesh", 150 ],
          [ "t_secro_grass_long_flesh", 75 ],
          [ "t_secro_grass_tall_flesh", 25 ],
          [ "t_secro_flesh", 25 ],
          [ "t_secro_shrub_flesh", 10 ],
          [ "t_secro_tree_young_flesh", 5 ],
          [ "t_secro_tree_flesh", 2 ]
        ],
        ";": [
          [ "t_secro_dirt_flesh", 250 ],
          [ "t_dirt", 125 ],
          [ "t_secro_grass_flesh", 150 ],
          [ "t_grass", 75 ],
          [ "t_secro_grass_long_flesh", 75 ],
          [ "t_grass_long", 38 ],
          [ "t_secro_grass_tall_flesh", 25 ],
          [ "t_grass_tall", 13 ],
          [ "t_secro_shrub_flesh", 10 ],
          [ "t_shrub", 5 ],
          [ "t_secro_tree_young_flesh", 5 ],
          [ "t_tree_young", 3 ],
          [ "t_secro_tree_flesh", 2 ],
          "t_tree",
          "t_tree_walnut",
          "t_tree_blackjack",
          "t_tree_chestnut",
          "t_tree_beech",
          "t_tree_hazelnut",
          "t_tree_cottonwood",
          "t_tree_elm",
          "t_tree_apple",
          "t_tree_pear",
          "t_tree_coffee",
          "t_tree_cherry",
          "t_tree_juniper",
          "t_tree_peach",
          "t_tree_apricot",
          "t_tree_plum",
          "t_tree_mulberry",
          "t_tree_elderberry",
          "t_tree_pine",
          "t_tree_birch",
          "t_tree_willow",
          "t_tree_maple",
          "t_tree_hickory"
        ]
      },
      "furniture": {
        ".": [
          [ "f_null", 2000 ],
          [ "f_secro_flower_flesh", 50 ],
          [ "f_secro_veinstalk", 25 ],
          [ "f_secro_boulder_small_flesh", 5 ],
          [ "f_secro_boulder_medium_flesh", 2 ],
          [ "f_secro_tree_flesh_atk", 25 ],
          "f_secro_boulder_large_flesh"
        ],
        "-": [ [ "f_null", 250 ], "f_secro_tree_flesh_atk", "f_secro_tree_flesh_atk" ]
      },
      "monster": {
        "O": { "monster": "mon_sflesh_entrance" },
        "[": { "monster": "mon_sflesh_surface_spawner", "chance": 1 },
        "]": { "monster": "mon_sflesh_surface_spawner", "chance": 60 }
      }
    },
    "om_terrain": [
      [ "flesh_forest_3", "flesh_forest_2", "flesh_forest_1" ],
      [ "flesh_forest_6", "flesh_forest_5", "flesh_forest_4" ],
      [ "flesh_forest_9", "flesh_forest_8", "flesh_forest_7" ]
    ],
    "type": "mapgen",
    "weight": 1000
  },
  {
    "note": "From this point, the flesh's internal structure is randomized: gaps, deadends and deathtraps are purely made with RNG, but there are paths which will lead you to the proper directions. The deeper the structure, the denser it becomes.",
    "method": "json",
    "object": {
      "fill_ter": "t_secro_flesh",
      "rows": [
        ";;;;;;;;;;;;;;;;;;;;;;;;;;;;;;;;;;;;;;;;;;;;;;;;;;;;;;;;;;;;;;;;;;;;;;;;",
        ";;;;;;;;;;;;;;;;;;;;;;;;........................;;;;;;;;;;;;;;;;;;;;;;;;",
        ";;;;;;;;;;;;;;;;;;;;;;;..........................;;;;;;;;;;;;;;;;;;;;;;;",
        ";;;;;;;;;;;;;;;;;;;;;;............................;;;;;;;;;;;;;;;;;;;;;;",
        ";;;;;;;;;;;;;;;;;;;;;..............................;;;;;;;;;;;;;;;;;;;;;",
        ";;;;;;;;;;;;;;;;;;;;................................;;;;;;;;;;;;;;;;;;;;",
        ";;;;;;;;;;;;;;;;;;;..................................;;;;;;;;;;;;;;;;;;;",
        ";;;;;;;;;;;;;;;;;;....................................;;;;;;;;;;;;;;;;;;",
        ";;;;;;;;;;;;;;;;;......................................;;;;;;;;;;;;;;;;;",
        ";;;;;;;;;;;;;;;;........................................;;;;;;;;;;;;;;;;",
        ";;;;;;;;;;;;;;;..........................................;;;;;;;;;;;;;;;",
        ";;;;;;;;;;;;;;............................................;;;;;;;;;;;;;;",
        ";;;;;;;;;;;;;..............................................;;;;;;;;;;;;;",
        ";;;;;;;;;;;;................................................;;;;;;;;;;;;",
        ";;;;;;;;;;;..................................................;;;;;;;;;;;",
        ";;;;;;;;;;....................................................;;;;;;;;;;",
        ";;;;;;;;;......................................................;;;;;;;;;",
        ";;;;;;;;........................................................;;;;;;;;",
        ";;;;;;;..........................................................;;;;;;;",
        ";;;;;;............................................................;;;;;;",
        ";;;;;.............................'''..............................;;;;;",
        ";;;;.............................'''''..............................;;;;",
        ";;;.............................'''''''..............................;;;",
        ";;.............................'''''''''..............................;;",
        ";.............................'''''''''''..............................;",
        ";............................'''''---'''''.............................;",
        ";...........................'''''-----'''''............................;",
        ";..........................'''''-------'''''...........................;",
        ";.........................'''''---------'''''..........................;",
        ";........................'''''-----------'''''.........................;",
        ";.......................'''''------[------'''''........................;",
        ";......................'''''------[[[------'[[[[...[[[[................;",
        ";.....................'''''------[[[[[--[[[[[[[[[[[[[[[[...............;",
        ";....................'''''------[[[=[[[[[[[[[[[[[[![[[[[[..............;",
        ";...................'''''------[[!===[[[[[[---'[[[[[..[[[[[............;",
        ";...................'''''-----[[[==O==[[[-----''[[[[....[[[[...........;",
        ";...................'''''------[[[===[[[------'[[[[......[[[[[[........;",
        ";....................'''''------[[[=[[[------''[[[.........[[[[[[[[....;",
        ";.....................'''''------[[[[[------''[[[[............[[[[[[[..;",
        ";......................'''''----[[[[[------''[[[[............[[[[[[[[[.;",
        ";.......................'''''--[[[[[------'[[[[[.............[[[[o[![[.;",
        ";........................'''''[[[[-------[[[[[[[[............[[[[[[[[[.;",
        ";.........................'''''[[[[---[[[[[[![[[[[............[[[[[[[..;",
        ";..........................'''''[[[[[[[[[[['.[[[[[[[.......[[[[[[[[....;",
        ";...........................'''''-[[[[[[[''....[[[[[[[..[[[[[[[[[......;",
        ";............................'''''---'''''........[[[[[[[[[[[[.........;",
        ";.............................'''''''''''..........[[[[[[[[[...........;",
        ";..............................'''''''''.............[[[[[.............;",
        ";;..............................'''''''...............................;;",
        ";;;..............................'''''...............................;;;",
        ";;;;..............................'''...............................;;;;",
        ";;;;;..............................................................;;;;;",
        ";;;;;;............................................................;;;;;;",
        ";;;;;;;..........................................................;;;;;;;",
        ";;;;;;;;........................................................;;;;;;;;",
        ";;;;;;;;;......................................................;;;;;;;;;",
        ";;;;;;;;;;....................................................;;;;;;;;;;",
        ";;;;;;;;;;;..................................................;;;;;;;;;;;",
        ";;;;;;;;;;;;................................................;;;;;;;;;;;;",
        ";;;;;;;;;;;;;..............................................;;;;;;;;;;;;;",
        ";;;;;;;;;;;;;;............................................;;;;;;;;;;;;;;",
        ";;;;;;;;;;;;;;;..........................................;;;;;;;;;;;;;;;",
        ";;;;;;;;;;;;;;;;........................................;;;;;;;;;;;;;;;;",
        ";;;;;;;;;;;;;;;;;......................................;;;;;;;;;;;;;;;;;",
        ";;;;;;;;;;;;;;;;;;....................................;;;;;;;;;;;;;;;;;;",
        ";;;;;;;;;;;;;;;;;;;..................................;;;;;;;;;;;;;;;;;;;",
        ";;;;;;;;;;;;;;;;;;;;................................;;;;;;;;;;;;;;;;;;;;",
        ";;;;;;;;;;;;;;;;;;;;;..............................;;;;;;;;;;;;;;;;;;;;;",
        ";;;;;;;;;;;;;;;;;;;;;;............................;;;;;;;;;;;;;;;;;;;;;;",
        ";;;;;;;;;;;;;;;;;;;;;;;..........................;;;;;;;;;;;;;;;;;;;;;;;",
        ";;;;;;;;;;;;;;;;;;;;;;;;........................;;;;;;;;;;;;;;;;;;;;;;;;",
        ";;;;;;;;;;;;;;;;;;;;;;;;;;;;;;;;;;;;;;;;;;;;;;;;;;;;;;;;;;;;;;;;;;;;;;;;"
      ],
      "terrain": {
        "O": "t_secro_flesh_entrance_up",
        "[": [ [ "t_secro_flesh_wall", 100 ], [ "t_secro_flesh", 1000 ] ],
        "-": [ [ "t_secro_flesh_wall", 100 ], [ "t_secro_flesh", 500 ] ],
        "'": [ [ "t_secro_flesh_wall", 100 ], [ "t_secro_flesh", 250 ] ],
        ".": [ [ "t_secro_flesh_wall", 100 ], [ "t_secro_flesh", 100 ] ],
        ";": "t_secro_flesh_wall",
        "o": "t_secro_flesh_inside_down"
      },
      "furniture": {
        "=": [ [ "f_null", 6400 ], "f_secro_tendril_cluster" ],
        "[": [ [ "f_null", 3200 ], "f_secro_tendril_cluster" ],
        "-": [ [ "f_null", 1600 ], "f_secro_tendril_cluster" ],
        "'": [ [ "f_null", 800 ], "f_secro_tendril_cluster" ],
        ".": [ [ "f_null", 400 ], "f_secro_tendril_cluster" ],
        "!": "f_secro_biome"
      }
    },
    "om_terrain": [
      [ "flesh_forest_bot1_3", "flesh_forest_bot1_2", "flesh_forest_bot1_1" ],
      [ "flesh_forest_bot1_6", "flesh_forest_bot1_5", "flesh_forest_bot1_4" ],
      [ "flesh_forest_bot1_9", "flesh_forest_bot1_8", "flesh_forest_bot1_7" ]
    ],
    "type": "mapgen",
    "weight": 1000
  },
  {
    "note": "The pathways are larger, incase of RNG messing it up.",
    "method": "json",
    "object": {
      "fill_ter": "t_secro_flesh",
      "rows": [
        ";;;;;;;;;;;;;;;;;;;;;;;;;;;;;;;;;;;;;;;;;;;;;;;;;;;;;;;;;;;;;;;;;;;;;;;;",
        ";;;;;;;;;;;;;;;;;;;;;;;;........................;;;;;;;;;;;;;;;;;;;;;;;;",
        ";;;;;;;;;;;;;;;;;;;;;;;..........................;;;;;;;;;;;;;;;;;;;;;;;",
        ";;;;;;;;;;;;;;;;;;;;;;............................;;;;;;;;;;;;;;;;;;;;;;",
        ";;;;;;;;;;;;;;;;;;;;;..............................;;;;;;;;;;;;;;;;;;;;;",
        ";;;;;;;;;;;;;;;;;;;;................................;;;;;;;;;;;;;;;;;;;;",
        ";;;;;;;;;;;;;;;;;;;..................................;;;;;;;;;;;;;;;;;;;",
        ";;;;;;;;;;;;;;;;;;....................................;;;;;;;;;;;;;;;;;;",
        ";;;;;;;;;;;;;;;;;......................................;;;;;;;;;;;;;;;;;",
        ";;;;;;;;;;;;;;;;........................................;;;;;;;;;;;;;;;;",
        ";;;;;;;;;;;;;;;..........................................;;;;;;;;;;;;;;;",
        ";;;;;;;;;;;;;;............................................;;;;;;;;;;;;;;",
        ";;;;;;;;;;;;;..............................................;;;;;;;;;;;;;",
        ";;;;;;;;;;;;................................................;;;;;;;;;;;;",
        ";;;;;;;;;;;..................................................;;;;;;;;;;;",
        ";;;;;;;;;;....................................................;;;;;;;;;;",
        ";;;;;;;;;......................................................;;;;;;;;;",
        ";;;;;;;;........................................................;;;;;;;;",
        ";;;;;;;..........................................................;;;;;;;",
        ";;;;;;............................................................;;;;;;",
        ";;;;;.............................'''..............................;;;;;",
        ";;;;.............................'''''..............................;;;;",
        ";;;.............................'''''''..............................;;;",
        ";;.............................'''''''''[[[...........................;;",
        ";.............................''''''''[[[[[[[[[[.......................;",
        ";............................'''''--[[[[[[[[[[[[[[[....................;",
        ";...........................'''''[[[[[[[[[[[[[[[[[![[[[[[[.............;",
        ";..........................''''[[[[[[[[[[[[[[[[[[[[[[[[[[[[[[..........;",
        ";.........................'''[[[[[[[[[[-''[[[[[[[[[[[[[[[[[[[[[........;",
        ";........................'''[[[[[[[[[----'''''...[[[[[[[[[[[[[[[[......;",
        ";.......................''''[[[[[[[[------'''''.......[[[[[[[[[[[......;",
        ";......................'''''[[[[[[[[[------'''''.........[[[[[[[[[.....;",
        ";.....................'''''--[[[[[[[[[------'''''.......[[[[[[[[[[[....;",
        ";....................'''''-----[[[[=[[[------'''''.....[[[[[[[[[[[[....;",
        ";...................'''''------[[[===[[[------'''''...[[[[[[[[[[[[.....;",
        ";...................'''''-----[[[==O==![[-----'''''...[[[[[[[[[........;",
        ";...................'''''----[[[[[===[[[------'''''..[[[[[[[[[.........;",
        ";....................'''''--[[[[[[[=[[[------'''''...[[[[[[[[[[[.......;",
        ";.....................'''''[[[[[[[[[[[------'''''.....[[[[[[[[[[[[.....;",
        ";......................'[[[[[[[[[[[[[------'''''..........[[[[[[[[[[...;",
        ";....................[[[[[[[[[[[---[------'''''...............![[o[[[..;",
        ";..................[[[[[[[[[[[[----------'''''...............[[[[[[[...;",
        ";.................[[[[[[[[[[[[[---------'''''................[[[[[[....;",
        ";.................[[[[[[[[[[[[[[-------'''''................[[[[[[.....;",
        ";..................[[[[[[[[[[[[[[[----'''''................[[[[[[......;",
        ";...................[[[[[[[[[[[[[[[[-'''''.................[[[[[.......;",
        ";....................[[[[[[[[[[[[[[[[''''.................[[[[[[.......;",
        ";.....................[[[[[[[[[[[[[[[[[[................[[[[[[[[.......;",
        ";;.......................[[[[[[[[[[[[[[[[[[...........[[[[[[[[[.......;;",
        ";;;..........................[[[[[[[[[[[[[[[[[[[[[[[[[[[[[[[[[.......;;;",
        ";;;;...........................[[[[[[[[[[![[[[[[[[[[[[[[[[[.........;;;;",
        ";;;;;................................[[[[[[[[[[[[[[[[[[[[[.........;;;;;",
        ";;;;;;....................................[[[[[[[[[[[[[...........;;;;;;",
        ";;;;;;;..........................................................;;;;;;;",
        ";;;;;;;;........................................................;;;;;;;;",
        ";;;;;;;;;......................................................;;;;;;;;;",
        ";;;;;;;;;;....................................................;;;;;;;;;;",
        ";;;;;;;;;;;..................................................;;;;;;;;;;;",
        ";;;;;;;;;;;;................................................;;;;;;;;;;;;",
        ";;;;;;;;;;;;;..............................................;;;;;;;;;;;;;",
        ";;;;;;;;;;;;;;............................................;;;;;;;;;;;;;;",
        ";;;;;;;;;;;;;;;..........................................;;;;;;;;;;;;;;;",
        ";;;;;;;;;;;;;;;;........................................;;;;;;;;;;;;;;;;",
        ";;;;;;;;;;;;;;;;;......................................;;;;;;;;;;;;;;;;;",
        ";;;;;;;;;;;;;;;;;;....................................;;;;;;;;;;;;;;;;;;",
        ";;;;;;;;;;;;;;;;;;;..................................;;;;;;;;;;;;;;;;;;;",
        ";;;;;;;;;;;;;;;;;;;;................................;;;;;;;;;;;;;;;;;;;;",
        ";;;;;;;;;;;;;;;;;;;;;..............................;;;;;;;;;;;;;;;;;;;;;",
        ";;;;;;;;;;;;;;;;;;;;;;............................;;;;;;;;;;;;;;;;;;;;;;",
        ";;;;;;;;;;;;;;;;;;;;;;;..........................;;;;;;;;;;;;;;;;;;;;;;;",
        ";;;;;;;;;;;;;;;;;;;;;;;;........................;;;;;;;;;;;;;;;;;;;;;;;;",
        ";;;;;;;;;;;;;;;;;;;;;;;;;;;;;;;;;;;;;;;;;;;;;;;;;;;;;;;;;;;;;;;;;;;;;;;;"
      ],
      "terrain": {
        "O": "t_secro_flesh_inside_down",
        "[": [ [ "t_secro_flesh_wall", 200 ], [ "t_secro_flesh", 1000 ] ],
        "-": [ [ "t_secro_flesh_wall", 200 ], [ "t_secro_flesh", 500 ] ],
        "'": [ [ "t_secro_flesh_wall", 200 ], [ "t_secro_flesh", 250 ] ],
        ".": [ [ "t_secro_flesh_wall", 200 ], [ "t_secro_flesh", 100 ] ],
        ";": "t_secro_flesh_wall",
        "o": "t_secro_flesh_inside_up"
      },
      "furniture": {
        "=": [ [ "f_null", 3200 ], "f_secro_tendril_cluster" ],
        "[": [ [ "f_null", 1600 ], "f_secro_tendril_cluster" ],
        "-": [ [ "f_null", 800 ], "f_secro_tendril_cluster" ],
        "'": [ [ "f_null", 400 ], "f_secro_tendril_cluster" ],
        ".": [ [ "f_null", 200 ], "f_secro_tendril_cluster" ],
        "!": "f_secro_biome"
      }
    },
    "om_terrain": [
      [ "flesh_forest_bot2_3", "flesh_forest_bot2_2", "flesh_forest_bot2_1" ],
      [ "flesh_forest_bot2_6", "flesh_forest_bot2_5", "flesh_forest_bot2_4" ],
      [ "flesh_forest_bot2_9", "flesh_forest_bot2_8", "flesh_forest_bot2_7" ]
    ],
    "type": "mapgen",
    "weight": 1000
  },
  {
    "method": "json",
    "object": {
      "fill_ter": "t_secro_flesh",
      "rows": [
        ";;;;;;;;;;;;;;;;;;;;;;;;;;;;;;;;;;;;;;;;;;;;;;;;;;;;;;;;;;;;;;;;;;;;;;;;",
        ";;;;;;;;;;;;;;;;;;;;;;;;........................;;;;;;;;;;;;;;;;;;;;;;;;",
        ";;;;;;;;;;;;;;;;;;;;;;;..........................;;;;;;;;;;;;;;;;;;;;;;;",
        ";;;;;;;;;;;;;;;;;;;;;;............................;;;;;;;;;;;;;;;;;;;;;;",
        ";;;;;;;;;;;;;;;;;;;;;..............................;;;;;;;;;;;;;;;;;;;;;",
        ";;;;;;;;;;;;;;;;;;;;................................;;;;;;;;;;;;;;;;;;;;",
        ";;;;;;;;;;;;;;;;;;;..................................;;;;;;;;;;;;;;;;;;;",
        ";;;;;;;;;;;;;;;;;;....................................;;;;;;;;;;;;;;;;;;",
        ";;;;;;;;;;;;;;;;;......................................;;;;;;;;;;;;;;;;;",
        ";;;;;;;;;;;;;;;;........................................;;;;;;;;;;;;;;;;",
        ";;;;;;;;;;;;;;;..........................................;;;;;;;;;;;;;;;",
        ";;;;;;;;;;;;;;............................................;;;;;;;;;;;;;;",
        ";;;;;;;;;;;;;..............................................;;;;;;;;;;;;;",
        ";;;;;;;;;;;;................................................;;;;;;;;;;;;",
        ";;;;;;;;;;;..................................................;;;;;;;;;;;",
        ";;;;;;;;;;....................................................;;;;;;;;;;",
        ";;;;;;;;;......................................................;;;;;;;;;",
        ";;;;;;;;........................................................;;;;;;;;",
        ";;;;;;;..........................................................;;;;;;;",
        ";;;;;;............................................................;;;;;;",
        ";;;;;.............................'''..............................;;;;;",
        ";;;;.............................'''''..............................;;;;",
        ";;;.............................'''''''..............................;;;",
        ";;.............................'''''''''..............................;;",
        ";.............................'''''''''''..............................;",
        ";............................'''''---'''''.............................;",
        ";...........................'''''-----'''''............................;",
        ";..........................'''''-------'''''...........................;",
        ";.........................'''''---------'''''..........................;",
        ";........................'''''-----------'''''.........................;",
        ";.......................'''''------[------'''''........................;",
        ";......................'''''------[[[------'''''.......................;",
        ";.....................'''''------[[![[------'''''......................;",
        ";....................'''''------[[[=[[[------'''''.....................;",
        ";...................'''''------[[[===[[[------'''''....................;",
        ";...................'''''-----[[[==o==[[[-----'''''....................;",
        ";...................'''''---[[[[[[===[[[------'''''....................;",
        ";....................'''''[[[[[[[[[=[[[------'''''.....................;",
        ";.....................'''[[[[[[[[[[[[[------'''''......................;",
        ";......................''[[[[[[[[[[[[------'''''.......................;",
        ";.......................''[[[[[[[[[[[-----'''''........................;",
        ";........................''[[[[[[[[[[[---'''''.........................;",
        ";.........................''[[[[[[[[[[[['''''..........................;",
        ";..........................'[[[[[[[[[[[[['''...........................;",
        ";..........................[[[[[[[[[[[[[[['............................;",
        ";..........................[[[[[[[[[[[[[[[[............................;",
        ";.........................[[[[[[[[[[[[[[[[[............................;",
        ";........................[[[[[[[[[[[[[[[[[.............................;",
        ";;.......................[[[[[![[[[[[[[[[.............................;;",
        ";;;.......................[[[[[[[[[[[[[[.............................;;;",
        ";;;;........................[[[[[[[[[[[[............................;;;;",
        ";;;;;........................[[[[[[[[[[[[..........................;;;;;",
        ";;;;;;.........................[[[[[[[[[[[........................;;;;;;",
        ";;;;;;;.........................[[[[[[[[[[.......................;;;;;;;",
        ";;;;;;;;.......................[[[[[[[[[[.......................;;;;;;;;",
        ";;;;;;;;;......................[[[[[[[[[[[.....................;;;;;;;;;",
        ";;;;;;;;;;......................[[[[[[[[[[[...................;;;;;;;;;;",
        ";;;;;;;;;;;......................[[[[[[[[[[..................;;;;;;;;;;;",
        ";;;;;;;;;;;;.....................[[[[[[[[[..................;;;;;;;;;;;;",
        ";;;;;;;;;;;;;..................[[[[[[[[[[[[................;;;;;;;;;;;;;",
        ";;;;;;;;;;;;;;................[[[[[[[[[[[[[[..............;;;;;;;;;;;;;;",
        ";;;;;;;;;;;;;;;...............[[[[[[[[[[[[[[.............;;;;;;;;;;;;;;;",
        ";;;;;;;;;;;;;;;;..............[[[[[[O![[[[[.............;;;;;;;;;;;;;;;;",
        ";;;;;;;;;;;;;;;;;..............[[[[[[[[[[..............;;;;;;;;;;;;;;;;;",
        ";;;;;;;;;;;;;;;;;;..............[[[[[[[[..............;;;;;;;;;;;;;;;;;;",
        ";;;;;;;;;;;;;;;;;;;..................................;;;;;;;;;;;;;;;;;;;",
        ";;;;;;;;;;;;;;;;;;;;................................;;;;;;;;;;;;;;;;;;;;",
        ";;;;;;;;;;;;;;;;;;;;;..............................;;;;;;;;;;;;;;;;;;;;;",
        ";;;;;;;;;;;;;;;;;;;;;;............................;;;;;;;;;;;;;;;;;;;;;;",
        ";;;;;;;;;;;;;;;;;;;;;;;..........................;;;;;;;;;;;;;;;;;;;;;;;",
        ";;;;;;;;;;;;;;;;;;;;;;;;........................;;;;;;;;;;;;;;;;;;;;;;;;",
        ";;;;;;;;;;;;;;;;;;;;;;;;;;;;;;;;;;;;;;;;;;;;;;;;;;;;;;;;;;;;;;;;;;;;;;;;"
      ],
      "terrain": {
        "O": "t_secro_flesh_inside_down",
        "[": [ [ "t_secro_flesh_wall", 300 ], [ "t_secro_flesh", 1000 ] ],
        "-": [ [ "t_secro_flesh_wall", 300 ], [ "t_secro_flesh", 500 ] ],
        "'": [ [ "t_secro_flesh_wall", 300 ], [ "t_secro_flesh", 250 ] ],
        ".": [ [ "t_secro_flesh_wall", 300 ], [ "t_secro_flesh", 100 ] ],
        ";": "t_secro_flesh_wall",
        "o": "t_secro_flesh_inside_up"
      },
      "furniture": {
        "=": [ [ "f_null", 1600 ], "f_secro_tendril_cluster" ],
        "[": [ [ "f_null", 800 ], "f_secro_tendril_cluster" ],
        "-": [ [ "f_null", 400 ], "f_secro_tendril_cluster" ],
        "'": [ [ "f_null", 200 ], "f_secro_tendril_cluster" ],
        ".": [ [ "f_null", 100 ], "f_secro_tendril_cluster" ],
        "!": "f_secro_biome"
      }
    },
    "om_terrain": [
      [ "flesh_forest_bot3_3", "flesh_forest_bot3_2", "flesh_forest_bot3_1" ],
      [ "flesh_forest_bot3_6", "flesh_forest_bot3_5", "flesh_forest_bot3_4" ],
      [ "flesh_forest_bot3_9", "flesh_forest_bot3_8", "flesh_forest_bot3_7" ]
    ],
    "type": "mapgen",
    "weight": 1000
  },
  {
    "method": "json",
    "object": {
      "fill_ter": "t_secro_flesh",
      "rows": [
        ";;;;;;;;;;;;;;;;;;;;;;;;;;;;;;;;;;;;;;;;;;;;;;;;;;;;;;;;;;;;;;;;;;;;;;;;",
        ";;;;;;;;;;;;;;;;;;;;;;;;........................;;;;;;;;;;;;;;;;;;;;;;;;",
        ";;;;;;;;;;;;;;;;;;;;;;;..........................;;;;;;;;;;;;;;;;;;;;;;;",
        ";;;;;;;;;;;;;;;;;;;;;;............................;;;;;;;;;;;;;;;;;;;;;;",
        ";;;;;;;;;;;;;;;;;;;;;..............................;;;;;;;;;;;;;;;;;;;;;",
        ";;;;;;;;;;;;;;;;;;;;................................;;;;;;;;;;;;;;;;;;;;",
        ";;;;;;;;;;;;;;;;;;;..................................;;;;;;;;;;;;;;;;;;;",
        ";;;;;;;;;;;;;;;;;;....................................;;;;;;;;;;;;;;;;;;",
        ";;;;;;;;;;;;;;;;;......................................;;;;;;;;;;;;;;;;;",
        ";;;;;;;;;;;;;;;;........................................;;;;;;;;;;;;;;;;",
        ";;;;;;;;;;;;;;;..........................................;;;;;;;;;;;;;;;",
        ";;;;;;;;;;;;;;............................................;;;;;;;;;;;;;;",
        ";;;;;;;;;;;;;..............................................;;;;;;;;;;;;;",
        ";;;;;;;;;;;;................................................;;;;;;;;;;;;",
        ";;;;;;;;;;;..................................................;;;;;;;;;;;",
        ";;;;;;;;;;....................................................;;;;;;;;;;",
        ";;;;;;;;;......................................................;;;;;;;;;",
        ";;;;;;;;........................................................;;;;;;;;",
        ";;;;;;;..........................................................;;;;;;;",
        ";;;;;;............................................................;;;;;;",
        ";;;;;..............................................................;;;;;",
        ";;;;................................................................;;;;",
        ";;;..................................................................;;;",
        ";;....................................................................;;",
        ";......................................................................;",
        ";......................................................................;",
        ";......................................................................;",
        ";......................................................................;",
        ";......................................................................;",
        ";......................................................................;",
        ";..................................[...................................;",
        ";.................................[[[..................................;",
        ";................................[[[[[.................................;",
        ";...............................[[[.[[[................................;",
        ";..............................[[[...[[[...............................;",
        ";.............................[[[..O..[[[..............................;",
        ";...........................[[[[[[[[[[[[[[[............................;",
        ";.........................[[[[[[[[[[[[[[[[[[[..........................;",
        ";........................[[[]]][[[[[[[[[]]][[[.........................;",
        ";........................[[[]][[[[[[[[[[[[][[[.........................;",
        ";.........................[[[][[[[[[[[[[[][[[..........................;",
        ";..........................[[]][[[[[[[[]][[[...........................;",
        ";...........................[[[[[[[[[[[[[[[............................;",
        ";...........................[[[]][[[[[[[[[[............................;",
        ";..........................[[[[[[][[[[[[[[[[...........................;",
        ";..........................[[[[[[[[![[[]][[[...........................;",
        ";.........................[[[[[[[[[[[[[[[][[[..........................;",
        ";........................[[[[]][[[[[[[[[[[][[[.........................;",
        ";;.......................[[[][[[[[[[[[[[[[][[[........................;;",
        ";;;.......................[][[[[[[[[[[[[[[[[[........................;;;",
        ";;;;........................[[[[[[[[[[[[[[[.........................;;;;",
        ";;;;;........................[[[[[[[[[[[[[.........................;;;;;",
        ";;;;;;.........................[[[][[[[[..........................;;;;;;",
        ";;;;;;;.........................[[[]][[..........................;;;;;;;",
        ";;;;;;;;.......................[[[[[[][[........................;;;;;;;;",
        ";;;;;;;;;......................[]][[[[[[.......................;;;;;;;;;",
        ";;;;;;;;;;......................[[]][[[.......................;;;;;;;;;;",
        ";;;;;;;;;;;......................[[[[[.......................;;;;;;;;;;;",
        ";;;;;;;;;;;;.....................[[![[......................;;;;;;;;;;;;",
        ";;;;;;;;;;;;;..................[[[[[[[[[...................;;;;;;;;;;;;;",
        ";;;;;;;;;;;;;;................[[[[[[[[[[[.................;;;;;;;;;;;;;;",
        ";;;;;;;;;;;;;;;...............[[[[[[[[[[[................;;;;;;;;;;;;;;;",
        ";;;;;;;;;;;;;;;;..............[[[[[o[[[[[...............;;;;;;;;;;;;;;;;",
        ";;;;;;;;;;;;;;;;;..............[[[[[[[[[...............;;;;;;;;;;;;;;;;;",
        ";;;;;;;;;;;;;;;;;;..............[[[[[[[...............;;;;;;;;;;;;;;;;;;",
        ";;;;;;;;;;;;;;;;;;;..................................;;;;;;;;;;;;;;;;;;;",
        ";;;;;;;;;;;;;;;;;;;;................................;;;;;;;;;;;;;;;;;;;;",
        ";;;;;;;;;;;;;;;;;;;;;..............................;;;;;;;;;;;;;;;;;;;;;",
        ";;;;;;;;;;;;;;;;;;;;;;............................;;;;;;;;;;;;;;;;;;;;;;",
        ";;;;;;;;;;;;;;;;;;;;;;;..........................;;;;;;;;;;;;;;;;;;;;;;;",
        ";;;;;;;;;;;;;;;;;;;;;;;;........................;;;;;;;;;;;;;;;;;;;;;;;;",
        ";;;;;;;;;;;;;;;;;;;;;;;;;;;;;;;;;;;;;;;;;;;;;;;;;;;;;;;;;;;;;;;;;;;;;;;;"
      ],
      "terrain": {
        "[": "t_secro_flesh",
        "]": "t_secro_flesh_wall",
        ".": "t_secro_flesh_wall",
        ";": "t_secro_flesh_wall",
        "o": "t_secro_flesh_inside_up_close"
      },
      "furniture": {
        ".": [ [ "f_secro_flesh_wall", 1600 ], "f_secro_tendril_cluster" ],
        "[": [ [ "f_secro_flesh", 800 ], "f_secro_tendril_cluster" ],
        "!": "f_secro_biome"
      },
      "monster": { "O": { "monster": "mon_sflesh_flesh" } }
    },
    "om_terrain": [
      [ "flesh_forest_boss_3", "flesh_forest_boss_2", "flesh_forest_boss_1" ],
      [ "flesh_forest_boss_6", "flesh_forest_boss_5", "flesh_forest_boss_4" ],
      [ "flesh_forest_boss_9", "flesh_forest_boss_8", "flesh_forest_boss_7" ]
    ],
    "type": "mapgen",
    "weight": 1000
  }
]
