[
  {
    "note": "Vanilla bunker, but fleshy. We don't use the 'box-y' mapgen.",
    "type": "mapgen",
    "method": "json",
    "om_terrain": [ "secro_bunker_flesh" ],
    "object": {
      "rows": [
        "                        ",
        " -----------------------",
        " |                     |",
        " |                     |",
        " |                     |",
        " |                     |",
        " |                     |",
        " |     MMMMMMMMMM      |",
        " |     MMMMMMMMMM      |",
        " |     MMMM>>MMMM      |",
        " |     MM,,,,,,MM      |",
        " |     MMMM,,MMMM      |",
        " |     MM,,,,,,MM      |",
        " //*/  MMMM,,MMMM   /*//",
        " I#,/  MM,,,,,,MM   /,#I",
        " I00/  MMMMDDMMMM   /00I",
        " |     MMMM  6MMM      |",
        " +                     +",
        " +                     +",
        " +                     +",
        " +                     +",
        " +                     +",
        " +-------++++++--------+",
        "                        "
      ],
      "terrain": {
        " ": [
          "t_grass",
          "t_grass",
          "t_grass",
          "t_dirt",
          "t_grass",
          "t_grass",
          "t_grass",
          "t_dirt",
          "t_secro_grass_flesh",
          "t_secro_grass_flesh",
          "t_secro_dirt_flesh"
        ],
        "#": [ "t_floor", "t_secro_floor_flesh" ],
        "*": [ "t_door_c", "t_secro_door_flesh" ],
        "+": [ "t_chaingate_l", "t_secro_chaingate_l_flesh" ],
        ",": [ "t_floor", "t_secro_floor_flesh" ],
        "-": [ "t_chainfence_h", "t_secro_chainfence_flesh" ],
        "/": [ "t_concrete_wall", "t_secro_concrete_wall_flesh" ],
        "0": [ "t_window", "t_secro_window_flesh" ],
        "6": "t_card_military",
        ">": [ "t_stairs_down", "t_secro_stairs_down_flesh" ],
        "D": "t_door_metal_locked",
        "I": [ "t_ballistic_glass", "t_secro_ballistic_glass_flesh" ],
        "M": [ "t_wall_metal", "t_secro_wall_metal_flesh" ],
        "|": [ "t_chainfence_v", "t_secro_chainfence_flesh" ]
      },
      "furniture": { "#": "f_table" },
      "place_monster": [
        { "monster": "mon_turret_rifle", "x": 9, "y": 10 },
        { "monster": "mon_turret_rifle", "x": 14, "y": 10 },
        { "monster": "mon_turret_rifle", "x": 9, "y": 12 },
        { "monster": "mon_turret_rifle", "x": 14, "y": 12 },
        { "monster": "mon_turret_rifle", "x": 9, "y": 14 },
        { "monster": "mon_turret_rifle", "x": 14, "y": 14 }
      ]
    }
  },
  {
    "type": "mapgen",
    "method": "json",
    "om_terrain": [ "secro_bunker_basement_flesh" ],
    "weight": 250,
    "object": {
      "fill_ter": "t_secro_floor_flesh",
      "rows": [
        "########################",
        "#MMMMMMMMMMMMMMMMMMMMMM#",
        "#Ms  6 {{M3 5M ?A2MbCbM#",
        "#Ms ct   ^   +    /   M#",
        "#Mt     2M   MCCCgMbCbM#",
        "MMMMMMMMMM   MMMMMMMMMM#",
        " MrrrrrrrM   2Mb  23 bM#",
        "         +    Ml     lM#",
        " MLLLLLLLM5   *      bM#",
        "MMMMMMMMMMM   Mb     lM#",
        "#Mc t t t2M   Ml     bM#",
        "#Mt c c cWM   Mlb bl lM#",
        "#Mc       *   MMMMMMMMM#",
        "#MMMM*MMMMM   M}   2 %M#",
        "#M2      TM   *       M#",
        "#MSBOCCfCCM   MYsssY{{M#",
        "#MMMMMMMMMM ~ MMMMMMMMM#",
        "#ML *             *  SM#",
        "#MMMMM^MMMMM+MMM*MM2 SM#",
        "#Ms Mr cd|   5M   M   M#",
        "#Ms Mr cd|    M*M*M*M*M#",
        "#Mt *   2M << M1M1M&M&M#",
        "#MMMMMMMMMMMMMMMMMMMMMM#",
        "########################"
      ],
      "palettes": [ "secro_basement_bunker_flesh" ],
      "furniture": {
        "r": "f_rack",
        "f": "f_fridge",
        "s": "f_sofa",
        "t": "f_table",
        "d": "f_desk",
        "c": "f_chair",
        "b": "f_bunkbed",
        "1": "f_shower",
        "S": "f_sink",
        "O": "f_oven",
        "C": "f_counter",
        "T": "f_trashcan",
        "B": "f_cupboard",
        "l": "f_locker",
        "L": "f_locker",
        "Y": "f_table",
        "A": "f_autodoc",
        "?": "f_autodoc_couch",
        "g": "f_glass_fridge",
        "{": "f_bookcase",
        "}": "f_pinball_machine",
        "%": "f_floor_canvas",
        "2": "f_air_conditioner",
        "3": "f_speaker_cabinet"
      },
      "items": {
        "b": { "item": "bed", "chance": 60 },
        "{": { "item": "bunker_basement_books", "chance": 70 },
        "T": { "item": "trash_cart", "chance": 50 },
        "l": { "item": "bunker_basement_clothing", "chance": 50 },
        "t": { "item": "dining", "chance": 45 }
      },
      "place_fields": [ { "field": "fd_blood", "x": 2, "y": 3 }, { "field": "fd_blood", "x": 3, "y": 3 } ],
      "place_loot": [
        { "group": "surgery", "x": [ 14, 16 ], "y": 4, "chance": 70, "repeat": [ 1, 3 ] },
        { "group": "bunker_basement_drugs", "x": [ 14, 16 ], "y": 4, "chance": 80, "repeat": [ 1, 3 ] },
        { "group": "mags_milspec", "x": [ 2, 6 ], "y": 8, "chance": 100, "repeat": [ 3, 5 ] },
        { "group": "ammo_milspec", "x": [ 2, 6 ], "y": 8, "chance": 100, "repeat": [ 30, 250 ] },
        { "group": "grenades", "x": [ 2, 6 ], "y": 8, "chance": 100, "repeat": [ 5, 15 ] },
        { "group": "mil_hw", "x": [ 7, 8 ], "y": 8, "chance": 100, "repeat": [ 15, 40 ] },
        { "group": "mil_armor", "x": [ 7, 8 ], "y": 6, "chance": 65, "repeat": [ 1, 2 ] },
        { "group": "guns_rifle_milspec", "x": [ 2, 6 ], "y": 6, "chance": 80, "repeat": [ 1, 3 ] },
        { "group": "guns_rifle_milspec", "x": 5, "y": [ 19, 20 ], "chance": 80, "repeat": [ 1, 3 ] },
        { "group": "guns_launcher_milspec", "x": [ 2, 6 ], "y": 6, "chance": 80, "repeat": [ 1, 3 ] },
        { "group": "gear_soldier_sidearm", "x": [ 2, 6 ], "y": 6, "chance": 90, "repeat": [ 1, 3 ] },
        { "group": "fridge", "x": 7, "y": 15, "chance": 70, "repeat": 3 },
        { "group": "bunker_basement_food", "x": [ 5, 6 ], "y": 15, "chance": 75, "repeat": [ 1, 10 ] },
        { "group": "dining", "x": [ 8, 9 ], "y": 15, "chance": 75, "repeat": [ 1, 2 ] },
        { "group": "oven", "x": 4, "y": 15, "chance": 70 },
        { "group": "cleaning", "x": 2, "y": 17, "chance": 70 },
        { "group": "bionics_mil", "x": 16, "y": 4, "chance": 65 },
        { "group": "bunker_basement_suicide", "x": 3, "y": 3 },
        { "item": "mess_tray", "x": [ 5, 6 ], "y": 15, "chance": 50, "repeat": [ 4, 5 ] },
        { "item": "whiskey", "x": 5, "y": 3 },
        { "item": "glass", "x": 5, "y": 3 },
        { "item": "militarymap", "x": 5, "y": 3 },
        { "item": "anesthetic_kit", "x": 17, "y": 4 },
        { "item": "television", "x": 17, "y": 13, "chance": 95 },
        { "item": "stereo", "x": 19, "y": 15, "chance": 80 }
      ],
      "monster": { "~": { "monster": "mon_turret_rifle" } }
    }
  },
  {
    "type": "mapgen",
    "method": "json",
    "om_terrain": [ "secro_bunker_basement_flesh" ],
    "weight": 500,
    "object": {
      "fill_ter": "t_secro_floor_flesh",
      "rows": [
        "########################",
        "#MMMMMMMMMMMMMMMMMMMMMM#",
        "#Ms  6 {{M3 5M ?A2MbCbM#",
        "#Ms cY   ^   +    /   M#",
        "#Mt     2M   MCCCgMbCbM#",
        "MMMMMMMMMM   MMMMMMMMMM#",
        " MrrrrrrrM   2Mb  23 bM#",
        "         +    Ml     lM#",
        " MLLLLLLLM5   *      bM#",
        "MMMMMMMMMMM   Mb     lM#",
        "#Mc t t t2M   Ml     bM#",
        "#Mt c c cWM   Mlb bl lM#",
        "#Mc       *   MMMMMMMMM#",
        "#MMMM*MMMMM   M}   2 %M#",
        "#M2      TM   *       M#",
        "#MSBOCCfCCM   MYsssY{{M#",
        "#MMMMMMMMMM ~ MMMMMMMMM#",
        "#ML *             *  SM#",
        "#MMMMM^MMMMM+MMM*MM2 SM#",
        "#Ms Mr cd|   5M   M   M#",
        "#Ms Mr cd|    M*M*M*M*M#",
        "#Mt *   2M << M1M1M&M&M#",
        "#MMMMMMMMMMMMMMMMMMMMMM#",
        "########################"
      ],
      "palettes": [ "secro_basement_bunker_flesh" ],
      "furniture": {
        "r": "f_rack",
        "f": "f_fridge",
        "s": "f_sofa",
        "t": "f_table",
        "d": "f_desk",
        "c": "f_chair",
        "b": "f_bunkbed",
        "1": "f_shower",
        "S": "f_sink",
        "O": "f_oven",
        "C": "f_counter",
        "T": "f_trashcan",
        "B": "f_cupboard",
        "l": "f_locker",
        "L": "f_locker",
        "A": "f_autodoc",
        "Y": "f_table",
        "?": "f_autodoc_couch",
        "g": "f_glass_fridge",
        "{": "f_bookcase",
        "}": "f_pinball_machine",
        "%": "f_floor_canvas",
        "2": "f_air_conditioner",
        "3": "f_speaker_cabinet"
      },
      "items": {
        "b": { "item": "bed", "chance": 60 },
        "{": { "item": "bunker_basement_books", "chance": 80 },
        "T": { "item": "trash_cart", "chance": 50 },
        "l": { "item": "bunker_basement_clothing", "chance": 50 },
        "t": { "item": "dining", "chance": 45 }
      },
      "place_loot": [
        { "group": "surgery", "x": [ 14, 16 ], "y": 4, "chance": 70, "repeat": [ 1, 3 ] },
        { "group": "bunker_basement_drugs", "x": [ 14, 16 ], "y": 4, "chance": 80, "repeat": [ 1, 3 ] },
        { "group": "mags_milspec", "x": [ 2, 6 ], "y": 8, "chance": 100, "repeat": [ 2, 6 ] },
        { "group": "ammo_milspec", "x": [ 2, 6 ], "y": 8, "chance": 100, "repeat": [ 30, 150 ] },
        { "group": "grenades", "x": [ 2, 6 ], "y": 8, "chance": 100, "repeat": [ 10, 30 ] },
        { "group": "mil_hw", "x": [ 7, 8 ], "y": 8, "chance": 100, "repeat": [ 5, 10 ] },
        { "group": "mil_armor", "x": [ 7, 8 ], "y": 6, "chance": 65, "repeat": [ 1, 2 ] },
        { "group": "guns_rifle_milspec", "x": [ 2, 6 ], "y": 6, "chance": 80, "repeat": [ 1, 2 ] },
        { "group": "guns_rifle_milspec", "x": 5, "y": [ 19, 20 ], "chance": 80, "repeat": [ 1, 2 ] },
        { "group": "guns_launcher_milspec", "x": [ 2, 6 ], "y": 6, "chance": 90, "repeat": [ 1, 2 ] },
        { "group": "gear_soldier_sidearm", "x": [ 2, 6 ], "y": 6, "chance": 90, "repeat": [ 1, 2 ] },
        { "group": "fridge", "x": 7, "y": 15, "chance": 70, "repeat": 3 },
        { "group": "bunker_basement_food", "x": [ 5, 6 ], "y": 15, "chance": 75, "repeat": [ 1, 2 ] },
        { "group": "dining", "x": [ 8, 9 ], "y": 15, "chance": 75, "repeat": [ 1, 2 ] },
        { "group": "oven", "x": 4, "y": 15, "chance": 70 },
        { "group": "cleaning", "x": 2, "y": 17, "chance": 70 },
        { "group": "bionics_mil", "x": 16, "y": 4, "chance": 65 },
        { "group": "alcohol", "x": 5, "y": 3 },
        { "item": "glass", "x": 5, "y": 3 },
        { "item": "militarymap", "x": 5, "y": 3, "chance": 80 },
        { "item": "anesthetic_kit", "x": 17, "y": 4 },
        { "item": "television", "x": 17, "y": 13, "chance": 95 },
        { "item": "stereo", "x": 19, "y": 15, "chance": 80 }
      ],
      "monster": { "~": { "monster": "mon_turret_rifle" } }
    }
  },
  {
    "type": "mapgen",
    "method": "json",
    "om_terrain": [ "secro_bunker_basement_fvvault_flesh" ],
    "weight": 250,
    "object": {
      "fill_ter": "t_secro_floor_flesh",
      "rows": [
        "########################",
        "########################",
        "########################",
        "########################",
        "##############MMMMM#####",
        "##############Mh?6MMMMMM",
        "#############MM   M5 M M",
        "#############Mr ! +0    ",
        "#############MMo  MM M M",
        "##############MMpMMMMMMM",
        "###############MMM######",
        "########################",
        "########################",
        "########################",
        "########################",
        "########################",
        "########################",
        "########################",
        "########################",
        "########################",
        "########################",
        "########################",
        "########################",
        "########################"
      ],
      "palettes": [ "secro_basement_bunker_flesh" ],
      "terrain": { "o": "t_machinery_electronic" },
      "furniture": { "h": "f_robotic_arm" },
      "items": {
        "?": { "item": "secro_fvvault_pa", "chance": 100 }
      },
      "mapping": {
        "?": { "item": [{ "item": "secro_flesh", "repeat": [ 5, 15 ] }], "terrain": "t_secro_experiment_vat" },
        "r": { "item": { "item": "secro_power_armor_module_core" }, "furniture": "f_rack" },
        "p": { "item": [{ "item": "secro_recipe_flesh" }], "furniture": "f_rack" }
      },
      "monster": { "!": { "monster": "mon_turret_rifle" } }
    }
  },
  {
    "type": "palette",
    "id": "secro_basement_bunker_flesh",
    "terrain": {
      " ": [ "t_floor", "t_secro_floor_flesh" ],
      "#": [ "t_rock_wall", "t_secro_rock_wall_flesh" ],
      "+": "t_door_metal_locked",
      "*": [ "t_door_c", "t_secro_door_flesh" ],
      "^": [ "t_door_c", "t_secro_door_flesh" ],
      "5": "t_card_military",
      "6": [ "t_console_broken", "t_secro_console_broken_flesh" ],
      "<": [ "t_stairs_up", "t_secro_stairs_up_flesh" ],
      "M": [ "t_wall_metal", "t_secro_wall_metal_flesh" ],
      "|": [ "t_reinforced_glass", "t_secro_reinforced_glass_flesh" ],
      "/": [ "t_door_curtain_c", "t_secro_door_flesh" ],
      "W": [ "t_water_dispenser", "t_secro_water_dispenser_flesh" ],
      "0": "t_secro_door_metal_secrofv"
    },
    "toilets": { "&": {  } }
  },
  {
    "type": "item_group",
    "id": "secro_fvvault_pa",
    "subtype": "distribution",
    "entries": [
      { "item": "secro_power_armor_flesh", "prob": 30 },
      { "item": "secro_power_armor_flesh_fite", "prob": 15 },
      { "item": "secro_power_armor_flesh_tank", "prob": 15 },
      { "item": "secro_power_armor_flesh_coward", "prob": 15 },
      { "item": "secro_power_armor_flesh_range", "prob": 15 },
      { "item": "secro_power_armor_flesh_infect", "prob": 5 }
    ]
  }
]
