[
  {
    "method": "json",
    "object": {
      "monster": { "t": { "monster": "mon_turret" } },
      "rows": [
        "                        ",
        " ---------++++--------- ",
        " -                    - ",
        " -                    - ",
        " -  ||            ||  - ",
        " -  |||          |||  - ",
        " -   |||||    |||||   - ",
        " -    |``||DD6|``|    - ",
        " -    |.``|``|``.|    - ",
        " -    |```d``d```|    - ",
        " -   ||``||``||``||   - ",
        " -   ||`||rrrr||`||   - ",
        " -   ||d|``````|d||   - ",
        " -   ||``````````||   - ",
        " -    |`>``tt``>`|    - ",
        " -    |``.||||.``|    - ",
        " -    ||||||||||||    - ",
        " -   ||||||||||||||   - ",
        " -  |||  ||  ||  |||  - ",
        " -  ||            ||  - ",
        " -                    - ",
        " -                    - ",
        " ---------------------- ",
        "                        "
      ],
      "terrain": {
        " ": "t_grass",
        "+": "t_chaingate_l",
        "-": "t_chainfence",
        ".": "t_utility_light",
        "6": "t_card_science",
        ">": "t_stairs_down",
        "D": "t_door_metal_locked",
        "`": "t_strconc_floor",
        "d": "t_door_metal_c",
        "r": "t_reinforced_glass",
        "t": "t_strconc_floor",
        "|": "t_strconc_wall"
      }
    },
    "om_terrain": "SecronomSSLab_top",
    "type": "mapgen",
    "weight": 100
  },
  {
    "method": "json",
    "object": {
      "fill_ter": "t_grass",
      "monster": { "t": { "monster": "mon_turret" } },
      "rows": [
        "                        ",
        " bbbbbbbaaaaaaaabbbbbbb ",
        " b                    b ",
        " b                    b ",
        " b  cccc        cccc  b ",
        " b  cccccc    cccccc  b ",
        " b  cccccccffecccccc  b ",
        " b  cccccccddccccccc  b ",
        " b   cccccddddccccc   b ",
        " b   ccccddddddcccc   b ",
        " b   ccchtddddthccc   b ",
        " b  cccccddddddccccc  b ",
        " b  ccccccddddcccccc  b ",
        " b   cccddddddddccc   b ",
        " b   ccdgddddddgdcc   b ",
        " b   cccdddhhdddccc   b ",
        " b  cccccccccccccccc  b ",
        " b  cccccccccccccccc  b ",
        " b  cccccccccccccccc  b ",
        " b  cccc        cccc  b ",
        " b                    b ",
        " b                    b ",
        " bbbbbbbbbbbbbbbbbbbbbb ",
        "                        "
      ],
      "terrain": {
        "a": "t_chaingate_l",
        "b": "t_chainfence",
        "c": "t_strconc_wall",
        "d": "t_strconc_floor",
        "e": "t_card_science",
        "f": "t_door_metal_locked",
        "g": "t_stairs_down",
        "h": "t_utility_light",
        "t": "t_strconc_floor"
      }
    },
    "om_terrain": "SecronomSSLab_top",
    "type": "mapgen",
    "weight": 100
  },
  {
    "method": "json",
    "object": {
      "add": [
        { "item": "textbook_robots", "repeat": 1, "x": 4, "y": 14 },
        { "item": "1st_aid", "repeat": 1, "x": 18, "y": 14 },
        { "item": "mag_firstaid", "repeat": 1, "x": 19, "y": 16 }
      ],
      "furniture": { "#": "f_bed", "T": "f_toilet", "^": "f_indoor_plant", "t": "f_table", "{": "f_locker" },
      "place_items": [
        { "chance": 75, "item": "lab_torso", "x": 18, "y": 10 },
        { "chance": 75, "item": "lab_torso", "x": 5, "y": 10 },
        { "chance": 50, "item": "gear_medical", "x": 20, "y": 8 },
        { "chance": 50, "item": "gear_medical", "x": 17, "y": 8 },
        { "chance": 50, "item": "gear_medical", "x": 6, "y": 8 },
        { "chance": 50, "item": "gear_medical", "x": 3, "y": 8 },
        { "chance": 50, "item": "gear_medical", "x": 16, "y": 6 },
        { "chance": 50, "item": "gear_medical", "x": 6, "y": 6 },
        { "chance": 75, "item": "lab_pants", "x": 19, "y": 10 },
        { "chance": 75, "item": "lab_pants", "x": 4, "y": 10 },
        { "chance": 20, "item": "secro_drugs_rare", "x": 4, "y": 15 },
        { "chance": 20, "item": "secro_drugs_rare", "x": 19, "y": 14 },
        { "chance": 75, "item": "lab_shoes", "x": 17, "y": 10 },
        { "chance": 75, "item": "lab_shoes", "x": 6, "y": 10 }
      ],
      "place_monsters": [
        { "density": 0.1, "monster": "GROUP_SECROLAB_ALL", "x": [ 4, 6 ], "y": [ 5, 10 ] },
        { "density": 0.1, "monster": "GROUP_SECROLAB_ALL", "x": [ 15, 17 ], "y": [ 5, 10 ] },
        { "density": 0.2, "monster": "GROUP_SECROLAB_ALL", "x": [ 8, 13 ], "y": [ 6, 11 ] }
      ],
      "rows": [
        "|||||||||......|||||||||",
        "||||||||||....||||||||||",
        "|||||||||||..|||||||||||",
        "|||||||||>+..+>|||||||||",
        "|||||||||||++|||||||||||",
        "|||||||||||..|||||||||||",
        "|||##_##|||..|||##_##|||",
        "|||.....|||..|||.....|||",
        "|||##.##||_.._||##.##|||",
        "|||......+....+......|||",
        "|...{{{..+....+..{{{...|",
        "|+|||||||||..|||||||||+|",
        "|T|||_............_|||T|",
        "||||||+||||++||||+||||||",
        "||||t..|<......<|.tt||||",
        "||||t..|||_.._|||...||||",
        "||||^_.||||++||||^_.||||",
        "|||||||||||..|||||||||||",
        "|||||||||||..|||||||||||",
        "|||||||||||..|||||||||||",
        "|||||||||||..|||||||||||",
        "||||||||||_.._||||||||||",
        "||||||||||dddd||||||||||",
        "||||||||||dddd||||||||||"
      ],
      "terrain": {
        "#": "t_strconc_floor",
        "+": "t_door_metal_c",
        ".": "t_strconc_floor",
        "<": "t_stairs_up",
        ">": "t_stairs_down",
        "T": "t_strconc_floor",
        "^": "t_strconc_floor",
        "_": "t_utility_light",
        "d": "t_reinforced_glass",
        "t": "t_strconc_floor",
        "{": "t_strconc_floor",
        "|": "t_strconc_wall"
      }
    },
    "om_terrain": "SecronomSSLab_b1",
    "type": "mapgen",
    "weight": 100
  },
  {
    "method": "json",
    "object": {
      "fill_ter": "t_strconc_wall",
      "furniture": { "f": "f_locker", "g": "f_bed", "h": "f_toilet", "i": "f_desk", "j": "f_armchair", "k": "f_indoor_plant" },
      "place_loot": [
        { "chance": 100, "group": "gear_medical", "repeat": [ 1 ], "x": [ 13, 14 ], "y": [ 19, 19 ] },
        { "chance": 100, "group": "lab_dorm", "repeat": [ 1 ], "x": [ 15, 17 ], "y": [ 10, 10 ] },
        { "chance": 100, "group": "lab_dorm", "repeat": [ 1 ], "x": [ 4, 6 ], "y": [ 10, 10 ] },
        { "chance": 25, "group": "lab_dorm", "repeat": [ 1 ], "x": [ 4, 6 ], "y": [ 5, 7 ] },
        { "chance": 25, "group": "lab_dorm", "repeat": [ 1 ], "x": [ 15, 17 ], "y": [ 5, 7 ] },
        { "chance": 25, "group": "lab_dorm", "repeat": [ 1 ], "x": [ 19, 19 ], "y": [ 9, 9 ] }
      ],
      "place_monsters": [
        { "density": 0.75, "monster": "GROUP_SECROLAB_ALL", "x": [ 4, 6 ], "y": [ 5, 10 ] },
        { "density": 0.75, "monster": "GROUP_SECROLAB_ALL", "x": [ 15, 17 ], "y": [ 5, 10 ] },
        { "density": 0.75, "monster": "GROUP_SECROLAB_ALL", "x": [ 8, 13 ], "y": [ 6, 11 ] },
        { "density": 0.5, "monster": "GROUP_SECROLAB_SPECIMENS", "x": [ 4, 6 ], "y": [ 5, 10 ] },
        { "density": 0.5, "monster": "GROUP_SECROLAB_SPECIMENS", "x": [ 15, 17 ], "y": [ 5, 10 ] },
        { "density": 0.5, "monster": "GROUP_SECROLAB_SPECIMENS", "x": [ 8, 13 ], "y": [ 6, 11 ] },
        { "density": 0.75, "monster": "GROUP_SECROLAB_ALL", "x": [ 13, 15 ], "y": [ 17, 19 ] }
      ],
      "rows": [
        "         cccccc         ",
        "         cccccc         ",
        "          cccc          ",
        "           cc           ",
        "         ebccbe         ",
        "     gmg   bb   gmg     ",
        "     ccc mccccm ccc     ",
        "     gcg cccccc gcg     ",
        "     cccbcc  ccbccc     ",
        "   hbcccbcc  ccbcccbh   ",
        "     fff cccccc fff     ",
        "         mccccm         ",
        "           bb           ",
        "          cccc          ",
        "         acmmca         ",
        "          cccc          ",
        "           bb           ",
        "           ccbccc       ",
        "           cc ljc       ",
        "           cc iik       ",
        "           cc           ",
        "          mccm          ",
        "          dddd          ",
        "          dddd          "
      ],
      "terrain": {
        "a": "t_stairs_up",
        "b": "t_door_metal_c",
        "c": "t_strconc_floor",
        "d": "t_reinforced_glass",
        "e": "t_stairs_down",
        "f": "t_strconc_floor",
        "g": "t_strconc_floor",
        "h": "t_strconc_floor",
        "i": "t_strconc_floor",
        "j": "t_strconc_floor",
        "k": "t_strconc_floor",
        "l": "t_console_broken",
        "m": "t_utility_light"
      }
    },
    "om_terrain": "SecronomSSLab_b1",
    "type": "mapgen"
  },
  {
    "//": "Armored BOWs are confined inside the glass.",
    "method": "json",
    "object": {
      "computers": {
        "g": {
          "failures": [ { "action": "damage" }, { "action": "alarm" } ],
          "name": "SS BOW Containment Room",
          "options": [ { "action": "unlock", "name": "UNLOCK BOW CONTAINMENT DOORS", "security": 6 } ],
          "security": 6
        }
      },
      "fill_ter": "t_strconc_wall",
      "furniture": { "e": "f_rack", "f": "f_indoor_plant", "h": "f_desk", "j": "f_chair", "m": "f_robotic_arm", "s": "f_locker" },
      "monster": {
        "A": { "monster": "mon_zedbow_kaxix_armed" },
        "B": { "monster": "mon_zedbow_axxuros_armed" },
        "C": { "monster": "mon_zedbow_exios_armed" },
        "D": { "monster": "mon_zedbow_drexx_armed" },
        "E": { "monster": "mon_zedbow_epixo_armed" }
      },
      "place_loot": [
        { "chance": 100, "group": "ig_vp_sheet_metal", "repeat": [ 5 ], "x": [ 10, 13 ], "y": [ 22, 22 ] },
        { "chance": 100, "group": "supplies_electronics", "repeat": [ 3 ], "x": [ 11, 13 ], "y": [ 8, 8 ] },
        { "chance": 100, "group": "dissection", "repeat": [ 2 ], "x": [ 10, 10 ], "y": [ 14, 15 ] },
        { "chance": 100, "group": "lab_dorm", "repeat": [ 2 ], "x": [ 10, 10 ], "y": [ 16, 16 ] },
        { "chance": 100, "group": "science", "repeat": [ 5 ], "x": [ 13, 13 ], "y": [ 15, 15 ] }
      ],
      "place_monsters": [
        { "density": 0.75, "monster": "GROUP_SECROLAB_ALL", "x": [ 6, 17 ], "y": [ 21, 18 ] },
        { "density": 0.25, "monster": "GROUP_SECROLAB_BOWSPECIMENS", "x": [ 6, 17 ], "y": [ 0, 10 ] },
        { "density": 0.25, "monster": "GROUP_SECROLAB_BOWSPECIMENS", "x": [ 17, 15 ], "y": [ 11, 17 ] },
        { "density": 0.25, "monster": "GROUP_SECROLAB_BOWSPECIMENS", "x": [ 8, 6 ], "y": [ 11, 17 ] }
      ],
      "rows": [
        "         aaaaaa         ",
        "        aaaaaaaa        ",
        "        aaaaaaaa        ",
        "       aaaaaaaaaa       ",
        "       aaaaaaaaaa       ",
        "      kaaaaaaaaaak      ",
        "     daaaaaaaaaaaad     ",
        "  EaadaaaaaaaaaaaataDa  ",
        "  kaalaaaapeeeaaaalaak  ",
        "  aaataaaa    aaaadaaa  ",
        "  ddddaaa      aaaddtd  ",
        "  aCadaa        aadaaa  ",
        "  kaalaa  abba  aalBak  ",
        "  aaadaaa aaaa aaataaa  ",
        "  ddtdaaadhaagdaaaddtd  ",
        "  aaadaaadhjahdaaadaaa  ",
        "  kAalaaadsaafdaaalaak  ",
        "  aaataaaddccddaaadaaa  ",
        "  ddddaaaaaaaaaaaadddt  ",
        "  qqqdaaaaaaaaaaaataaa  ",
        "  qqrlaaaaaaaaaaaalaak  ",
        "  qqqtaaaaaaaaaaaadaaa  ",
        "        nmeeeeop        ",
        "                        "
      ],
      "terrain": {
        "A": "t_strconc_floor",
        "B": "t_strconc_floor",
        "C": "t_strconc_floor",
        "D": "t_strconc_floor",
        "E": "t_strconc_floor",
        "a": "t_strconc_floor",
        "b": "t_stairs_down",
        "c": "t_door_metal_c",
        "d": "t_reinforced_glass",
        "e": "t_strconc_floor",
        "f": "t_strconc_floor",
        "g": "t_console",
        "h": "t_strconc_floor",
        "i": "t_machinery_electronic",
        "j": "t_strconc_floor",
        "k": "t_utility_light",
        "l": "t_door_metal_locked",
        "m": "t_strconc_floor",
        "n": "t_machinery_heavy",
        "o": "t_machinery_electronic",
        "p": "t_console_broken",
        "q": "t_water_dp",
        "r": "t_water_sh",
        "s": "t_strconc_floor",
        "t": "t_reinforced_glass"
      }
    },
    "om_terrain": [ "SecronomSSLab_bowspecs" ],
    "type": "mapgen"
  },
  {
    "method": "json",
    "object": {
      "computers": {
        "i": {
          "failures": [ { "action": "damage" }, { "action": "alarm" } ],
          "name": "SS Subject Containment Room",
          "options": [ { "action": "unlock", "name": "UNLOCK SUBJECT CONTAINMENT DOOR", "security": 4 } ],
          "security": 2
        },
        "z": {
          "failures": [ { "action": "damage" }, { "action": "alarm" } ],
          "name": "SS Bionics Containment Room",
          "options": [ { "action": "unlock", "name": "UNLOCK BIONICS CONTAINMENT DOOR", "security": 6 } ],
          "security": 4
        }
      },
      "fill_ter": "t_strconc_wall",
      "furniture": {
        "e": "f_autodoc",
        "f": "f_autodoc_couch",
        "g": "f_robotic_arm",
        "h": "f_rack",
        "k": "f_gunsafe_ml",
        "n": "f_desk",
        "p": "f_bed",
        "q": "f_chair",
        "r": "f_indoor_plant"
      },
      "place_loot": [
        { "chance": 100, "group": "tools_medical", "repeat": [ 1 ], "x": [ 17, 19 ], "y": [ 8, 8 ] },
        { "chance": 100, "group": "secro_drugs_rare", "repeat": [ 3 ], "x": [ 15, 19 ], "y": [ 4, 4 ] },
        { "chance": 100, "group": "drugs_pharmacy", "repeat": [ 3 ], "x": [ 17, 19 ], "y": [ 6, 6 ] },
        { "chance": 10, "group": "lab_dorm", "repeat": [ 1 ], "x": [ 17, 21 ], "y": [ 12, 14 ] },
        { "chance": 50, "group": "science", "repeat": [ 3 ], "x": [ 22, 22 ], "y": [ 19, 20 ] },
        { "chance": 50, "group": "textbooks", "repeat": [ 1 ], "x": [ 16, 18 ], "y": [ 19, 19 ] },
        { "chance": 50, "group": "textbooks", "repeat": [ 1 ], "x": [ 15, 17 ], "y": [ 21, 21 ] },
        { "chance": 100, "group": "bionics_common", "repeat": [ 1 ], "x": [ 3, 5 ], "y": [ 14, 14 ] },
        { "chance": 100, "group": "bionics_op", "repeat": [ 1 ], "x": [ 7, 8 ], "y": [ 13, 13 ] },
        { "chance": 100, "group": "bionics_sci", "repeat": [ 1 ], "x": [ 7, 8 ], "y": [ 5, 5 ] },
        { "chance": 100, "group": "drugs_emergency", "repeat": [ 1 ], "x": [ 3, 3 ], "y": [ 5, 5 ] }
      ],
      "place_monsters": [
        { "density": 0.75, "monster": "GROUP_SECROLAB_SPECIMENS", "x": [ 10, 13 ], "y": [ 4, 21 ] },
        { "density": 0.25, "monster": "GROUP_SECROLAB_BOWSPECIMENS", "x": [ 10, 13 ], "y": [ 4, 21 ] },
        { "density": 0.5, "monster": "GROUP_SECROLAB_SPECIMENS", "x": [ 2, 8 ], "y": [ 8, 10 ] },
        { "density": 0.75, "monster": "GROUP_SECROLAB_ALL", "x": [ 2, 8 ], "y": [ 8, 10 ] },
        { "density": 0.75, "monster": "GROUP_SECROLAB_ALL", "x": [ 15, 21 ], "y": [ 8, 10 ] },
        { "density": 0.25, "monster": "GROUP_SECROLAB_BOWSPECIMENS", "x": [ 15, 21 ], "y": [ 8, 10 ] },
        { "density": 0.75, "monster": "GROUP_SECROLAB_FAILEDSPECIMENS", "x": [ 15, 18 ], "y": [ 19, 21 ] },
        { "density": 0.75, "monster": "GROUP_SECROLAB_ALL", "x": [ 20, 22 ], "y": [ 19, 21 ] },
        { "density": 0.25, "monster": "GROUP_SECROLAB_BOWSPECIMENS", "x": [ 20, 22 ], "y": [ 19, 21 ] }
      ],
      "rows": [
        "          dddd          ",
        "         sdaads         ",
        "          dddd          ",
        "           bb           ",
        "  dddd    ddddjnnnnn    ",
        "  dfes hk ddddjddddds   ",
        "  dddd dt ddddjdonnn    ",
        "  cjjj c  dddd b        ",
        "  ddddddd ddddmddnnnrs  ",
        " zdddddddbddddcdddqdddi ",
        "  ddddddd dddd ddddddd  ",
        "  cjjj c  rddr   jjjjc  ",
        "  dddd dd qddq   pdpdd  ",
        "  ddds hk qddq   ddddd  ",
        "  ghhh    rddr   pspsp  ",
        "          sdds          ",
        "          dddd          ",
        "          dddd          ",
        "          dddd          ",
        "          dddd rqqqjrqn ",
        "          ddddbddddjsdn ",
        "          dddd qqqdbddo ",
        "          mcc           ",
        "           cc           "
      ],
      "terrain": {
        "a": "t_stairs_up",
        "b": "t_door_metal_c",
        "c": "t_door_metal_locked",
        "d": "t_strconc_floor",
        "e": "t_strconc_floor",
        "f": "t_strconc_floor",
        "g": "t_strconc_floor",
        "h": "t_strconc_floor",
        "i": "t_console",
        "j": "t_reinforced_glass",
        "k": "t_strconc_floor",
        "l": "t_strconc_floor",
        "m": "t_card_science",
        "n": "t_strconc_floor",
        "o": "t_console_broken",
        "p": "t_strconc_floor",
        "q": "t_strconc_floor",
        "r": "t_strconc_floor",
        "s": "t_utility_light",
        "t": "t_stairs_down",
        "z": "t_console"
      }
    },
    "om_terrain": [ "SecronomSSLab_b2" ],
    "type": "mapgen"
  },
  {
    "//": "Failed specimens, placed like a littered garbage in glasses.",
    "method": "json",
    "object": {
      "computers": {
        "g": {
          "failures": [ { "action": "damage" }, { "action": "alarm" } ],
          "name": "SS Failed Specimen Containment Room",
          "options": [ { "action": "unlock", "name": "UNLOCK FAILED SPECIMEN CONTAINMENT DOORS", "security": 6 } ],
          "security": 4
        }
      },
      "fill_ter": "t_strconc_wall",
      "furniture": { "h": "f_desk", "j": "f_chair" },
      "place_loot": [ { "chance": 100, "group": "tools_medical", "repeat": [ 3 ], "x": [ 12, 12 ], "y": [ 10, 10 ] } ],
      "place_monsters": [
        { "density": 0.75, "monster": "GROUP_SECROLAB_FAILEDSPECIMENS", "x": [ 3, 5 ], "y": [ 8, 16 ] },
        { "density": 0.75, "monster": "GROUP_SECROLAB_FAILEDSPECIMENS", "x": [ 7, 16 ], "y": [ 18, 20 ] },
        { "density": 0.75, "monster": "GROUP_SECROLAB_FAILEDSPECIMENS", "x": [ 18, 20 ], "y": [ 8, 16 ] },
        { "density": 0.75, "monster": "GROUP_SECROLAB_ALL", "x": [ 7, 16 ], "y": [ 5, 16 ] }
      ],
      "rows": [
        "           aa           ",
        "           aa           ",
        "           aa           ",
        "          aaaa          ",
        "          aaaa          ",
        "          aaaa          ",
        "         aaaaaa         ",
        "        aaaaaaaa        ",
        "   kaaeaaaaaaaaaaeaak   ",
        "   aaadaaaaaaaaaafaaa   ",
        "   aaadaaaighjaaadaaa   ",
        "   aaafaa      aadaaa   ",
        "       aa abba aa       ",
        "   aaadaa aaaa aadaaa   ",
        "   aaadaa  cc  aafaaa   ",
        "   aaafaaaaaaaaaadaaa   ",
        "   kaaeaaaaaaaaaaeaak   ",
        "       edfddfddde       ",
        "       aaaaaaaaaa       ",
        "       aaaaaaaaaa       ",
        "       kaaaaaaaak       ",
        "                        ",
        "                        ",
        "                        "
      ],
      "terrain": {
        "a": "t_strconc_floor",
        "b": "t_stairs_up",
        "c": "t_door_metal_c",
        "d": "t_reinforced_glass",
        "e": "t_door_metal_locked",
        "f": "t_reinforced_glass",
        "g": "t_console",
        "h": "t_strconc_floor",
        "i": "t_machinery_electronic",
        "j": "t_strconc_floor",
        "k": "t_utility_light"
      }
    },
    "om_terrain": [ "SecronomSSLab_failspecs" ],
    "type": "mapgen"
  },
  {
    "method": "json",
    "object": {
      "computers": {
        "k": {
          "failures": [ { "action": "damage" }, { "action": "alarm" } ],
          "name": "SS Enigma Specimen Containment Room",
          "options": [ { "action": "unlock", "name": "UNLOCK ENIGMA SPECIMEN CONTAINMENT DOORS", "security": 3 } ],
          "security": 2
        }
      },
      "fill_ter": "t_strconc_wall",
      "furniture": { "h": "f_desk", "j": "f_chair", "z": "f_desk" },
      "place_loot": [ { "chance": 100, "group": "tools_medical", "repeat": [ 3 ], "x": [ 12, 12 ], "y": [ 10, 10 ] } ],
      "rows": [
        "           aa           ",
        "          aaaa          ",
        "          abbag         ",
        "          aaaa          ",
        "           ee           ",
        "         aaaaa          ",
        "   aaaaaaabaaa          ",
        "  aaaaaabaabaa          ",
        "  aabaaabaaaaa          ",
        "  aaabaaaaaaa           ",
        "  aaaaa       ik        ",
        "  aaaa  aaaaeaaaaeaaaa  ",
        "  abba aaaaafaaaafaaaaa ",
        "  aaaa aaaaaaaaaaaaaaaa ",
        "  aaaa       aaaa       ",
        "  aaaa aaaaaeaaaaeaaaaa ",
        "  abba aaaaadaaaafaaaaa ",
        "  aaaa  aaaafaaaadaaaa  ",
        "  aaaaa       cc        ",
        "  aaabaaaaaaaaaajh      ",
        "  aabaabaaabaaabaz      ",
        "  aaaaabaaabaaabjh      ",
        "   aaaaaaaaaaaaaig      ",
        "                        "
      ],
      "terrain": {
        "a": "t_strconc_floor",
        "b": "t_thconc_floor_olight",
        "c": "t_door_metal_c",
        "d": "t_reinforced_glass",
        "e": "t_door_metal_locked",
        "f": [ "t_strconc_floor", "t_reinforced_glass" ],
        "g": "t_console",
        "h": "t_strconc_floor",
        "i": "t_machinery_electronic",
        "j": "t_strconc_floor",
        "k": "t_console"
      },
      "item": { "z": { "item": "secro_recipe_flesh", "chance": 100 } },
      "nested": {
        "a": {
          "chunks": [ [ "null", 200 ], [ "SecronomSSBunker_nest_bloodmess", 4 ], [ "SecronomSSBunker_nest_deadscientist", 2 ] ]
        }
      }
    },
    "om_terrain": [ "SecronomSSLab_enigmaspecs" ],
    "type": "mapgen"
  },
  {
    "method": "json",
    "object": {
      "add": [
        { "item": "recipe_animal", "repeat": 1, "x": 16, "y": 5 },
        { "item": "corpse", "repeat": 1, "x": 10, "y": 6 },
        { "item": "corpse", "repeat": 1, "x": 12, "y": 12 }
      ],
      "computers": {
        "6": {
          "failures": [ { "action": "damage" }, { "action": "alarm" } ],
          "name": "SS Entity Containment Room",
          "options": [ { "action": "unlock", "name": "UNLOCK CONTAINMENT DOOR", "security": 4 } ],
          "security": 4
        }
      },
      "furniture": { "#": "f_desk", "^": "f_indoor_plant_y", "c": "f_chair", "{": "f_locker" },
      "place_fields": [
        { "density": 3, "field": "fd_blood", "x": 10, "y": 6 },
        { "field": "fd_blood", "x": 10, "y": 7 },
        { "density": 3, "field": "fd_blood", "x": 12, "y": 12 },
        { "field": "fd_blood", "x": 12, "y": 13 },
        { "field": "fd_blood", "x": 12, "y": 14 }
      ],
      "place_items": [
        { "chance": 60, "item": "lab_pants", "x": 12, "y": 12 },
        { "chance": 60, "item": "lab_torso", "x": 12, "y": 12 },
        { "chance": 60, "item": "lab_shoes", "x": 12, "y": 12 },
        { "chance": 60, "item": "lab_pants", "x": 10, "y": 6 },
        { "chance": 60, "item": "lab_torso", "x": 10, "y": 6 },
        { "chance": 60, "item": "lab_shoes", "x": 10, "y": 6 },
        { "chance": 100, "item": "secro_id_fvvault", "x": 10, "y": 6 },
        { "chance": 25, "item": "guns_rifle_rare", "x": 17, "y": 5 }
      ],
      "place_monster": [ { "monster": "mon_zombie_scientist", "x": 17, "y": 7 }, { "monster": "mon_zombie_scientist", "x": 14, "y": 8 } ],
      "rows": [
        "||||||||||||||||||||||||",
        "||||||||||||||||||||||||",
        "||||||||||||||||||||||||",
        "||||||||||-----|||||||||",
        "|||||------___------||||",
        "||||--...-.....-.##--|||",
        "||||-_.<.d.....d..c_-|||",
        "||||--...-.....-^.{--|||",
        "|||||------...------||||",
        "||||||||||-...-|||||||||",
        "||||||||||-...-|||||||||",
        "||||||||||-...-|||||||||",
        "||||||||||-...-|||||||||",
        "||||||||||-...-|||||||||",
        "||||||||||-...-|||||||||",
        "||||||||||-...-|||||||||",
        "||||||||||-...-|||||||||",
        "||||||||||-...-|||||||||",
        "||||||||||-...-|||||||||",
        "|||||||||--...-|||||||||",
        "|||||||||-6...-|||||||||",
        "|||||||||--+++-|||||||||",
        "|||||||||--+++--||||||||",
        "||||||||--.....--|||||||"
      ],
      "terrain": {
        "#": "t_metal_floor",
        "+": "t_door_metal_locked",
        "-": "t_wall_metal",
        ".": "t_metal_floor",
        "6": "t_console",
        "<": "t_stairs_up",
        "^": "t_metal_floor",
        "_": "t_utility_light",
        "c": "t_utility_light",
        "d": "t_door_metal_c",
        "{": "t_metal_floor",
        "|": "t_strconc_wall"
      }
    },
    "om_terrain": "SecronomSSLab_b3",
    "type": "mapgen",
    "weight": 100
  },
  {
    "//": "Encountering the dragon is unpleasant. It's better to see weak zombies other than that.",
    "method": "json",
    "object": {
      "place_items": [
        { "chance": 90, "item": "lab_pants", "x": 20, "y": 13 },
        { "chance": 90, "item": "lab_torso", "x": 20, "y": 13 },
        { "chance": 90, "item": "lab_shoes", "x": 20, "y": 13 }
      ],
      "place_monster": [ { "monster": "mon_secrodragon_sleep", "x": 12, "y": 21 } ],
      "rows": [
        "|||||||||_....._||||||||",
        "||||||.............|||||",
        "|||...................||",
        "||.....................|",
        "||.....................|",
        "||.....................|",
        "||.....................|",
        "||_..................._|",
        "||&...................&|",
        "||%...................%|",
        "||6...................6|",
        "||6...................6|",
        "||6...................6|",
        "||6...................c|",
        "||=...................=|",
        "||=...................=|",
        "||=...................=|",
        "||=...................=|",
        "||%||...............||%|",
        "||=|||||_......._|||||=|",
        "||=||||||||---||||||||=|",
        "||=||||||||...||||||||=|",
        "||$=======%===%=======$|",
        "||||||||||||||||||||||||"
      ],
      "terrain": {
        "$": "t_machinery_electronic",
        "%": "t_machinery_heavy",
        "&": "t_generator_broken",
        "-": "t_reinforced_glass",
        ".": "t_metal_floor",
        "6": "t_console_broken",
        "=": "t_conveyor",
        "_": "t_utility_light",
        "c": "t_console",
        "|": "t_wall_metal"
      }
    },
    "om_terrain": "SecronomSSLab_Climax",
    "type": "mapgen",
    "weight": 300
  },
  {
    "//": "SECRONOM CITY MUTANT ZEDS, NO SWARMERS.",
    "method": "json",
    "object": {
      "add": [ { "item": "corpse", "repeat": 1, "x": 13, "y": 1 }, { "item": "corpse", "repeat": 1, "x": 8, "y": 3 } ],
      "place_fields": [
        { "density": 3, "field": "fd_blood", "x": 13, "y": 1 },
        { "field": "fd_blood", "x": 14, "y": 2 },
        { "density": 3, "field": "fd_blood", "x": 8, "y": 3 },
        { "field": "fd_blood", "x": 7, "y": 4 },
        { "field": "fd_blood", "x": 9, "y": 4 }
      ],
      "place_items": [
        { "chance": 55, "item": "clothing_soldier_set", "x": 8, "y": 3 },
        { "chance": 55, "item": "clothing_soldier_set", "x": 13, "y": 1 }
      ],
      "place_monsters": [
        { "density": 0.2, "monster": "GROUP_SWARMERSEGWAY_UPGRADE", "x": [ 3, 7 ], "y": [ 8, 12 ] },
        { "density": 0.15, "monster": "GROUP_ZOMBIE_UPGRADE", "x": [ 9, 14 ], "y": [ 7, 7 ] },
        { "density": 0.2, "monster": "GROUP_SWARMERSEGWAY_UPGRADE", "x": [ 16, 20 ], "y": [ 8, 12 ] },
        { "density": 0.15, "monster": "GROUP_ZOMBIE_UPGRADE", "x": [ 3, 7 ], "y": [ 14, 18 ] },
        { "density": 0.1, "monster": "GROUP_SWARMERSEGWAY_UPGRADE", "x": [ 3, 7 ], "y": [ 14, 18 ] },
        { "density": 0.15, "monster": "GROUP_ZOMBIE_UPGRADE", "x": [ 3, 7 ], "y": [ 14, 18 ] },
        { "density": 0.2, "monster": "GROUP_SWARMERSEGWAY_UPGRADE", "x": [ 11, 12 ], "y": [ 19, 19 ] },
        { "density": 0.15, "monster": "GROUP_ZOMBIE_UPGRADE", "x": [ 16, 20 ], "y": [ 14, 18 ] }
      ],
      "rows": [
        "|||||||||_....._||||||||",
        "|||||||...........||||||",
        "|||||...............||||",
        "|||...................||",
        "|||...................||",
        "|||...................||",
        "|||.....---+++---.....||",
        "|||-----|.......|-----||",
        "|||.....-.......-.....||",
        "|||.....-.......-.....||",
        "|||_....+.......+...._||",
        "|||.....-.......-.....||",
        "|||.....-.......-.....||",
        "|||-----|.......|-----||",
        "|||.....-.......-.....||",
        "|||.....-.......-.....||",
        "|||_....+.......+...._||",
        "|||.....-.......-.....||",
        "|||.....-.......-.....||",
        "|||||||||||___||||||||||",
        "||||||||||||||||||||||||",
        "||||||||||||||||||||||||",
        "||||||||||||||||||||||||",
        "||||||||||||||||||||||||"
      ],
      "terrain": { "+": "t_chaingate_l", "-": "t_chainfence", ".": "t_metal_floor", "_": "t_utility_light", "|": "t_wall_metal" }
    },
    "om_terrain": "SecronomSSLab_Climax",
    "type": "mapgen",
    "weight": 600
  }
]
