[
  {
    "id": "sflesh_hatchery_amalgam",
    "type": "TOOL",
    "category": "secro_amalgam",
    "name": "amalgam",
    "description": "An amalgam in its docile state. Activate to let it form back to normal.",
    "volume": "6250 ml",
    "weight": "8150 g",
    "price": 0,
    "to_hit": -5,
    "bashing": 10,
    "material": [ "flesh" ],
    "symbol": "0",
    "color": "red",
    "use_action": {
      "type": "place_monster",
      "monster_id": "mon_sflesh_hatchery_amalgam",
      "friendly_msg": "The amalgam reforms back to its normal state.",
      "hostile_msg": "Reeeee!",
      "difficulty": 0,
      "moves": 500,
      "skill1": "survival",
      "skill2": "computer"
    }
  },
  {
    "id": "sflesh_hatchery_amalgam_blade",
    "type": "TOOL",
    "category": "secro_amalgam",
    "name": "amalgam (blade)",
    "description": "An amalgam (blade) in its docile state. Activate to let it form back to normal.",
    "volume": "6250 ml",
    "weight": "8150 g",
    "price": 0,
    "to_hit": -5,
    "bashing": 10,
    "material": [ "flesh" ],
    "symbol": "0",
    "color": "light_red",
    "use_action": {
      "type": "place_monster",
      "monster_id": "mon_sflesh_hatchery_amalgam_blade",
      "friendly_msg": "The amalgam (blade) reforms back to its normal state.",
      "hostile_msg": "Reeeee!",
      "difficulty": 0,
      "moves": 500,
      "skill1": "survival",
      "skill2": "computer"
    }
  },
  {
    "id": "sflesh_hatchery_amalgam_tendril",
    "type": "TOOL",
    "category": "secro_amalgam",
    "name": "amalgam (tendril)",
    "description": "An amalgam (tendril) in its docile state. Activate to let it form back to normal.",
    "volume": "6250 ml",
    "weight": "8150 g",
    "price": 0,
    "to_hit": -5,
    "bashing": 10,
    "material": [ "flesh" ],
    "symbol": "0",
    "color": "light_red",
    "use_action": {
      "type": "place_monster",
      "monster_id": "mon_sflesh_hatchery_amalgam_tendril",
      "friendly_msg": "The amalgam (tendril) reforms back to its normal state.",
      "hostile_msg": "Reeeee!",
      "difficulty": 0,
      "moves": 500,
      "skill1": "survival",
      "skill2": "computer"
    }
  },
  {
    "id": "sflesh_hatchery_amalgam_mouth",
    "type": "TOOL",
    "category": "secro_amalgam",
    "name": "amalgam (mouthswell)",
    "description": "An amalgam (mouthswell) in its docile state. Activate to let it form back to normal.",
    "volume": "6250 ml",
    "weight": "8150 g",
    "price": 0,
    "to_hit": -5,
    "bashing": 10,
    "material": [ "flesh" ],
    "symbol": "0",
    "color": "light_red",
    "use_action": {
      "type": "place_monster",
      "monster_id": "mon_sflesh_hatchery_amalgam_mouth",
      "friendly_msg": "The amalgam (mouthswell) reforms back to its normal state.",
      "hostile_msg": "Reeeee!",
      "difficulty": 0,
      "moves": 500,
      "skill1": "survival",
      "skill2": "computer"
    }
  },
  {
    "id": "mon_sflesh_hatchery_amalgam",
    "type": "MONSTER",
    "name": { "str": "amalgam" },
    "description": "A fusion of pure flesh, this bio-organic amalgamation is the result of intensive bio-organic reconstruction. Its body composition can't handle much abuse, but subjected for further alterations.",
    "default_faction": "secro_flesh3",
    "bodytype": "human",
    "species": [ "SFLESH", "ABERRATION" ],
    "volume": "62500 ml",
    "weight": "81500 g",
    "hp": 70,
    "speed": 75,
    "emit_fields": [ "emit_flesh_biome_immunity" ],
    "material": [ "flesh" ],
    "symbol": "▼",
    "color": "red",
    "aggression": 100,
    "morale": 100,
    "melee_skill": 4,
    "melee_dice": 2,
    "melee_dice_sides": 2,
    "melee_cut": 1,
    "armor_bash": 6,
    "vision_day": 20,
    "harvest": "exempt",
    "revert_to_itype": "sflesh_hatchery_amalgam",
    "death_function": [ "MELT" ],
    "flags": [ "SEES", "HEARS", "SMELLS", "POISON", "NO_BREATHE", "GRABS", "SWARMS" ]
  },
  {
    "id": "mon_sflesh_hatchery_amalgam_blade",
    "type": "MONSTER",
    "name": { "str": "amalgam (blade)" },
    "description": "An amalgam infused with the core of a blade zombie, causing one of its arm to alter into a sharp blade of calcified material.",
    "default_faction": "secro_flesh3",
    "bodytype": "human",
    "species": [ "SFLESH", "ABERRATION" ],
    "volume": "62500 ml",
    "weight": "81500 g",
    "hp": 140,
    "speed": 75,
    "emit_fields": [ "emit_flesh_biome_immunity" ],
    "material": [ "flesh" ],
    "symbol": "►",
    "color": "light_red_white",
    "aggression": 100,
    "morale": 100,
    "melee_skill": 6,
    "melee_dice": 1,
    "melee_dice_sides": 6,
    "melee_cut": 6,
    "armor_bash": 8,
    "armor_cut": 2,
    "vision_day": 20,
    "harvest": "exempt",
    "revert_to_itype": "sflesh_hatchery_amalgam_blade",
    "death_function": [ "MELT" ],
    "flags": [ "SEES", "HEARS", "SMELLS", "POISON", "NO_BREATHE", "BLEED", "SWARMS" ]
  },
  {
    "id": "mon_sflesh_hatchery_amalgam_tendril",
    "type": "MONSTER",
    "name": { "str": "amalgam (tendril)" },
    "description": "An amalgam infused with the core of a tendril zombie. Sprouting from its arms are thick, membranous veins that writhes viciously.",
    "default_faction": "secro_flesh3",
    "bodytype": "human",
    "species": [ "SFLESH", "ABERRATION" ],
    "volume": "62500 ml",
    "weight": "81500 g",
    "hp": 140,
    "speed": 80,
    "emit_fields": [ "emit_flesh_biome_immunity" ],
    "material": [ "flesh" ],
    "symbol": "►",
    "color": "light_green",
    "aggression": 100,
    "morale": 100,
    "melee_skill": 6,
    "melee_dice": 4,
    "melee_dice_sides": 6,
    "melee_cut": 0,
    "armor_bash": 6,
    "vision_day": 20,
    "harvest": "exempt",
    "revert_to_itype": "sflesh_hatchery_amalgam_tendril",
    "death_function": [ "MELT" ],
    "flags": [ "SEES", "HEARS", "SMELLS", "POISON", "NO_BREATHE", "SWARMS" ]
  },
  {
    "id": "mon_sflesh_hatchery_amalgam_mouth",
    "type": "MONSTER",
    "name": { "str": "amalgam (mouthswell)" },
    "description": "An amalgam infused with the core of a mouthswell zombie. A gaping jaw dominates its entire face, while its skin has calcified into a thick layer of flesh.",
    "default_faction": "secro_flesh3",
    "bodytype": "human",
    "species": [ "SFLESH", "ABERRATION" ],
    "volume": "62500 ml",
    "weight": "81500 g",
    "hp": 200,
    "speed": 65,
    "emit_fields": [ "emit_flesh_biome_immunity" ],
    "material": [ "flesh" ],
    "symbol": "►",
    "color": "light_red",
    "aggression": 100,
    "morale": 100,
    "melee_skill": 6,
    "melee_dice": 2,
    "melee_dice_sides": 4,
    "melee_cut": 0,
    "armor_bash": 16,
    "armor_cut": 10,
    "vision_day": 20,
    "harvest": "exempt",
    "revert_to_itype": "sflesh_hatchery_amalgam_mouth",
    "special_attacks": [
      {
        "cooldown": 30,
        "damage_max_instance": [
          { "amount": 10, "armor_multiplier": 0.3, "damage_type": "bash" },
          { "amount": 10, "armor_multiplier": 0.5, "damage_type": "cut" }
        ],
        "type": "bite"
      }
    ],
    "death_function": [ "MELT" ],
    "flags": [ "SEES", "HEARS", "SMELLS", "POISON", "NO_BREATHE", "SWARMS" ]
  }
]
