[
  {
    "note": "BOWs are special zeds adapted to confront players who are ready for anything. Exclusive in secronom labs.",
    "id": "mon_zedbow_kaxix",
    "type": "MONSTER",
    "name": "kaxix",
    "description": "A humanoid creature, with its hands ruptured into a scythe and a head similar to eels. It is wearing an experimental suit, denoting a state of progress.",
    "default_faction": "zombie",
    "species": [ "ZOMBIE", "HUMAN" ],
    "volume": "62500 ml",
    "weight": 81500,
    "hp": 140,
    "speed": 90,
    "material": [ "flesh" ],
    "symbol": "Z",
    "color": "light_green",
    "aggression": 100,
    "morale": 100,
    "melee_skill": 6,
    "melee_dice": 2,
    "melee_dice_sides": 6,
    "melee_cut": 6,
    "dodge": 3,
    "armor_bash": 2,
    "armor_cut": 4,
    "armor_fire": 2,
    "harvest": "zombie",
    "special_attacks": [
      [ "LUNGE", 15 ],
      {
        "type": "bite",
        "cooldown": 5,
        "min_mul": 0.2,
        "max_mul": 0.6,
        "no_infection_chance": 75,
        "damage_max_instance": [
          { "damage_type": "cut", "amount": 4, "armor_multiplier": 0.2 },
          { "damage_type": "stab", "amount": 8, "armor_multiplier": 0.4 }
        ]
      }
    ],
    "death_drops": "SSmutant_drop",
    "upgrades": { "half_life": 10, "into_group": "GROUP_BOW_KAXIX" },
    "death_function": [ "NORMAL" ],
    "flags": [ "HEARS", "SMELLS", "STUMBLES", "WARM", "FILTHY", "BASHES", "POISON", "NO_BREATHE", "REVIVES", "BLEED" ]
  },
  {
    "id": "mon_zedbow_kaxix_armed",
    "type": "MONSTER",
    "copy-from": "mon_zedbow_kaxix",
    "description": "A humanoid creature, with its hands ruptured into a scythe and a head similar to eels. Clad in special suit of armor, it has an encrusted \"SS\" symbol on its chest.",
    "color": "light_green_white",
    "armor_bash": 30,
    "armor_cut": 22,
    "armor_stab": 26,
    "armor_fire": 10,
    "armor_acid": 10
  },
  {
    "id": "mon_zedbow_axxuros",
    "type": "MONSTER",
    "name": "axxuros",
    "description": "A humanoid creature, partially suffering in necrotic shelling. Both of its arm merged and developed numerous bony spikes between them. It is wearing an experimental suit, denoting a state of progress.",
    "default_faction": "zombie",
    "species": [ "ZOMBIE", "HUMAN" ],
    "volume": "62500 ml",
    "weight": 81500,
    "hp": 165,
    "speed": 85,
    "material": [ "flesh" ],
    "symbol": "Z",
    "color": "yellow",
    "aggression": 100,
    "morale": 100,
    "melee_skill": 4,
    "melee_dice": 4,
    "melee_dice_sides": 6,
    "melee_cut": 4,
    "dodge": 3,
    "armor_bash": 2,
    "armor_cut": 4,
    "armor_fire": 2,
    "vision_day": 20,
    "harvest": "zombie",
    "special_attacks": [
      {
        "type": "bite",
        "cooldown": 10,
        "damage_max_instance": [
          { "damage_type": "cut", "amount": 4, "armor_multiplier": 0.4 },
          { "damage_type": "stab", "amount": 8, "armor_multiplier": 0.8 }
        ]
      }
    ],
    "death_drops": "SSmutant_drop",
    "upgrades": { "half_life": 10, "into_group": "GROUP_BOW_AXXUROS" },
    "death_function": [ "NORMAL" ],
    "flags": [ "SEES", "HEARS", "SMELLS", "STUMBLES", "WARM", "FILTHY", "BASHES", "POISON", "NO_BREATHE", "REVIVES", "BLEED" ]
  },
  {
    "id": "mon_zedbow_axxuros_armed",
    "type": "MONSTER",
    "copy-from": "mon_zedbow_axxuros",
    "description": "A humanoid creature, partially suffering in necrotic shelling. Both of its arm merged and developed numerous bony spikes between them. Clad in special suit of armor, it has an encrusted \"SS\" symbol on its chest.",
    "color": "yellow_white",
    "armor_bash": 30,
    "armor_cut": 22,
    "armor_stab": 26,
    "armor_fire": 10,
    "armor_acid": 10
  },
  {
    "id": "mon_zedbow_exios",
    "type": "MONSTER",
    "name": "exios",
    "description": "A humanoid creature, with head and tail featuring a canine appearance. One of its hand altered into heaps of tentacle tipped with awkward bony blades. It is wearing an experimental suit, denoting a state of progress.",
    "default_faction": "zombie",
    "species": [ "ZOMBIE", "HUMAN" ],
    "volume": "62500 ml",
    "weight": 81500,
    "hp": 120,
    "speed": 105,
    "material": [ "flesh" ],
    "symbol": "Z",
    "color": "green",
    "aggression": 100,
    "morale": 100,
    "melee_skill": 6,
    "melee_dice": 2,
    "melee_dice_sides": 2,
    "melee_cut": 8,
    "dodge": 2,
    "armor_bash": 2,
    "armor_cut": 4,
    "armor_fire": 2,
    "vision_day": 30,
    "harvest": "zombie",
    "special_attacks": [
      [ "STRETCH_ATTACK", 10 ],
      {
        "type": "bite",
        "cooldown": 15,
        "damage_max_instance": [
          { "damage_type": "bash", "amount": 10, "armor_multiplier": 0.4 },
          { "damage_type": "stab", "amount": 14, "armor_multiplier": 0.6 }
        ]
      }
    ],
    "death_drops": "SSmutant_drop",
    "upgrades": { "half_life": 10, "into_group": "GROUP_BOW_EXIOS" },
    "death_function": [ "NORMAL" ],
    "flags": [ "SEES", "HEARS", "SMELLS", "STUMBLES", "WARM", "FILTHY", "BASHES", "POISON", "NO_BREATHE", "REVIVES", "BLEED" ]
  },
  {
    "id": "mon_zedbow_exios_armed",
    "type": "MONSTER",
    "copy-from": "mon_zedbow_exios",
    "description": "A humanoid creature, with head and tail featuring a canine appearance. One of its hand altered into heaps of tentacle tipped with awkward bony blades. Clad in special suit of armor, it has an encrusted \"SS\" symbol on its chest.",
    "color": "green_white",
    "armor_bash": 30,
    "armor_cut": 22,
    "armor_stab": 26,
    "armor_fire": 10,
    "armor_acid": 10
  },
  {
    "id": "mon_zedbow_drexx",
    "type": "MONSTER",
    "name": "drexx",
    "description": "A large humanoid creature, with its hand morphed like that of a hammer. Made out of solidified bone, its momentum could do more than what is expected. It is wearing an experimental suit, denoting a state of progress.",
    "default_faction": "zombie",
    "species": [ "ZOMBIE", "HUMAN" ],
    "volume": "92500 ml",
    "weight": 120000,
    "hp": 180,
    "speed": 60,
    "material": [ "flesh" ],
    "symbol": "Z",
    "color": "light_red",
    "aggression": 100,
    "morale": 100,
    "melee_skill": 6,
    "melee_dice": 6,
    "melee_dice_sides": 8,
    "melee_cut": 0,
    "vision_day": 20,
    "harvest": "zombie",
    "special_attacks": [ [ "SMASH", 30 ] ],
    "death_drops": "SSmutant_drop",
    "upgrades": { "half_life": 10, "into_group": "GROUP_BOW_DREXX" },
    "death_function": [ "NORMAL" ],
    "flags": [ "SEES", "HEARS", "SMELLS", "STUMBLES", "WARM", "FILTHY", "BASHES", "POISON", "NO_BREATHE", "REVIVES" ]
  },
  {
    "id": "mon_zedbow_drexx_armed",
    "type": "MONSTER",
    "copy-from": "mon_zedbow_drexx",
    "description": "A large humanoid creature, with its hand morphed like that of a hammer. Made out of solidified bone, its momentum could do more than what is expected. Clad in special suit of armor, it has an encrusted \"SS\" symbol on its chest.",
    "color": "light_red_white",
    "armor_bash": 30,
    "armor_cut": 22,
    "armor_stab": 26,
    "armor_fire": 10,
    "armor_acid": 10
  },
  {
    "id": "mon_zedbow_epixo",
    "type": "MONSTER",
    "name": "epixo",
    "description": "A gigantic, morbidly deformed creature, vaguely a humanoid in appearance. with its bulging muscles and disastrous nature, its seeks wrath to the living. It is wearing a special experimental suit, denoting a state of progress.",
    "default_faction": "zombie",
    "species": [ "ZOMBIE", "HUMAN" ],
    "volume": "875000 ml",
    "weight": 200000,
    "hp": 435,
    "speed": 100,
    "material": [ "flesh" ],
    "symbol": "Z",
    "color": "red",
    "aggression": 100,
    "morale": 100,
    "melee_skill": 6,
    "melee_dice": 2,
    "melee_dice_sides": 6,
    "melee_cut": 6,
    "dodge": 3,
    "armor_bash": 2,
    "armor_cut": 4,
    "armor_fire": 2,
    "harvest": "zombie",
    "special_attacks": [
      [ "LUNGE", 15 ],
      {
        "type": "bite",
        "cooldown": 5,
        "min_mul": 0.2,
        "max_mul": 0.6,
        "no_infection_chance": 75,
        "damage_max_instance": [
          { "damage_type": "cut", "amount": 4, "armor_multiplier": 0.2 },
          { "damage_type": "stab", "amount": 8, "armor_multiplier": 0.4 }
        ]
      }
    ],
    "death_drops": "SSmutant_drop",
    "upgrades": { "half_life": 10, "into_group": "GROUP_BOW_EPIXO" },
    "death_function": [ "NORMAL" ],
    "flags": [ "SEES", "HEARS", "SMELLS", "STUMBLES", "WARM", "FILTHY", "BASHES", "POISON", "NO_BREATHE", "REVIVES", "BLEED" ]
  },
  {
    "id": "mon_zedbow_epixo_armed",
    "type": "MONSTER",
    "copy-from": "mon_zedbow_epixo",
    "description": "A gigantic, morbidly deformed creature, vaguely a humanoid in appearance. with its bulging muscles and disastrous nature, its seeks wrath to the living. Clad in special suit of armor, it has an encrusted \"SS\" symbol on its chest.",
    "color": "red_white",
    "armor_bash": 30,
    "armor_cut": 22,
    "armor_stab": 26,
    "armor_fire": 10,
    "armor_acid": 10
  }
]
