[
  {
    "note": "Monsters that doesn't spawn directly in cities and has no upgrade paths (except the stray zombie). Rarely spawns in the wilds, in some parts of cities and/or other special conditions.",
    "id": "mon_zombie_nautilus",
    "looks_like": "mon_zombie_mancroc",
    "type": "MONSTER",
    "name": "nautilus",
    "description": "A morbidly large zombie heavily mutated from long exposure to irradiated waters, which altered most of its body parts into something, like that of a mollusk. Sluggish, yet full of surprises.",
    "default_faction": "zombie",
    "species": [ "ZOMBIE", "SECROZED_2" ],
    "volume": "92500 ml",
    "weight": 120000,
    "hp": 555,
    "speed": 40,
    "material": [ "flesh" ],
    "symbol": "⛣",
    "color": "i_cyan",
    "aggression": 100,
    "morale": 100,
    "melee_skill": 8,
    "melee_dice": 4,
    "melee_dice_sides": 8,
    "melee_cut": 0,
    "attack_cost": 325,
    "harvest": "zombie",
    "armor_bash": 14,
    "armor_cut": 4,
    "armor_stab": 4,
    "vision_day": 10,
    "vision_night": 18,
    "special_attacks": [
      {
        "type": "spell",
        "spell_data": { "id": "mon_zombie_nautilus_sewave" },
        "cooldown": 26,
        "monster_message": "<color_yellow>%1$s submerges and generates a seismic wave towards %3$s</color>!"
      }
    ],
    "death_function": [ "NORMAL" ],
    "flags": [
      "HEARS",
      "SEES",
      "SMELLS",
      "WARM",
      "AQUATIC",
      "GRABS",
      "BASHES",
      "REVIVES",
      "LOUDMOVES",
      "NOHEAD",
      "SWIMS",
      "STUMBLES"
    ]
  },
  {
    "id": "mon_zombie_nautilus_pedo",
    "looks_like": "mon_zombieworm_noxeater",
    "type": "MONSTER",
    "name": "nautilus torpedo",
    "description": "A squidling, or some sort of maggot, but with tentacles. Tiny, feeble and short-lived, it seeks a lively host on its ways to attach to.",
    "default_faction": "zombie",
    "species": [ "ZOMBIE" ],
    "volume": "750 ml",
    "weight": 1000,
    "hp": 18,
    "speed": 80,
    "material": [ "flesh" ],
    "symbol": "⛢",
    "color": "blue",
    "aggression": 100,
    "morale": 100,
    "melee_skill": 1,
    "melee_dice": 1,
    "melee_dice_sides": 1,
    "melee_cut": 0,
    "harvest": "exempt",
    "armor_bash": 2,
    "vision_day": 12,
    "vision_night": 20,
    "special_attacks": [
      {
        "type": "spell",
        "spell_data": { "id": "mon_zombie_nautilus_pedo_restraint_target" },
        "cooldown": 1,
        "monster_message": "<color_yellow>%1$s latches onto %3$s!</color>"
      }
    ],
    "death_function": [ "MELT" ],
    "flags": [
      "HEARS",
      "SEES",
      "SMELLS",
      "WARM",
      "AQUATIC",
      "GRABS",
      "BASHES",
      "NOHEAD",
      "SWIMS",
      "LARVA",
      "PACIFIST",
      "HARDTOSHOOT"
    ]
  },
  {
    "note": "Support-type zed that uses an aura to inflict debuffs.",
    "id": "mon_zombie_disser",
    "type": "MONSTER",
    "looks_like": "mon_zombie_shrieker",
    "name": "dissonant screamer",
    "description": "A skinny tall zombie with swollen mouth and elongated jaws, seeping with black ooze. Its harsh, high-pitched voice makes it surprisingly dangerous.",
    "default_faction": "zombie",
    "species": [ "ZOMBIE", "SECROZED_1" ],
    "volume": "62500 ml",
    "weight": 81500,
    "harvest": "zombie",
    "hp": 70,
    "speed": 60,
    "material": [ "flesh" ],
    "emit_fields": [ "secro_shout", "secro_scream" ],
    "symbol": "♭",
    "color": "magenta_red",
    "aggression": 100,
    "morale": 100,
    "melee_skill": 2,
    "melee_dice": 2,
    "melee_dice_sides": 2,
    "melee_cut": 0,
    "armor_bash": 1,
    "special_attacks": [ [ "SHRIEK_ALERT", 8 ] ],
    "death_drops": "default_zombie_death_drops",
    "death_function": [ "NORMAL" ],
    "flags": [
      "SEES",
      "SMELLS",
      "STUMBLES",
      "WARM",
      "BASHES",
      "GROUP_BASH",
      "POISON",
      "NO_BREATHE",
      "REVIVES",
      "PUSH_MON",
      "FILTHY"
    ]
  },
  {
    "note": "Summoner-type electric zed. Uses an aura to spawn minions.",
    "id": "mon_zombie_jolt",
    "type": "MONSTER",
    "name": "jolt",
    "description": "A pale corpse, obscure to its appearance. Flowing through its body is an immensive electric current.",
    "default_faction": "zombie",
    "bodytype": "human",
    "species": [ "ZOMBIE", "SECROZED_2" ],
    "volume": "62500 ml",
    "weight": 81500,
    "hp": 185,
    "speed": 30,
    "material": [ "flesh" ],
    "symbol": "⛤",
    "color": "cyan_white",
    "aggression": 100,
    "morale": 100,
    "melee_skill": 4,
    "melee_dice": 1,
    "melee_dice_sides": 2,
    "melee_damage": [ { "damage_type": "electric", "amount": 5 } ],
    "vision_night": 2,
    "luminance": 20,
    "harvest": "CBM_SUBS",
    "emit_fields": [ "emit_jolt_ing", "emit_jolt_blanket" ],
    "special_when_hit": [ "ZAPBACK", 100 ],
    "death_drops": "default_zombie_death_drops",
    "death_function": [ "NORMAL" ],
    "flags": [ "SEES", "HEARS", "WARM", "POISON", "ELECTRIC", "NO_BREATHE", "REVIVES", "ELECTRIC_FIELD", "FILTHY" ]
  },
  {
    "id": "mon_zombie_jolt_bolt_smol",
    "type": "MONSTER",
    "name": "bolt",
    "description": "An electric crackling ball, floating freely in the air.",
    "default_faction": "zombie",
    "bodytype": "human",
    "species": [ "UNKNOWN" ],
    "volume": "0 ml",
    "weight": 0,
    "hp": 4,
    "speed": 105,
    "material": [ "secro_null" ],
    "symbol": "○",
    "color": "cyan",
    "aggression": 100,
    "morale": 100,
    "phase": "GAS",
    "melee_skill": 1,
    "melee_dice": 1,
    "melee_dice_sides": 1,
    "vision_night": 11,
    "dodge": 6,
    "vision_day": 11,
    "luminance": 4,
    "emit_fields": [ "emit_bolt_crackle_smol" ],
    "special_attacks": [ [ "DISAPPEAR", 75 ] ],
    "special_when_hit": [ "ZAPBACK", 20 ],
    "death_function": [ "DISINTEGRATE" ],
    "flags": [ "SEES", "PACIFIST", "ACIDPROOF", "ELECTRIC", "NO_BREATHE", "FLIES" ]
  },
  {
    "id": "mon_zombie_jolt_bolt_big",
    "type": "MONSTER",
    "name": "bolt",
    "description": "A large, electric crackling ball, floating freely in the air.",
    "default_faction": "zombie",
    "bodytype": "human",
    "species": [ "UNKNOWN" ],
    "volume": "0 ml",
    "weight": 0,
    "hp": 8,
    "diff": 10,
    "speed": 90,
    "material": [ "secro_null" ],
    "symbol": "◯",
    "color": "light_blue",
    "aggression": 100,
    "morale": 100,
    "melee_skill": 1,
    "melee_dice": 1,
    "melee_dice_sides": 1,
    "vision_night": 15,
    "vision_day": 15,
    "luminance": 12,
    "dodge": 6,
    "phase": "GAS",
    "emit_fields": [ "emit_bolt_crackle_big" ],
    "special_attacks": [ [ "DISAPPEAR", 150 ] ],
    "special_when_hit": [ "ZAPBACK", 50 ],
    "death_function": [ "DISINTEGRATE" ],
    "flags": [ "SEES", "PACIFIST", "ACIDPROOF", "ELECTRIC", "NO_BREATHE", "FLIES" ]
  },
  {
    "note": "Aggro-type zed that morphs into a lethal counterpart. It uses a spell for this so it might not work, especially when in crowded surroundings.",
    "id": "mon_zombie_fake_ichorus",
    "type": "MONSTER",
    "name": "zombie",
    "description": "A human body, swaying as it moves, an unstoppable rage visible in its oily red eyes.",
    "default_faction": "zombie",
    "bodytype": "human",
    "species": [ "ZOMBIE", "SECROZED_1" ],
    "volume": "62500 ml",
    "weight": 81500,
    "hp": 80,
    "speed": 70,
    "material": [ "flesh" ],
    "symbol": "Z",
    "color": "light_green",
    "aggression": 100,
    "morale": 100,
    "melee_skill": 2,
    "melee_dice": 2,
    "melee_dice_sides": 2,
    "melee_cut": 0,
    "vision_day": 4,
    "vision_night": 4,
    "harvest": "zombie",
    "special_attacks": [
      { "type": "bite", "cooldown": 5 },
      [ "GRAB", 7 ],
      [ "scratch", 20 ],
      {
        "type": "spell",
        "spell_data": { "id": "mon_zombie_fake_poly_ichorus_target" },
        "cooldown": 0,
        "monster_message": "<color_red>%1$s ruptures into an ichorus!</color>"
      }
    ],
    "death_function": [ "MELT" ],
    "flags": [
      "SEES",
      "HEARS",
      "SMELLS",
      "STUMBLES",
      "WARM",
      "BASHES",
      "GROUP_BASH",
      "POISON",
      "BLEED",
      "NO_BREATHE",
      "REVIVES",
      "PUSH_MON",
      "FILTHY"
    ]
  },
  {
    "id": "mon_zombie_ichorus",
    "type": "MONSTER",
    "name": "ichorus",
    "description": "Heaps of greenish flesh has replaced the head under its undulating bulbous torso. Slow and is heavily hampered, yet it opposes a big threat for its corrosive bodily fluids.",
    "default_faction": "zombie",
    "bodytype": "human",
    "species": [ "ZOMBIE", "SECROZED_2" ],
    "volume": "92500 ml",
    "weight": 120000,
    "hp": 320,
    "speed": 65,
    "material": [ "flesh" ],
    "symbol": "⚳",
    "color": "green",
    "aggression": 100,
    "morale": 100,
    "melee_skill": 6,
    "melee_dice": 6,
    "melee_dice_sides": 6,
    "melee_cut": 0,
    "armor_bash": 10,
    "armor_cut": 5,
    "armor_stab": 3,
    "dodge": 1,
    "attack_cost": 220,
    "melee_damage": [ { "damage_type": "acid", "amount": 6 } ],
    "harvest": "zombie",
    "special_attacks": [ [ "ACID", 20 ] ],
    "death_drops": "default_zombie_death_drops",
    "death_function": [ "NORMAL", "ACID" ],
    "flags": [
      "SEES",
      "HEARS",
      "SMELLS",
      "STUMBLES",
      "WARM",
      "BASHES",
      "GROUP_BASH",
      "POISON",
      "ACIDPROOF",
      "ACID_BLOOD",
      "NO_BREATHE",
      "REVIVES",
      "PUSH_MON",
      "FILTHY"
    ]
  },
  {
    "id": "mon_zombie_fake_psyrus",
    "type": "MONSTER",
    "name": "zombie",
    "description": "A human body, swaying as it moves, an unstoppable rage visible in its oily red eyes.",
    "default_faction": "zombie",
    "bodytype": "human",
    "species": [ "ZOMBIE", "SECROZED_1" ],
    "volume": "62500 ml",
    "weight": 81500,
    "hp": 80,
    "speed": 70,
    "material": [ "flesh" ],
    "symbol": "Z",
    "color": "light_green",
    "aggression": 100,
    "morale": 100,
    "melee_skill": 2,
    "melee_dice": 2,
    "melee_dice_sides": 2,
    "melee_cut": 0,
    "vision_day": 4,
    "vision_night": 4,
    "harvest": "zombie",
    "special_attacks": [
      { "type": "bite", "cooldown": 5 },
      [ "GRAB", 7 ],
      [ "scratch", 20 ],
      {
        "type": "spell",
        "spell_data": { "id": "mon_zombie_fake_poly_psyrus_target" },
        "cooldown": 0,
        "monster_message": "<color_red>%1$s ruptures into a psyrus!</color>"
      }
    ],
    "death_function": [ "MELT" ],
    "flags": [
      "SEES",
      "HEARS",
      "SMELLS",
      "STUMBLES",
      "WARM",
      "BASHES",
      "GROUP_BASH",
      "POISON",
      "BLEED",
      "NO_BREATHE",
      "REVIVES",
      "PUSH_MON",
      "FILTHY"
    ]
  },
  {
    "id": "mon_zombie_psyrus",
    "type": "MONSTER",
    "name": "psyrus",
    "description": "A large, wickedly vile corpse, with writhing tendrils under its foul mouth. Veins glow brighter as its raging desire for flesh sets it ablazed.",
    "default_faction": "zombie",
    "bodytype": "human",
    "species": [ "ZOMBIE", "SECROZED_2" ],
    "volume": "92500 ml",
    "weight": 120000,
    "hp": 205,
    "speed": 95,
    "material": [ "flesh" ],
    "symbol": "⚵",
    "color": "light_red",
    "aggression": 100,
    "morale": 100,
    "melee_skill": 8,
    "melee_dice": 2,
    "melee_dice_sides": 6,
    "melee_cut": 6,
    "armor_bash": 8,
    "armor_cut": 4,
    "armor_stab": 4,
    "dodge": 3,
    "attack_cost": 180,
    "harvest": "zombie",
    "special_attacks": [ { "type": "bite", "cooldown": 4 }, [ "GRAB", 4 ], [ "scratch", 4 ] ],
    "death_drops": "default_zombie_death_drops",
    "death_function": [ "NORMAL" ],
    "flags": [
      "SEES",
      "HEARS",
      "SMELLS",
      "STUMBLES",
      "WARM",
      "BASHES",
      "GROUP_BASH",
      "POISON",
      "BLEED",
      "NO_BREATHE",
      "REVIVES",
      "PUSH_VEH",
      "PUSH_MON",
      "FILTHY"
    ]
  },
  {
    "note": "Specialized summoner. Slim chance to call a zed of random type using its aura, but becomes frequent when a target is in sight.",
    "id": "mon_zombie_uruxis",
    "type": "MONSTER",
    "name": "uruxis",
    "description": "Shrouded in ominous black mist, this corpse's horrid visage strikes fear to the minds of the conscious ones.",
    "default_faction": "zombie",
    "bodytype": "human",
    "species": [ "ZOMBIE", "SECROZED_2" ],
    "diff": 20,
    "volume": "62500 ml",
    "weight": 81500,
    "hp": 205,
    "speed": 70,
    "material": [ "flesh" ],
    "symbol": "☥",
    "color": "dark_gray_white",
    "aggression": 5,
    "morale": 100,
    "emit_fields": [ "emit_urixis_aura" ],
    "melee_skill": 6,
    "melee_dice": 2,
    "melee_dice_sides": 6,
    "melee_cut": 0,
    "dodge": 3,
    "armor_bash": 6,
    "armor_cut": 2,
    "vision_day": 24,
    "vision_night": 12,
    "harvest": "zombie",
    "path_settings": { "max_dist": 10 },
    "special_attacks": [
      [ "UPGRADE", 48 ],
      {
        "type": "spell",
        "spell_data": { "id": "mon_zombie_uruxis_spawn_target" },
        "cooldown": 24,
        "monster_message": "<color_yellow>%1$s curses the surrounding area as it enshrouds itself in shadows!</color>"
      }
    ],
    "death_drops": "default_zombie_death_drops",
    "death_function": [ "NORMAL" ],
    "flags": [
      "SEES",
      "HEARS",
      "SMELLS",
      "WARM",
      "BASHES",
      "POISON",
      "NO_BREATHE",
      "REVIVES",
      "PATH_AVOID_DANGER_2",
      "PRIORITIZE_TARGETS",
      "FILTHY"
    ]
  },
  {
    "note": "Support-type zed. Becomes a worn item, bringing movement debuffs that lasts until it is removed. Its ability only affects the player, and nothing else. If it does the ability on something, the item is transferred onto you, no matter how far you are.",
    "id": "mon_zombie_cling",
    "type": "MONSTER",
    "name": "clinger",
    "description": "Covered in foul stench, this ambiguously dreadful 4-legged creature dangles as it moves, grasping and gnawing anything in its surroundings.",
    "default_faction": "zombie",
    "bodytype": "dog",
    "species": [ "ZOMBIE", "SECROZED_1" ],
    "volume": "600 ml",
    "weight": 1300,
    "hp": 10,
    "speed": 45,
    "material": [ "flesh" ],
    "symbol": "⨨",
    "color": "yellow",
    "aggression": 0,
    "morale": 100,
    "melee_skill": 1,
    "melee_dice": 1,
    "melee_dice_sides": 1,
    "melee_cut": 1,
    "dodge": 3,
    "vision_day": 16,
    "vision_night": 6,
    "harvest": "zombie",
    "anger_triggers": [ "PLAYER_CLOSE" ],
    "special_attacks": [
      {
        "type": "spell",
        "spell_data": { "id": "mon_zombie_cling_cling" },
        "cooldown": 111,
        "monster_message": "<color_yellow>%1$s lunges at %3$s!</color>"
      }
    ],
    "death_function": [ "DISINTEGRATE" ],
    "flags": [ "SEES", "HEARS", "SMELLS", "WARM", "POISON", "NO_BREATHE", "REVIVES", "HARDTOSHOOT" ]
  },
  {
    "note": "Aggro-type zed. Like a shady zombie, but much stronger and tougher with chained abilities.",
    "id": "mon_zombie_nocturne",
    "type": "MONSTER",
    "name": "nocturne",
    "description": "Concealed in otherworldly shadows, this vicious corpse brings terror to its unfortunate prey. Sets of razor nails glow faintly in the darkness, and baneful eyes affixed to the void.",
    "default_faction": "zombie",
    "bodytype": "human",
    "species": [ "ZOMBIE", "SECROZED_3" ],
    "volume": "62500 ml",
    "weight": 81500,
    "hp": 230,
    "speed": 80,
    "material": [ "flesh", "bone" ],
    "symbol": "⫝",
    "color": "dark_gray",
    "aggression": 100,
    "morale": 100,
    "melee_skill": 8,
    "melee_dice": 2,
    "melee_dice_sides": 6,
    "melee_cut": 8,
    "armor_pierce": 8,
    "dodge": 3,
    "armor_bash": 3,
    "armor_cut": 5,
    "vision_day": 6,
    "vision_night": 26,
    "harvest": "zombie",
    "special_attacks": [
      {
        "type": "spell",
        "spell_data": { "id": "mon_zombie_nocturne_spull_target" },
        "cooldown": 72,
        "monster_message": "<color_yellow>Errant shadows emerges from %1$s as they perform an onslaught!</color>"
      },
      { "id": "scratch", "damage_max_instance": [ { "damage_type": "cut", "amount": 20, "armor_multiplier": 1.22 } ] }
    ],
    "regenerates": 3,
    "regenerates_in_dark": true,
    "death_drops": "default_zombie_death_drops",
    "death_function": [ "NORMAL" ],
    "flags": [
      "SEES",
      "SMELLS",
      "HEARS",
      "STUMBLES",
      "WARM",
      "BASHES",
      "BLEED",
      "NIGHT_INVISIBILITY",
      "POISON",
      "NO_BREATHE",
      "REVIVES",
      "HARDTOSHOOT",
      "FILTHY",
      "SUNDEATH"
    ]
  },
  {
    "note": "Support-type zed that uses an aura to cause fear to the targets.",
    "id": "mon_zombie_nix",
    "type": "MONSTER",
    "name": "nix",
    "description": "A hollow corpse, suffering from severe deterioration of flesh that made it appear completely skeletal. Its ghastly visage is uncomfortable to the sight, and being near it is the worst than most.",
    "default_faction": "zombie",
    "bodytype": "human",
    "species": [ "ZOMBIE", "SECROZED_2" ],
    "volume": "62500 ml",
    "weight": 81500,
    "hp": 50,
    "diff": 10,
    "speed": 45,
    "material": [ "flesh", "bone" ],
    "symbol": "⚲",
    "color": "dark_gray_yellow",
    "aggression": 100,
    "morale": 100,
    "melee_skill": 2,
    "melee_dice": 0,
    "melee_dice_sides": 2,
    "melee_cut": 2,
    "dodge": 1,
    "armor_bash": 3,
    "armor_cut": 23,
    "vision_day": 20,
    "vision_night": 3,
    "harvest": "mr_bones",
    "emit_fields": [ "emit_nix_pressence" ],
    "special_attacks": [ [ "FEAR_PARALYZE", 12 ] ],
    "death_drops": "default_zombie_death_drops",
    "death_function": [ "NORMAL" ],
    "flags": [ "SEES", "SMELLS", "HEARS", "STUMBLES", "WARM", "BASHES", "POISON", "NO_BREATHE", "REVIVES", "HARDTOSHOOT", "FILTHY" ]
  },
  {
    "note": "Support-type zed aberration that heals nearby allies. It uses its own health to perform healing spells.",
    "id": "mon_zombie_fleshmonger",
    "type": "MONSTER",
    "name": "fleshmonger",
    "description": "A gigantic mound of putrid flesh, with assortments of limbs and writhing tendrils reemerging back and forth. Dark, oozing pus constantly erupts in its swollen body.",
    "default_faction": "zombie",
    "bodytype": "migo",
    "species": [ "ZOMBIE", "SECROZED_3", "ABERRATION" ],
    "volume": "1320 L",
    "weight": 2430000,
    "hp": 2120,
    "speed": 25,
    "material": [ "flesh", "bone" ],
    "symbol": "♺",
    "color": "magenta_yellow",
    "aggression": 100,
    "morale": 100,
    "attack_cost": 1525,
    "melee_skill": 10,
    "melee_dice": 8,
    "melee_dice_sides": 8,
    "melee_cut": 1,
    "armor_bash": 30,
    "armor_cut": 2,
    "vision_day": 22,
    "vision_night": 12,
    "harvest": "zombie",
    "emit_fields": [ "emit_down_immunity" ],
    "special_attacks": [
      {
        "type": "spell",
        "spell_data": { "id": "mon_zombie_fleshmonger_reflesh_target" },
        "cooldown": 18,
        "monster_message": "<color_yellow>%1$s pierces the nearby monsters!</color>"
      }
    ],
    "regenerates": 20,
    "death_function": [ "SPLATTER" ],
    "flags": [
      "SEES",
      "SMELLS",
      "HEARS",
      "SWARMS",
      "STUMBLES",
      "WARM",
      "POISON",
      "NO_BREATHE",
      "LOUDMOVES",
      "NOHEAD",
      "DESTROYS",
      "PUSH_MON",
      "PUSH_VEH",
      "PLASTIC",
      "STUN_IMMUNE"
    ]
  },
  {
    "note": "Summoner-type monster whose purpose is to send out minions using field emissions. Its basically a 3-tile wide monster: the center is its hitbox and the adjacent `mouth` causes damage when a creature steps on it.",
    "id": "mon_zombie_gorepit",
    "type": "MONSTER",
    "name": "gorepit",
    "description": "An eerie pit composed mostly of decaying flesh, with a distinctive huge gap revealing thousands of bones and other organic materials aligned in its wall. Thick, sinewy webbing supports a central bulbous orb that beats at a steady rate.",
    "default_faction": "zombie",
    "species": [ "ZOMBIE", "SECROZED_ULTIMATE" ],
    "diff": 50,
    "volume": "69420 L",
    "weight": 6669420,
    "hp": 2620,
    "speed": 50,
    "material": [ "flesh", "bone" ],
    "symbol": "☀",
    "color": "red",
    "aggression": 100,
    "morale": 100,
    "emit_fields": [ "emit_down_immunity", "emit_gorepit_main", "emit_gorepit_edge", "emit_gorepit_passive_summon" ],
    "melee_skill": 0,
    "melee_dice": 0,
    "melee_dice_sides": 0,
    "melee_cut": 0,
    "armor_bash": 1,
    "armor_stab": 2,
    "armor_cut": 4,
    "vision_day": 30,
    "vision_night": 6,
    "harvest": "exempt",
    "special_attacks": [
      {
        "type": "spell",
        "spell_data": { "id": "mon_zombie_gorepit_spawn_target" },
        "cooldown": 38,
        "monster_message": "<color_red>You feel the ground shaking as it originates from %1$s!</color>\n<color_yellow>%1$s sends a defeaning screech!</color>"
      }
    ],
    "death_function": [ "DISINTEGRATE" ],
    "flags": [ "SEES", "WARM", "IMMOBILE", "POISON", "NO_BREATHE", "PRIORITIZE_TARGETS", "STUN_IMMUNE", "FLIES" ]
  },
  {
    "note": "Gorepit's main damage dealer.",
    "id": "mon_zombie_gorepit_tent",
    "type": "MONSTER",
    "name": "giant tendril",
    "description": "A stout, meandering tendril, consisting of flesh and bones. Its vein glows in sync with the orb.",
    "default_faction": "zombie",
    "species": [ "ZOMBIE" ],
    "volume": "420 L",
    "weight": 690000,
    "hp": 210,
    "speed": 50,
    "diff": 100,
    "material": [ "flesh", "bone" ],
    "symbol": "?",
    "color": "red",
    "emit_fields": [ "emit_down_immunity" ],
    "aggression": 100,
    "morale": 100,
    "attack_cost": 575,
    "melee_skill": 8,
    "melee_dice": 4,
    "melee_dice_sides": 6,
    "melee_cut": 0,
    "armor_bash": 1,
    "armor_stab": 1,
    "armor_cut": 2,
    "vision_day": 13,
    "vision_night": 13,
    "harvest": "exempt",
    "special_attacks": [
      {
        "type": "spell",
        "spell_data": { "id": "mon_zombie_gorepit_tent_target_random" },
        "cooldown": 14,
        "monster_message": "<color_yellow>%1$s slams at %3$s!</color>"
      },
      [ "DISAPPEAR", 250 ]
    ],
    "death_function": [ "DISINTEGRATE" ],
    "flags": [ "SEES", "WARM", "IMMOBILE", "POISON", "NO_BREATHE", "NOHEAD", "STUN_IMMUNE", "PRIORITIZE_TARGETS" ]
  },
  {
    "note": "Aggro-type zed, both durable and lethal. Unlike other zed mutants, this one's very dependant on healing for itself whilst dealing damage, in addition to its unique debuff-inflicting acid.",
    "id": "mon_zombie_cordev",
    "type": "MONSTER",
    "name": "corrupted devourer",
    "description": "A colossal, humanoid corpse, distinct to its seemingly volatile, torsal lump, a headless top and a set of arm biters with swollen eyes united into them. Drools corrupted acid, its great desire for flesh has sent its hunger beyond limitations, thus reaping and feasting upon its fellow undeads has became its norm.",
    "default_faction": "zombie",
    "bodytype": "human",
    "species": [ "ZOMBIE", "SECROZED_3", "ABERRATION" ],
    "volume": "970 L",
    "weight": 1125000,
    "hp": 1325,
    "speed": 65,
    "material": [ "flesh", "bone" ],
    "symbol": "⨊",
    "color": "light_red",
    "aggression": 100,
    "morale": 100,
    "attack_cost": 225,
    "melee_skill": 10,
    "melee_dice": 4,
    "melee_dice_sides": 8,
    "melee_cut": 6,
    "armor_bash": 20,
    "armor_cut": 13,
    "armor_stab": 15,
    "vision_day": 15,
    "vision_night": 5,
    "harvest": "zombie",
    "special_attacks": [
      {
        "type": "spell",
        "spell_data": { "id": "mon_zombie_cordev_target_random" },
        "cooldown": 9,
        "monster_message": "<color_yellow>%1$s's sight locks onto %3$s...</color>"
      },
      {
        "cooldown": 15,
        "damage_max_instance": [
          { "amount": 12, "armor_multiplier": 0.3, "armor_penetration": 10, "damage_type": "bash" },
          { "amount": 12, "armor_multiplier": 0.6, "armor_penetration": 20, "damage_type": "stab" }
        ],
        "effects": [ { "bp": "ARM_L", "duration": 30, "id": "grabbed" }, { "bp": "ARM_R", "duration": 30, "id": "grabbed" } ],
        "type": "bite"
      }
    ],
    "death_function": [ "NORMAL" ],
    "flags": [
      "SEES",
      "SMELLS",
      "STUMBLES",
      "WARM",
      "POISON",
      "NO_BREATHE",
      "LOUDMOVES",
      "ACIDPROOF",
      "NOHEAD",
      "DESTROYS",
      "PUSH_MON",
      "ATTACKMON",
      "PUSH_VEH",
      "REVIVES"
    ]
  },
  {
    "note": "Aggro-type zed aberration, extremely tough, durable and full of deadly ranged capabilities, unique to its drastic movement speed gain as long as it sees a target. One of the true end-game monsters.",
    "id": "mon_zombie_fleshysnaky",
    "type": "MONSTER",
    "name": "flesilisk",
    "description": "A massive conglomeration of thick, gangrenous flesh, forming a snake-like figurine with its head resembling a dragon. Terrifyingly disastrous, its entire body is covered in bony scales and lies under it are spikes of similar material. Yet its great lack of intuitive perception causes it to easily become enraged by the time it senses a prey.",
    "default_faction": "zombie",
    "bodytype": "snake",
    "species": [ "ZOMBIE", "SECROZED_ULTIMATE", "ABERRATION" ],
    "volume": "2680 L",
    "weight": 3300500,
    "hp": 2160,
    "speed": 40,
    "diff": 100,
    "material": [ "flesh", "bone" ],
    "symbol": "⚶",
    "emit_fields": [ "emit_down_immunity" ],
    "color": "magenta",
    "aggression": 100,
    "morale": 100,
    "attack_cost": 675,
    "melee_skill": 10,
    "melee_dice": 8,
    "melee_dice_sides": 10,
    "melee_cut": 6,
    "armor_bash": 30,
    "armor_cut": 34,
    "armor_stab": 26,
    "vision_day": 23,
    "vision_night": 3,
    "harvest": "zombie",
    "special_attacks": [
      {
        "type": "spell",
        "spell_data": { "id": "mon_zombie_fleshysnaky_target" },
        "cooldown": 21,
        "monster_message": "<color_yellow>%1$s's rage intensifies as it glares at %3$s!</color>"
      },
      {
        "cooldown": 31,
        "damage_max_instance": [
          { "amount": 32, "armor_penetration": 5, "damage_type": "bash" },
          { "amount": 16, "armor_penetration": 30, "damage_type": "stab" }
        ],
        "type": "bite"
      }
    ],
    "death_function": [ "NORMAL" ],
    "flags": [
      "SEES",
      "SMELLS",
      "STUMBLES",
      "WARM",
      "POISON",
      "NO_BREATHE",
      "LOUDMOVES",
      "NOHEAD",
      "DESTROYS",
      "PUSH_MON",
      "ATTACKMON",
      "PUSH_VEH",
      "STUN_IMMUNE",
      "REVIVES"
    ]
  },
  {
    "note": "Support-type zed who weakens the target by applying debuffs that intensifies for as long as it acquire LOS, while randomly strengthens nearby allies. Feeble, yet a great nuisance behind its meat wall. One of the true end-game monsters.",
    "id": "mon_zombie_akin",
    "type": "MONSTER",
    "name": "akin",
    "description": "A grotesquely baneful corpse, resonating pure dread in the air as it eagerly sways along its path. Visceral tendrils slither freely in its vicinity, acting like guides in sensing the unfortunate host.",
    "default_faction": "zombie",
    "bodytype": "human",
    "species": [ "ZOMBIE", "SECROZED_3" ],
    "volume": "62500 ml",
    "weight": 81500,
    "hp": 130,
    "speed": 60,
    "diff": 100,
    "material": [ "flesh" ],
    "symbol": "⚨",
    "color": "dark_gray",
    "aggression": 100,
    "morale": 100,
    "melee_skill": 4,
    "melee_dice": 1,
    "melee_dice_sides": 2,
    "melee_cut": 1,
    "armor_bash": 3,
    "armor_cut": 1,
    "vision_day": 10,
    "vision_night": 7,
    "harvest": "zombie",
    "special_attacks": [
      {
        "type": "spell",
        "spell_data": { "id": "mon_zombie_akin_target" },
        "cooldown": 5,
        "monster_message": "<color_yellow>%1$s's visceral tendril undulates while it is attached to %3$s!</color>"
      }
    ],
    "death_drops": "default_zombie_death_drops",
    "death_function": [ "NORMAL" ],
    "flags": [ "SEES", "SMELLS", "KEENNOSE", "HEARS", "STUMBLES", "WARM", "POISON", "NO_BREATHE", "REVIVES", "FILTHY" ]
  },
  {
    "note": "Summoner-type monster that excels at quickly sending out agile minions. One of the true end-game monsters.",
    "id": "mon_zombie_equinox",
    "type": "MONSTER",
    "name": "equinox",
    "description": "An overwhelming mass of flesh resembling a brain, constantly excreting vaporized poison gas originating from its protruding shroom-like outgrowths. Large, hollow gaps reveal nothing but shady gloom. However, when observed closely, harsh screeches are heard indistinctly.",
    "default_faction": "zombie",
    "species": [ "ZOMBIE", "SECROZED_ULTIMATE", "ABERRATION" ],
    "bodytype": "blob",
    "diff": 100,
    "volume": "5940 L",
    "weight": 3228500,
    "hp": 3475,
    "speed": 50,
    "material": [ "flesh" ],
    "symbol": "❄",
    "color": "red",
    "aggression": 100,
    "morale": 100,
    "emit_fields": [
      "emit_down_immunity",
      "emit_equinox_toxic_weak",
      "emit_equinox_toxic_normal",
      "emit_equinox_toxic_strong",
      "emit_equinox_para"
    ],
    "melee_skill": 0,
    "melee_dice": 0,
    "melee_dice_sides": 0,
    "melee_cut": 0,
    "armor_bash": 22,
    "armor_stab": 2,
    "armor_cut": 3,
    "vision_day": 40,
    "vision_night": 12,
    "special_attacks": [
      {
        "type": "spell",
        "spell_data": { "id": "mon_zombie_equinox_target" },
        "cooldown": 33,
        "monster_message": "<color_yellow>Twisted abominations starts to crawl out of %1$s!</color>"
      }
    ],
    "harvest": "zombie",
    "death_function": [ "SPLATTER" ],
    "flags": [ "SEES", "WARM", "IMMOBILE", "NOHEAD", "POISON", "STUN_IMMUNE", "NO_BREATHE" ]
  },
  {
    "note": "Four types of crawlies the equinox will actively spawns. These crawlies are vulnerable, yet a great threat to their paralizing debuffs",
    "id": "mon_zombie_equinox_necros",
    "type": "MONSTER",
    "name": "necros",
    "description": "A mutated lump of necrotic flesh, horribly twisted into a spindy creature. Its limbs are tipped with a neurotoxic substance that reacts for almost instantly upon contact with the air. ",
    "default_faction": "zombie",
    "bodytype": "spider",
    "diff": 5,
    "species": [ "ZOMBIE", "ABERRATION" ],
    "volume": "30000 ml",
    "weight": 40750,
    "hp": 35,
    "speed": 100,
    "material": [ "flesh", "bone" ],
    "symbol": "⨯",
    "color": "light_red",
    "aggression": 100,
    "morale": 100,
    "emit_fields": [ "emit_equinox_necros_para" ],
    "attack_effs": [ { "id": "secro_necros_para", "duration": 5, "bp": "TORSO" } ],
    "melee_skill": 6,
    "melee_dice": 1,
    "melee_dice_sides": 2,
    "melee_cut": 4,
    "armor_bash": 2,
    "armor_cut": 1,
    "dodge": 2,
    "vision_day": 24,
    "vision_night": 3,
    "harvest": "exempt",
    "death_function": [ "MELT" ],
    "flags": [ "SEES", "CLIMBS", "WARM", "NOHEAD", "POISON", "NO_BREATHE" ]
  },
  {
    "id": "mon_zombie_equinox_necros_stab",
    "type": "MONSTER",
    "name": "necros impaler",
    "description": "A mutated lump of necrotic flesh, horribly twisted into a spindy creature. A long, thick strand of contorted tissue protrudes from a gap you can only tell is its mouth. By the end of its lasher secretes a concentrated toxin.",
    "default_faction": "zombie",
    "bodytype": "spider",
    "diff": 10,
    "species": [ "ZOMBIE", "ABERRATION" ],
    "volume": "30000 ml",
    "weight": 40750,
    "hp": 40,
    "speed": 95,
    "material": [ "flesh", "bone" ],
    "symbol": "⨰",
    "color": "light_red",
    "aggression": 100,
    "morale": 100,
    "attack_effs": [ { "id": "secro_necros_para", "duration": 10, "bp": "TORSO" } ],
    "melee_damage": [ { "damage_type": "stab", "amount": 5 } ],
    "melee_skill": 6,
    "melee_dice": 1,
    "melee_dice_sides": 2,
    "melee_cut": 4,
    "armor_bash": 2,
    "armor_cut": 1,
    "vision_day": 24,
    "vision_night": 3,
    "dodge": 2,
    "harvest": "exempt",
    "death_function": [ "MELT" ],
    "flags": [ "SEES", "CLIMBS", "WARM", "NOHEAD", "POISON", "NO_BREATHE" ]
  },
  {
    "id": "mon_zombie_equinox_necros_cut",
    "type": "MONSTER",
    "name": "necros slicer",
    "description": "A mutated lump of necrotic flesh, horribly twisted into a spindy creature. Its forelimbs form a pair of scythed blades, and its extra appendages writhe without a pause as they drip neurotoxins from its tip.",
    "default_faction": "zombie",
    "bodytype": "spider",
    "diff": 10,
    "species": [ "ZOMBIE", "ABERRATION" ],
    "volume": "30000 ml",
    "weight": 40750,
    "hp": 40,
    "speed": 80,
    "material": [ "flesh", "bone" ],
    "symbol": "⨱",
    "color": "light_red",
    "aggression": 100,
    "morale": 100,
    "emit_fields": [ "emit_equinox_necros_cut_para" ],
    "attack_effs": [
      { "id": "secro_necros_para", "duration": 5, "bp": "TORSO" },
      { "id": "secro_necros_para", "duration": 2, "chance": 10, "bp": "TORSO" },
      { "id": "secro_necros_para", "duration": 2, "chance": 10, "bp": "TORSO" },
      { "id": "secro_necros_para", "duration": 2, "chance": 10, "bp": "TORSO" }
    ],
    "melee_damage": [ { "damage_type": "cut", "amount": 5 } ],
    "melee_skill": 6,
    "melee_dice": 1,
    "melee_dice_sides": 2,
    "melee_cut": 4,
    "armor_bash": 2,
    "armor_cut": 1,
    "vision_day": 24,
    "vision_night": 3,
    "dodge": 2,
    "harvest": "exempt",
    "death_function": [ "MELT" ],
    "flags": [ "SEES", "CLIMBS", "WARM", "NOHEAD", "POISON", "NO_BREATHE" ]
  },
  {
    "id": "mon_zombie_equinox_necros_emit",
    "type": "MONSTER",
    "name": "necros pollutant",
    "description": "A mutated lump of necrotic flesh, horribly twisted into a spindy creature. Larger in its size, its excessive production of toxin has become its source in emitting a condensed fog, yet a cause to its unstable body.",
    "default_faction": "zombie",
    "bodytype": "spider",
    "diff": 20,
    "species": [ "ZOMBIE", "ABERRATION" ],
    "volume": "62500 ml",
    "weight": 81500,
    "hp": 25,
    "speed": 50,
    "material": [ "flesh", "bone" ],
    "symbol": "ⓧ",
    "color": "light_red",
    "aggression": 100,
    "morale": 100,
    "emit_fields": [ "emit_equinox_necros_emit_weak_para", "emit_equinox_necros_emit_mode_para", "emit_equinox_necros_emit_stro_para" ],
    "attack_effs": [ { "id": "secro_necros_para", "duration": 30, "bp": "TORSO" } ],
    "melee_skill": 4,
    "melee_dice": 1,
    "melee_dice_sides": 1,
    "melee_cut": 2,
    "armor_bash": 2,
    "armor_cut": 1,
    "vision_day": 24,
    "vision_night": 3,
    "dodge": 1,
    "harvest": "exempt",
    "death_function": [ "MELT" ],
    "flags": [ "SEES", "CLIMBS", "WARM", "STUMBLES", "NOHEAD", "POISON", "NO_BREATHE" ]
  },
  {
    "note": "Aggro-type zed who's revival can be a great nuisance to the target. An end-game prize.",
    "id": "mon_zombie_relinquish",
    "type": "MONSTER",
    "name": "relinquished zombie",
    "description": "A diluted zombie, staggering as its wicked eyes only show a vigorious expression to whom it looks at. One can easily take its life, but something inhumane lingers around this rotting vessel...",
    "default_faction": "zombie",
    "bodytype": "human",
    "species": [ "ZOMBIE", "SECROZED_1" ],
    "volume": "62500 ml",
    "weight": 81500,
    "hp": 40,
    "speed": 40,
    "material": [ "flesh", "bone" ],
    "symbol": "Z",
    "color": "green",
    "aggression": 100,
    "morale": 100,
    "melee_skill": 1,
    "melee_dice": 1,
    "melee_dice_sides": 1,
    "melee_cut": 1,
    "armor_bash": 1,
    "armor_cut": 1,
    "armor_stab": 1,
    "vision_day": 15,
    "vision_night": 5,
    "harvest": "exempt",
    "death_function": [ "MELT" ],
    "death_drops": { "subtype": "collection", "groups": [ "default_zombie_death_drops", "mon_zombie_relinquish_death_drop" ] },
    "flags": [ "SEES", "SMELLS", "HEARS", "STUMBLES", "WARM", "POISON", "NO_BREATHE" ]
  },
  {
    "note": "An OP version rises from killing the weakling! This zombie constantly becomes stronger after its revival, and if it gathers too much, one should stay away from getting a direct hit.",
    "id": "mon_zombie_relinquish_revived",
    "type": "MONSTER",
    "name": "resolute zombie",
    "description": "While in the verge of death, life has sprung again to bring wrath relentlessly. A skinless, brutal zombie constantly growing visible to its masculine body slowly gaining mass. Obscure to the limit of its growth, onee must execute this impending disaster.",
    "default_faction": "zombie",
    "bodytype": "human",
    "species": [ "ZOMBIE", "SECROZED_3" ],
    "volume": "62500 ml",
    "weight": 81500,
    "hp": 485,
    "speed": 80,
    "emit_fields": [ "emit_resolute_grow" ],
    "material": [ "flesh", "bone" ],
    "symbol": "Ⓩ",
    "color": "green_magenta",
    "aggression": 100,
    "morale": 100,
    "melee_skill": 10,
    "melee_dice": 4,
    "melee_dice_sides": 4,
    "melee_cut": 0,
    "armor_bash": 14,
    "armor_cut": 4,
    "armor_stab": 14,
    "harvest": "zombie",
    "death_function": [ "NORMAL" ],
    "flags": [
      "SEES",
      "SMELLS",
      "STUMBLES",
      "WARM",
      "POISON",
      "NO_BREATHE",
      "DESTROYS",
      "PUSH_MON",
      "PUSH_VEH",
      "STUN_IMMUNE",
      "REVIVES"
    ]
  },
  {
    "note": "Aggro-type zed. This zombie obtains various abilities and spells (from nature, etc.).",
    "id": "mon_zombie_stray",
    "type": "MONSTER",
    "looks_like": "mon_zombie",
    "name": "stray zombie",
    "description": "A zombie, nothing more special about it. Yet it is just a normal day walker, it is considered a lone wolf, shuffling its way into nothingness.",
    "default_faction": "zombie",
    "species": [ "ZOMBIE", "SECROZED_1" ],
    "volume": "62500 ml",
    "weight": 81500,
    "harvest": "zombie",
    "hp": 80,
    "speed": 75,
    "material": [ "flesh" ],
    "symbol": "Z",
    "color": "white",
    "aggression": 100,
    "morale": 100,
    "melee_skill": 4,
    "melee_dice": 2,
    "melee_dice_sides": 3,
    "melee_cut": 0,
    "vision_night": 3,
    "special_attacks": [ { "type": "bite", "cooldown": 5 }, [ "GRAB", 7 ], [ "scratch", 20 ] ],
    "death_drops": "default_zombie_death_drops",
    "death_function": [ "NORMAL" ],
    "upgrades": { "half_life": 30, "into_group": "GROUP_STRAY_ELEMENT" },
    "flags": [
      "SEES",
      "HEARS",
      "SMELLS",
      "STUMBLES",
      "WARM",
      "BASHES",
      "GROUP_BASH",
      "POISON",
      "BLEED",
      "NO_BREATHE",
      "REVIVES",
      "PUSH_MON",
      "FILTHY"
    ]
  },
  {
    "note": "Stray with nature element. Tier 1 provides a subtle hint, to tell what element they are heading to.",
    "id": "mon_zombie_stray_w_leaf_weak",
    "type": "MONSTER",
    "looks_like": "mon_zombie",
    "name": "stray zombie",
    "description": "A zombie, nothing more special about it. Yet it is just a normal day walker, it is considered a lone wolf, shuffling its way into nothingness. Vines are visible under its dress, but it doesn't seem to benefit nor bother the zed.",
    "default_faction": "zombie",
    "species": [ "ZOMBIE", "SECROZED_1" ],
    "volume": "62500 ml",
    "weight": 81500,
    "harvest": "zombie",
    "hp": 90,
    "speed": 75,
    "material": [ "flesh" ],
    "symbol": "Z",
    "color": "light_gray",
    "aggression": 100,
    "morale": 100,
    "melee_skill": 4,
    "melee_dice": 2,
    "melee_dice_sides": 3,
    "melee_cut": 0,
    "vision_night": 3,
    "special_attacks": [ { "type": "bite", "cooldown": 5 }, [ "GRAB", 7 ], [ "scratch", 20 ] ],
    "death_drops": "default_zombie_death_drops",
    "death_function": [ "NORMAL" ],
    "upgrades": { "half_life": 26, "into": "mon_zombie_stray_w_leaf_mode" },
    "flags": [
      "SEES",
      "HEARS",
      "SMELLS",
      "STUMBLES",
      "WARM",
      "BASHES",
      "GROUP_BASH",
      "POISON",
      "BLEED",
      "NO_BREATHE",
      "REVIVES",
      "PUSH_MON",
      "FILTHY"
    ]
  },
  {
    "id": "mon_zombie_stray_w_leaf_mode",
    "type": "MONSTER",
    "looks_like": "mon_zombie",
    "name": "stray zombie",
    "description": "Heaps of vibrant vines and stems cover this stray's body, holding its rotten flesh in place. Nearly immobile, it is a peculiar sight to behold for one's curious mind.",
    "default_faction": "zombie",
    "species": [ "ZOMBIE", "SECROZED_1" ],
    "volume": "62500 ml",
    "weight": 81500,
    "harvest": "zombie",
    "hp": 155,
    "speed": 25,
    "material": [ "flesh" ],
    "symbol": "Z",
    "color": "green",
    "aggression": 100,
    "morale": 100,
    "melee_skill": 4,
    "melee_dice": 1,
    "melee_dice_sides": 2,
    "melee_cut": 0,
    "armor_bash": 14,
    "armor_cut": 4,
    "armor_stab": 6,
    "special_attacks": [ { "type": "bite", "cooldown": 5 }, [ "GRAB", 7 ], [ "scratch", 20 ] ],
    "death_drops": "default_zombie_death_drops",
    "death_function": [ "NORMAL" ],
    "upgrades": { "half_life": 22, "into": "mon_zombie_stray_w_leaf_stro1" },
    "flags": [
      "SEES",
      "HEARS",
      "SMELLS",
      "STUMBLES",
      "WARM",
      "BASHES",
      "GROUP_BASH",
      "POISON",
      "BLEED",
      "NO_BREATHE",
      "REVIVES",
      "PUSH_MON",
      "FILTHY"
    ]
  },
  {
    "id": "mon_zombie_stray_w_leaf_stro1",
    "type": "MONSTER",
    "looks_like": "mon_zombie",
    "name": "stray zombie",
    "description": "Bound to the nature's grace, this stray has become one with the plant. Skin hardened like a bark, vines guides the undead's clumsy movements, but in search for flesh, the stray manipulates.",
    "default_faction": "zombie",
    "species": [ "ZOMBIE", "SECROZED_1", "HUMAN", "PLANT" ],
    "volume": "62500 ml",
    "weight": 81500,
    "harvest": "zombie_thorny",
    "hp": 240,
    "speed": 105,
    "material": [ "flesh" ],
    "symbol": "Z",
    "color": "green",
    "aggression": 100,
    "morale": 100,
    "melee_skill": 6,
    "melee_dice": 4,
    "melee_dice_sides": 4,
    "melee_cut": 4,
    "armor_bash": 22,
    "armor_cut": 16,
    "armor_stab": 10,
    "special_attacks": [
      { "type": "bite", "cooldown": 5 },
      [ "GRAB", 7 ],
      [ "scratch", 20 ],
      {
        "type": "spell",
        "spell_data": { "id": "mon_zombie_stray_w_leaf_stro1_razorl" },
        "cooldown": 24,
        "monster_message": "%1$s slashes %3$s with its razor sharp leaves!"
      }
    ],
    "death_function": [ "NORMAL" ],
    "upgrades": { "half_life": 18, "into": "mon_zombie_stray_w_leaf_stro2" },
    "flags": [
      "SEES",
      "HEARS",
      "SMELLS",
      "WARM",
      "BASHES",
      "GROUP_BASH",
      "POISON",
      "BLEED",
      "NO_BREATHE",
      "REVIVES",
      "PUSH_MON",
      "FILTHY",
      "SWIMS",
      "PARALYZEVENOM"
    ]
  },
  {
    "id": "mon_zombie_stray_w_leaf_stro2",
    "type": "MONSTER",
    "looks_like": "mon_zombie",
    "name": "stray zombie",
    "description": "In its age, leaves, vines, everything, has grown larger and tougher. A stray, ascendant of nature, has cultivated some beautiful, yet strange blooming flowers.",
    "default_faction": "zombie",
    "species": [ "ZOMBIE", "SECROZED_1", "HUMAN", "PLANT" ],
    "volume": "92500 ml",
    "weight": 120000,
    "harvest": "zombie_thorny",
    "hp": 315,
    "speed": 95,
    "material": [ "flesh" ],
    "symbol": "Z",
    "color": "light_green",
    "aggression": 100,
    "morale": 100,
    "melee_skill": 6,
    "melee_dice": 4,
    "melee_dice_sides": 4,
    "melee_cut": 4,
    "armor_bash": 26,
    "armor_cut": 18,
    "armor_stab": 12,
    "special_attacks": [
      { "type": "bite", "cooldown": 5 },
      [ "GRAB", 7 ],
      [ "scratch", 20 ],
      {
        "type": "spell",
        "spell_data": { "id": "mon_zombie_stray_w_leaf_stro2_wildo" },
        "cooldown": 44,
        "monster_message": "%1$s strikes the ground, then a wild outgrowth of vines and branches erupts under %3$s!"
      }
    ],
    "death_function": [ "NORMAL" ],
    "upgrades": { "half_life": 14, "into": "mon_zombie_stray_w_leaf_stro3" },
    "flags": [
      "SEES",
      "HEARS",
      "SMELLS",
      "WARM",
      "BASHES",
      "GROUP_BASH",
      "POISON",
      "BLEED",
      "NO_BREATHE",
      "REVIVES",
      "PUSH_MON",
      "FILTHY",
      "SWIMS",
      "PARALYZEVENOM"
    ]
  },
  {
    "id": "mon_zombie_stray_w_leaf_stro3",
    "type": "MONSTER",
    "looks_like": "mon_zombie",
    "name": "stray zombie",
    "description": "In every step it takes, befalls seducing spores from its coveted flowers. This almighty stray of nature, has succesfully ascended into a frightful vine beast.",
    "default_faction": "zombie",
    "species": [ "ZOMBIE", "SECROZED_3", "HUMAN", "PLANT" ],
    "volume": "92500 ml",
    "weight": 120000,
    "harvest": "zombie_thorny",
    "hp": 335,
    "speed": 105,
    "material": [ "flesh" ],
    "symbol": "Z",
    "color": "light_green_magenta",
    "aggression": 100,
    "morale": 100,
    "melee_skill": 8,
    "melee_dice": 4,
    "melee_dice_sides": 4,
    "melee_cut": 6,
    "armor_bash": 30,
    "armor_cut": 20,
    "armor_stab": 15,
    "emit_fields": [ "secro_nstro3_ss" ],
    "special_attacks": [
      { "type": "bite", "cooldown": 5 },
      [ "GRAB", 7 ],
      [ "scratch", 20 ],
      {
        "type": "spell",
        "spell_data": { "id": "mon_summon_stray_w_leaf_stro3_triffid" },
        "cooldown": 59,
        "monster_message": "%1$s strikes the ground, then a wild outgrowth of vines and branches erupts under %3$s!\nTriffids burst out of it too!"
      }
    ],
    "death_function": [ "NORMAL" ],
    "flags": [
      "SEES",
      "HEARS",
      "SMELLS",
      "WARM",
      "BASHES",
      "GROUP_BASH",
      "POISON",
      "BLEED",
      "NO_BREATHE",
      "REVIVES",
      "PUSH_MON",
      "FILTHY",
      "SWIMS",
      "PARALYZEVENOM"
    ]
  },
  {
    "id": "mon_zombie_stray_w_leaf_stro3_triffid",
    "type": "MONSTER",
    "looks_like": "mon_zombie",
    "name": "triffid",
    "description": "A creeping animate plant, growing as tall as a moose.  It has a single bark-covered stalk supporting a flowery head with a paralyzing sting concealed within.",
    "default_faction": "zombie",
    "species": [ "PLANT" ],
    "volume": "62500 ml",
    "weight": 81500,
    "hp": 80,
    "speed": 50,
    "material": [ "veggy" ],
    "symbol": "F",
    "color": "light_green",
    "aggression": 100,
    "morale": 100,
    "melee_skill": 5,
    "melee_dice": 2,
    "melee_dice_sides": 4,
    "melee_cut": 6,
    "armor_bash": 10,
    "armor_cut": 4,
    "harvest": "exempt",
    "death_function": [ "MELT" ],
    "note": "It must MELT, to prevent ppl farming for the precious vegan food.",
    "flags": [ "SEES", "SMELLS", "BASHES", "GROUP_BASH", "NOHEAD", "PARALYZEVENOM" ]
  },
  {
    "note": "Stray with acid element.",
    "id": "mon_zombie_stray_w_acid_weak",
    "type": "MONSTER",
    "looks_like": "mon_zombie",
    "name": "stray zombie",
    "description": "A zombie, nothing more special about it. Yet it is just a normal day walker, it is considered a lone wolf, shuffling its way into nothingness. A green-ish vein by its arm faintly glows.",
    "default_faction": "zombie",
    "species": [ "ZOMBIE", "SECROZED_1" ],
    "volume": "62500 ml",
    "weight": 81500,
    "harvest": "zombie",
    "hp": 75,
    "speed": 75,
    "material": [ "flesh" ],
    "symbol": "Z",
    "color": "light_gray",
    "aggression": 100,
    "morale": 100,
    "melee_skill": 4,
    "melee_dice": 2,
    "melee_dice_sides": 3,
    "melee_cut": 0,
    "vision_night": 3,
    "special_attacks": [ { "type": "bite", "cooldown": 5 }, [ "GRAB", 7 ], [ "scratch", 20 ] ],
    "death_drops": "default_zombie_death_drops",
    "death_function": [ "NORMAL" ],
    "upgrades": { "half_life": 26, "into": "mon_zombie_stray_w_acid_mode" },
    "flags": [
      "SEES",
      "HEARS",
      "SMELLS",
      "STUMBLES",
      "WARM",
      "BASHES",
      "GROUP_BASH",
      "POISON",
      "BLEED",
      "NO_BREATHE",
      "REVIVES",
      "PUSH_MON",
      "FILTHY"
    ]
  },
  {
    "id": "mon_zombie_stray_w_acid_mode",
    "type": "MONSTER",
    "looks_like": "mon_zombie",
    "name": "stray zombie",
    "description": "Seeps in green-ish fluid, this stray - shambling as it walks - is defiled by its own blood.",
    "default_faction": "zombie",
    "species": [ "ZOMBIE", "SECROZED_1" ],
    "volume": "62500 ml",
    "weight": 81500,
    "harvest": "zombie",
    "hp": 80,
    "speed": 50,
    "material": [ "flesh" ],
    "symbol": "Z",
    "color": "green",
    "aggression": 100,
    "morale": 100,
    "melee_skill": 4,
    "melee_dice": 2,
    "melee_dice_sides": 3,
    "melee_cut": 0,
    "melee_damage": [ { "damage_type": "acid", "amount": 2 } ],
    "special_attacks": [ { "type": "bite", "cooldown": 5 }, [ "GRAB", 7 ], [ "scratch", 20 ] ],
    "death_drops": "default_zombie_death_drops",
    "death_function": [ "NORMAL" ],
    "upgrades": { "half_life": 22, "into": "mon_zombie_stray_w_acid_stro1" },
    "flags": [
      "SEES",
      "HEARS",
      "SMELLS",
      "STUMBLES",
      "WARM",
      "BASHES",
      "GROUP_BASH",
      "POISON",
      "BLEED",
      "NO_BREATHE",
      "REVIVES",
      "PUSH_MON",
      "FILTHY"
    ]
  },
  {
    "id": "mon_zombie_stray_w_acid_stro1",
    "type": "MONSTER",
    "looks_like": "mon_zombie",
    "name": "stray zombie",
    "description": "Prolonged for too long from its acidic blood caused its skin to sag, but it has seemingly adapted to take hold of the harsh substance.",
    "default_faction": "zombie",
    "species": [ "ZOMBIE", "SECROZED_1" ],
    "volume": "62500 ml",
    "weight": 81500,
    "harvest": "zombie",
    "hp": 145,
    "speed": 60,
    "material": [ "flesh" ],
    "symbol": "Z",
    "color": "green",
    "aggression": 100,
    "morale": 100,
    "melee_skill": 6,
    "melee_dice": 2,
    "melee_dice_sides": 4,
    "melee_cut": 0,
    "melee_damage": [ { "damage_type": "acid", "amount": 4 } ],
    "armor_bash": 2,
    "armor_cut": 2,
    "armor_stab": 2,
    "special_attacks": [ { "type": "bite", "cooldown": 5 }, [ "GRAB", 7 ], [ "scratch", 20 ], [ "ACID_BARF", 30 ] ],
    "death_drops": "default_zombie_death_drops",
    "death_function": [ "NORMAL" ],
    "upgrades": { "half_life": 18, "into": "mon_zombie_stray_w_acid_stro2" },
    "flags": [
      "SEES",
      "HEARS",
      "SMELLS",
      "STUMBLES",
      "WARM",
      "BASHES",
      "GROUP_BASH",
      "POISON",
      "BLEED",
      "NO_BREATHE",
      "REVIVES",
      "PUSH_MON",
      "FILTHY",
      "ACID_BLOOD",
      "ACIDPROOF"
    ]
  },
  {
    "id": "mon_zombie_stray_w_acid_stro2",
    "type": "MONSTER",
    "looks_like": "mon_zombie",
    "name": "stray zombie",
    "description": "An acidic stray, now manipulates its own fluid to its will. Reeks in acid trail, it is determined to spread the corrosion along its aimless wandering.",
    "default_faction": "zombie",
    "species": [ "ZOMBIE", "SECROZED_1" ],
    "volume": "62500 ml",
    "weight": 81500,
    "harvest": "zombie",
    "hp": 170,
    "speed": 80,
    "material": [ "flesh" ],
    "symbol": "Z",
    "color": "light_green",
    "aggression": 100,
    "morale": 100,
    "melee_skill": 8,
    "melee_dice": 2,
    "melee_dice_sides": 5,
    "melee_cut": 0,
    "melee_damage": [ { "damage_type": "acid", "amount": 6 } ],
    "armor_bash": 4,
    "armor_cut": 4,
    "armor_stab": 4,
    "special_attacks": [
      { "type": "bite", "cooldown": 5 },
      [ "GRAB", 7 ],
      [ "scratch", 20 ],
      [ "ACID_BARF", 28 ],
      {
        "type": "spell",
        "spell_data": { "id": "mon_zombie_stray_w_acid_stro2_acoat" },
        "cooldown": 38,
        "monster_message": "%1$s sends a large amount of concentrated acid to %3$s!"
      }
    ],
    "death_drops": "default_zombie_death_drops",
    "death_function": [ "NORMAL" ],
    "upgrades": { "half_life": 14, "into": "mon_zombie_stray_w_acid_stro3" },
    "flags": [
      "SEES",
      "HEARS",
      "SMELLS",
      "STUMBLES",
      "WARM",
      "BASHES",
      "GROUP_BASH",
      "POISON",
      "BLEED",
      "NO_BREATHE",
      "REVIVES",
      "PUSH_MON",
      "FILTHY",
      "ACID_BLOOD",
      "ACIDPROOF"
    ]
  },
  {
    "id": "mon_zombie_stray_w_acid_stro3",
    "type": "MONSTER",
    "looks_like": "mon_zombie",
    "name": "stray zombie",
    "description": "This corrosive stray, has finally ascended and developed an even and produces more lethal bodily fluid from aging, visibly gurgling on its bloated green-ish veins under the elastic, transparent skin.",
    "default_faction": "zombie",
    "species": [ "ZOMBIE", "SECROZED_3" ],
    "volume": "62500 ml",
    "weight": 81500,
    "harvest": "zombie",
    "hp": 225,
    "speed": 90,
    "material": [ "flesh" ],
    "symbol": "Z",
    "color": "light_green_magenta",
    "aggression": 100,
    "morale": 100,
    "melee_skill": 8,
    "melee_dice": 4,
    "melee_dice_sides": 6,
    "melee_cut": 0,
    "melee_damage": [ { "damage_type": "acid", "amount": 10 } ],
    "armor_bash": 12,
    "armor_cut": 12,
    "armor_stab": 12,
    "special_attacks": [
      { "type": "bite", "cooldown": 5 },
      [ "GRAB", 7 ],
      [ "scratch", 20 ],
      [ "ACID_BARF", 25 ],
      {
        "type": "spell",
        "spell_data": { "id": "mon_zombie_stray_w_acid_stro3_arain" },
        "cooldown": 69,
        "monster_message": "%1$s sends a massive glob of acid above %3$s, then explodes violently!"
      }
    ],
    "death_drops": "default_zombie_death_drops",
    "death_function": [ "NORMAL" ],
    "flags": [
      "SEES",
      "HEARS",
      "SMELLS",
      "STUMBLES",
      "WARM",
      "BASHES",
      "GROUP_BASH",
      "POISON",
      "BLEED",
      "NO_BREATHE",
      "REVIVES",
      "PUSH_MON",
      "FILTHY",
      "ACID_BLOOD",
      "ACIDPROOF",
      "PLASTIC"
    ]
  },
  {
    "note": "This is the main source of invisible toxic gas inside an infected building. Killing it lowers the structure's lethality of gas to minimal. Structure's lethality of gas increases along with fleshknot's growth.",
    "id": "mon_zombie_fleshknot_weak",
    "type": "MONSTER",
    "name": "fleshknot",
    "description": "An enormous, twisted patch of flesh, stuck firmly from the ceiling into the ground. A horrendous noxious stench spreads into the air emitted from its vessel, and its thick, vascular tissues are attached to the surrounding walls that undulates occasionally throughout the structure.",
    "default_faction": "zombie",
    "volume": "1800 L",
    "weight": 465000,
    "species": [ "ZOMBIE", "SECROZED_2", "ABERRATION" ],
    "diff": 100,
    "hp": 735,
    "speed": 100,
    "material": [ "flesh" ],
    "symbol": "☣",
    "color": "pink",
    "emit_fields": [ "emit_fleshknot_gas_weak" ],
    "aggression": 100,
    "morale": 100,
    "melee_skill": 10,
    "melee_dice": 4,
    "melee_dice_sides": 6,
    "melee_cut": 0,
    "vision_day": 60,
    "vision_night": 60,
    "harvest": "zombie",
    "special_attacks": [ [ "FLESH_TENDRIL", 1 ] ],
    "death_function": [ "SPLATTER" ],
    "upgrades": { "half_life": 10, "into": "mon_zombie_fleshknot_mode" },
    "flags": [ "SEES", "HEARS", "SMELLS", "IMMOBILE", "WARM", "POISON", "IMMOBILE", "NOHEAD", "NO_BREATHE" ]
  },
  {
    "id": "mon_zombie_fleshknot_mode",
    "type": "MONSTER",
    "name": "fleshknot",
    "description": "An enormous, twisted patch of flesh, stuck firmly from the ceiling into the ground. A horrendous noxious stench spreads into the air emitted from its vessel, and its thick, vascular tissues are attached to the surrounding walls that undulates occasionally throughout the structure.",
    "default_faction": "zombie",
    "volume": "1800 L",
    "weight": 465000,
    "species": [ "ZOMBIE", "SECROZED_3", "ABERRATION" ],
    "diff": 100,
    "hp": 1215,
    "speed": 100,
    "material": [ "flesh" ],
    "symbol": "☣",
    "color": "light_red",
    "emit_fields": [ "emit_fleshknot_gas_weak", "emit_fleshknot_gas_mode" ],
    "aggression": 100,
    "morale": 100,
    "melee_skill": 10,
    "melee_dice": 5,
    "melee_dice_sides": 6,
    "melee_cut": 0,
    "vision_day": 60,
    "vision_night": 60,
    "harvest": "zombie",
    "special_attacks": [ [ "FLESH_TENDRIL", 1 ] ],
    "death_function": [ "SPLATTER" ],
    "upgrades": { "half_life": 15, "into": "mon_zombie_fleshknot_stro" },
    "flags": [ "SEES", "HEARS", "SMELLS", "IMMOBILE", "WARM", "POISON", "IMMOBILE", "NOHEAD", "NO_BREATHE" ]
  },
  {
    "id": "mon_zombie_fleshknot_stro",
    "type": "MONSTER",
    "name": "fleshknot",
    "description": "An enormous, twisted patch of flesh, stuck firmly from the ceiling into the ground. A horrendous noxious stench spreads into the air emitted from its vessel, and its thick, vascular tissues are attached to the surrounding walls that undulates occasionally throughout the structure.",
    "default_faction": "zombie",
    "volume": "1800 L",
    "weight": 465000,
    "species": [ "ZOMBIE", "SECROZED_3", "ABERRATION" ],
    "diff": 100,
    "hp": 1995,
    "speed": 100,
    "material": [ "flesh" ],
    "symbol": "☣",
    "color": "red",
    "emit_fields": [ "emit_fleshknot_gas_weak", "emit_fleshknot_gas_mode", "emit_fleshknot_gas_stro" ],
    "aggression": 100,
    "morale": 100,
    "melee_skill": 10,
    "melee_dice": 6,
    "melee_dice_sides": 6,
    "melee_cut": 0,
    "vision_day": 60,
    "vision_night": 60,
    "harvest": "zombie",
    "special_attacks": [ [ "FLESH_TENDRIL", 1 ] ],
    "death_function": [ "SPLATTER" ],
    "upgrades": { "half_life": 20, "into": "mon_zombie_fleshknot_vstro" },
    "flags": [ "SEES", "HEARS", "SMELLS", "IMMOBILE", "WARM", "POISON", "IMMOBILE", "NOHEAD", "NO_BREATHE" ]
  },
  {
    "id": "mon_zombie_fleshknot_vstro",
    "type": "MONSTER",
    "name": "goreknot",
    "description": "A tremendous lump of flesh shrouded in a withering foul smell, with several horrid outgrowths of savage tentacles spread through the narrow passages of its territory, while its core moans in agonizing pain. Molded into a humanoid figure, it seems to be a trapped corpse.",
    "default_faction": "zombie",
    "volume": "2000 L",
    "weight": 498000,
    "species": [ "ZOMBIE", "SECROZED_ULTIMATE", "ABERRATION" ],
    "diff": 200,
    "hp": 3355,
    "speed": 100,
    "material": [ "flesh" ],
    "symbol": "☣",
    "color": "magenta_red",
    "emit_fields": [ "emit_fleshknot_gas_weak", "emit_fleshknot_gas_mode", "emit_fleshknot_gas_stro", "emit_fleshknot_gas_vstro" ],
    "aggression": 100,
    "morale": 100,
    "melee_skill": 10,
    "melee_dice": 6,
    "melee_dice_sides": 6,
    "melee_cut": 0,
    "vision_day": 60,
    "vision_night": 60,
    "harvest": "zombie",
    "special_attacks": [ [ "FLESH_TENDRIL", 1 ] ],
    "death_function": [ "SPLATTER" ],
    "note": "The core is exposed, so critical hits are available.",
    "flags": [ "SEES", "HEARS", "SMELLS", "IMMOBILE", "WARM", "POISON", "IMMOBILE", "NO_BREATHE" ]
  }
]
