[
  {
    "note": "This zombie type has slow attack speed.",
    "aggression": 100,
    "armor_acid": 1,
    "armor_bash": 2,
    "armor_cut": 4,
    "armor_fire": 1,
    "attack_cost": 150,
    "color": "light_green",
    "death_drops": "default_zombie_death_drops",
    "death_function": [ "NORMAL" ],
    "default_faction": "zombie",
    "description": "A normal corpse, with one of its arms mutated into a bone blade. Its not that sharp to slice a skin, but enough to leave a bruise.",
    "diff": 1,
    "dodge": 1,
    "flags": [ "SEES", "HEARS", "SMELLS", "WARM", "BASHES", "STUMBLES", "POISON", "NO_BREATHE", "REVIVES", "FILTHY", "BONES" ],
    "harvest": "zombie",
    "hp": 85,
    "id": "mon_zombie_blade",
    "material": [ "flesh" ],
    "melee_cut": 0,
    "melee_damage": [ { "amount": 4, "damage_type": "bash" } ],
    "melee_dice": 3,
    "melee_dice_sides": 4,
    "melee_skill": 4,
    "morale": 100,
    "name": "blade zombie",
    "special_attacks": [ [ "swordbash", 25 ], [ "swordbashtrip", 50 ] ],
    "species": [ "ZOMBIE", "SECROZED_1", "HUMAN" ],
    "speed": 95,
    "symbol": "⫰",
    "type": "MONSTER",
    "upgrades": { "half_life": 12, "into_group": "GROUP_BLADED_UPGRADE" },
    "volume": "62500 ml",
    "weight": 81500
  },
  {
    "aggression": 100,
    "armor_acid": 1,
    "armor_bash": 4,
    "armor_cut": 4,
    "armor_fire": 2,
    "attack_cost": 150,
    "color": "green",
    "death_drops": "default_zombie_death_drops",
    "death_function": [ "NORMAL" ],
    "default_faction": "zombie",
    "description": "A corpse induced in rotten smell, with noticable bone sword that glimmers when struck by a source of light.",
    "dodge": 1,
    "flags": [
      "SEES",
      "HEARS",
      "SMELLS",
      "WARM",
      "BASHES",
      "STUMBLES",
      "POISON",
      "NO_BREATHE",
      "REVIVES",
      "FILTHY",
      "BONES",
      "BLEED"
    ],
    "harvest": "zombie",
    "hp": 130,
    "id": "mon_zombie_sharpblade",
    "material": [ "flesh" ],
    "melee_cut": 4,
    "melee_damage": [ { "amount": 3, "damage_type": "cut" } ],
    "diff": 5,
    "melee_dice": 1,
    "melee_dice_sides": 4,
    "melee_skill": 6,
    "morale": 100,
    "name": "sharpened blade zombie",
    "special_attacks": [ [ "swordslashshp", 20 ], [ "swordslashtrip", 30 ] ],
    "species": [ "ZOMBIE", "SECROZED_1", "HUMAN" ],
    "speed": 90,
    "symbol": "⚸",
    "type": "MONSTER",
    "vision_day": 30,
    "vision_night": 10,
    "upgrades": { "half_life": 10, "into_group": "GROUP_BLADED_UPGRADEX" },
    "volume": "62500 ml",
    "weight": 81500
  },
  {
    "aggression": 100,
    "armor_acid": 1,
    "armor_bash": 4,
    "armor_cut": 4,
    "armor_fire": 2,
    "attack_cost": 150,
    "color": "green",
    "death_drops": "default_zombie_death_drops",
    "death_function": [ "NORMAL" ],
    "default_faction": "zombie",
    "description": "Dragging its putrid sword around, apparently the weight of this weapon burdens the pitiful deceased.",
    "dodge": 1,
    "flags": [
      "SEES",
      "HEARS",
      "SMELLS",
      "WARM",
      "STUMBLES",
      "BASHES",
      "POISON",
      "NO_BREATHE",
      "REVIVES",
      "FILTHY",
      "BONES",
      "BLEED"
    ],
    "harvest": "zombie",
    "hp": 125,
    "id": "mon_zombie_serratedblade",
    "material": [ "flesh" ],
    "melee_cut": 4,
    "melee_damage": [ { "amount": 1, "damage_type": "cut" }, { "amount": 2, "damage_type": "stab" } ],
    "diff": 5,
    "melee_dice": 1,
    "melee_dice_sides": 4,
    "melee_skill": 6,
    "morale": 100,
    "name": "serrated blade zombie",
    "special_attacks": [ [ "swordslashsrt", 22 ], [ "swordslashtrip", 30 ] ],
    "species": [ "ZOMBIE", "SECROZED_1", "HUMAN" ],
    "speed": 80,
    "symbol": "⚷",
    "type": "MONSTER",
    "vision_day": 30,
    "vision_night": 10,
    "upgrades": { "half_life": 10, "into_group": "GROUP_BLADED_UPGRADEX" },
    "volume": "62500 ml",
    "weight": 81500
  },
  {
    "aggression": 100,
    "armor_acid": 1,
    "armor_bash": 4,
    "armor_cut": 12,
    "armor_fire": 2,
    "armor_pierce": 10,
    "attack_cost": 175,
    "color": "light_green_white",
    "death_drops": "default_zombie_death_drops",
    "death_function": [ "NORMAL" ],
    "default_faction": "zombie",
    "description": "A staggering corpse, accompanied with an outright bladed arm with the length similar to that of a medieval sword. Nimble and seemingly a talented striker, its eyes affixed in one point, as if it takes advantage in seeking the weakness of its ill-fated victim.",
    "dodge": 3,
    "flags": [ "SEES", "HEARS", "SMELLS", "WARM", "BASHES", "POISON", "NO_BREATHE", "REVIVES", "FILTHY", "BONES", "BLEED" ],
    "harvest": "zombie",
    "hp": 200,
    "id": "mon_zombie_razor",
    "material": [ "flesh" ],
    "melee_cut": 6,
    "melee_damage": [ { "amount": 7, "damage_type": "cut" } ],
    "diff": 15,
    "melee_dice": 1,
    "melee_dice_sides": 6,
    "melee_skill": 8,
    "morale": 100,
    "name": "razor",
    "special_attacks": [
      {
        "type": "spell",
        "spell_data": { "id": "mon_zombie_razor_dslash_target" },
        "cooldown": 22,
        "monster_message": "%1$s performs an onslaught of attacks!"
      },
      [ "swordslashshp", 10 ]
    ],
    "species": [ "ZOMBIE", "SECROZED_3", "HUMAN" ],
    "speed": 90,
    "symbol": "⫰",
    "type": "MONSTER",
    "vision_day": 30,
    "volume": "62500 ml",
    "weight": 81500
  }
]
