[
  {
    "id": "mon_zombie_grubby",
    "type": "MONSTER",
    "name": "grubby zombie",
    "description": "Bloated anatomy, foul shrouding stench, and giant worm-filled pus around it is unpredictably unpleasant to look at from this horridly defiled corpse.",
    "default_faction": "zombie",
    "species": [ "ZOMBIE", "SECROZED_2", "HUMAN" ],
    "volume": "62500 ml",
    "weight": 81500,
    "harvest": "zombie",
    "hp": 70,
    "speed": 55,
    "diff": 1,
    "material": [ "flesh" ],
    "symbol": "⚆",
    "color": "yellow",
    "aggression": 50,
    "morale": 50,
    "melee_skill": 1,
    "melee_dice": 1,
    "melee_dice_sides": 1,
    "melee_cut": 2,
    "armor_cut": 2,
    "armor_bash": 4,
    "armor_stab": 4,
    "vision_day": 20,
    "path_settings": { "max_dist": 20 },
    "special_attacks": [
      {
        "type": "spell",
        "spell_data": { "id": "mon_zombie_grubby_target_random" },
        "cooldown": 17,
        "monster_message": "<color_yellow>%1$s's pus erupts, releasing swarms of parasitic worms!</color>"
      }
    ],
    "death_drops": "default_zombie_death_drops",
    "death_function": [ "NORMAL" ],
    "upgrades": { "half_life": 14, "into": "mon_zombie_slimy" },
    "flags": [
      "SEES",
      "HEARS",
      "SMELLS",
      "WARM",
      "BASHES",
      "GROUP_BASH",
      "FILTHY",
      "POISON",
      "NO_BREATHE",
      "REVIVES",
      "BONES",
      "GROUP_MORALE"
    ]
  },
  {
    "id": "mon_zombie_slimy",
    "type": "MONSTER",
    "name": "slimy zombie",
    "description": "Fortified by blobs and worms infused inside its skinless body, this zombie can barely walk on its feet. With slimy liquid dripping from its holes, the parasites can \"swim\" faster through it.",
    "default_faction": "zombie",
    "species": [ "ZOMBIE", "SECROZED_2", "HUMAN" ],
    "harvest": "zombie",
    "volume": "62500 ml",
    "weight": 81500,
    "hp": 75,
    "speed": 40,
    "diff": 15,
    "material": [ "flesh" ],
    "symbol": "⚆",
    "color": "cyan_yellow",
    "aggression": 50,
    "morale": 50,
    "melee_skill": 1,
    "melee_dice": 1,
    "melee_dice_sides": 1,
    "melee_cut": 1,
    "armor_cut": 3,
    "armor_bash": 5,
    "armor_stab": 4,
    "vision_day": 22,
    "path_settings": { "max_dist": 20 },
    "special_attacks": [
      {
        "type": "spell",
        "spell_data": { "id": "mon_zombie_slimy_target_random" },
        "cooldown": 34,
        "monster_message": "<color_yellow>%1$s's pus explodes, releasing swarms of parasitic worms!</color>"
      }
    ],
    "upgrades": { "half_life": 20, "into_group": "GROUP_GRUBBY_UPGRADEX" },
    "death_function": [ "SPLATTER" ],
    "flags": [
      "SEES",
      "HEARS",
      "SMELLS",
      "WARM",
      "BASHES",
      "GROUP_BASH",
      "POISON",
      "NO_BREATHE",
      "REVIVES",
      "BONES",
      "FILTHY",
      "BILE_BLOOD"
    ]
  },
  {
    "note": "Like a bloated zombie, but with its speed and a unique ability, it may explode before it even gets close.",
    "id": "mon_zombie_glut",
    "type": "MONSTER",
    "name": "glut",
    "description": "A swollen degenerate corpse, severely infested by worms that has taken all over of its body, causing it to bloat excessively. These bloated portions are volatile, and its sudden explosion can cause a widespread infection.",
    "default_faction": "zombie",
    "species": [ "ZOMBIE", "SECROZED_3", "HUMAN" ],
    "harvest": "zombie",
    "volume": "92500 ml",
    "weight": 120000,
    "hp": 400,
    "speed": 10,
    "diff": 15,
    "material": [ "flesh" ],
    "symbol": "⚈",
    "color": "red_cyan",
    "aggression": 50,
    "morale": 50,
    "melee_skill": 2,
    "melee_dice": 1,
    "melee_dice_sides": 4,
    "melee_cut": 1,
    "armor_bash": 12,
    "vision_day": 25,
    "path_settings": { "max_dist": 20 },
    "special_attacks": [
      [ "SUICIDE", 0 ],
      {
        "type": "spell",
        "spell_data": { "id": "mon_zombie_glut_target" },
        "cooldown": 34,
        "monster_message": "<color_yellow>A portion of %1$s's body explodes violently, releasing an overwhelming swarm of parasitic worms!</color>"
      }
    ],
    "death_function": [ "SPLATTER", "GAS" ],
    "flags": [ "SEES", "HEARS", "SMELLS", "WARM", "BASHES", "GROUP_BASH", "POISON", "NO_BREATHE", "REVIVES", "BONES", "BILE_BLOOD" ]
  }
]
