[
  {
    "note": "Low hp, although it was supremely tough on Dead Frontier.",
    "id": "mon_zombie_spoder",
    "type": "MONSTER",
    "name": "spider zombie",
    "description": "In its fearsome appearance, this vile abomination skitters on its 4 pair of limbs, as its nimble motion has gone beyond limitation.",
    "default_faction": "zombie",
    "species": [ "ZOMBIE", "SECROZED_1", "HUMAN" ],
    "volume": "62500 ml",
    "weight": 81500,
    "hp": 55,
    "speed": 110,
    "diff": 1,
    "material": [ "flesh" ],
    "harvest": "zombie",
    "symbol": "⩆",
    "color": "light_green",
    "aggression": 100,
    "morale": 100,
    "melee_skill": 2,
    "melee_dice": 2,
    "melee_dice_sides": 4,
    "melee_cut": 1,
    "dodge": 2,
    "melee_damage": [ { "damage_type": "bash", "amount": 3 }, { "damage_type": "cut", "amount": 4 } ],
    "armor_bash": 2,
    "armor_cut": 3,
    "armor_acid": 2,
    "armor_fire": 1,
    "special_attacks": [ { "type": "leap", "cooldown": 14, "min_range": 2, "max_range": 5 }, { "type": "bite", "cooldown": 10 } ],
    "death_drops": "default_zombie_death_drops",
    "upgrades": { "half_life": 12, "into_group": "GROUP_ZSPIDER_UPGRADE" },
    "death_function": [ "NORMAL" ],
    "flags": [
      "SEES",
      "HEARS",
      "SMELLS",
      "CLIMBS",
      "STUMBLES",
      "WARM",
      "BASHES",
      "POISON",
      "NO_BREATHE",
      "FILTHY",
      "REVIVES",
      "BONES"
    ]
  },
  {
    "id": "mon_zombie_spoderhug",
    "type": "MONSTER",
    "name": "longarm spider zombie",
    "description": "A longer set of arms struggles this zombie to walk nor run, but now it is used to jump further and taking down the unexpecting target.",
    "default_faction": "zombie",
    "species": [ "ZOMBIE", "SECROZED_1", "HUMAN" ],
    "volume": "62500 ml",
    "weight": 81500,
    "hp": 85,
    "speed": 60,
    "diff": 5,
    "material": [ "flesh" ],
    "symbol": "⩈",
    "harvest": "zombie",
    "color": "green",
    "aggression": 100,
    "morale": 100,
    "melee_skill": 4,
    "melee_dice": 1,
    "melee_dice_sides": 6,
    "melee_cut": 1,
    "dodge": 1,
    "melee_damage": [ { "damage_type": "bash", "amount": 6 }, { "damage_type": "stab", "amount": 3 } ],
    "armor_bash": 2,
    "armor_cut": 5,
    "armor_acid": 1,
    "armor_fire": 1,
    "special_attacks": [
      { "type": "leap", "cooldown": 16, "min_range": 5, "max_range": 15, "allow_no_target": false },
      [ "LUNGE", 16 ],
      [ "spiderbodyhug", 35 ],
      { "type": "bite", "cooldown": 7, "min_mul": 0.3 }
    ],
    "death_drops": "default_zombie_death_drops",
    "death_function": [ "NORMAL" ],
    "upgrades": { "half_life": 16, "into_group": "GROUP_ZSPIDER_UPGRADEX" },
    "flags": [
      "SEES",
      "HEARS",
      "SMELLS",
      "STUMBLES",
      "CLIMBS",
      "WARM",
      "BASHES",
      "POISON",
      "NO_BREATHE",
      "FILTHY",
      "REVIVES",
      "BONES"
    ]
  },
  {
    "id": "mon_zombie_spodertickle",
    "type": "MONSTER",
    "name": "claw spider zombie",
    "description": "This arachnid's symmetric arms has mutated and deformed nails curved into unearthly sharpened filth.",
    "default_faction": "zombie",
    "species": [ "ZOMBIE", "SECROZED_1", "HUMAN" ],
    "volume": "62500 ml",
    "weight": 81500,
    "hp": 70,
    "speed": 100,
    "diff": 5,
    "material": [ "flesh" ],
    "symbol": "⩈",
    "color": "green_white",
    "aggression": 100,
    "harvest": "zombie",
    "morale": 100,
    "melee_skill": 4,
    "melee_dice": 1,
    "melee_dice_sides": 4,
    "melee_cut": 3,
    "dodge": 3,
    "melee_damage": [ { "damage_type": "stab", "amount": 1 }, { "damage_type": "cut", "amount": 2 } ],
    "armor_bash": 4,
    "armor_cut": 3,
    "armor_acid": 1,
    "armor_fire": 1,
    "special_attacks": [
      { "type": "leap", "cooldown": 10, "min_range": 2, "max_range": 3 },
      { "type": "bite", "cooldown": 21, "min_mul": 0.5 },
      [ "scratch", 6 ]
    ],
    "death_drops": "default_zombie_death_drops",
    "death_function": [ "NORMAL" ],
    "upgrades": { "half_life": 16, "into_group": "GROUP_ZSPIDER_UPGRADEX" },
    "flags": [
      "SEES",
      "HEARS",
      "SMELLS",
      "STUMBLES",
      "CLIMBS",
      "WARM",
      "BASHES",
      "POISON",
      "NO_BREATHE",
      "BLEED",
      "FILTHY",
      "REVIVES",
      "BONES"
    ]
  },
  {
    "id": "mon_zombie_arachnia",
    "type": "MONSTER",
    "name": "arachnia",
    "description": "Several protrusion of calcified materials cover this 8-legged abomination, as its visage have become more sinister, revealing a set of long, dagger-like mandibles along with several eyes poking around its necrotic skin. Apart from its terrifying features, its movements seem to have become more fluent.",
    "default_faction": "zombie",
    "species": [ "ZOMBIE", "SECROZED_3", "HUMAN" ],
    "volume": "62500 ml",
    "weight": 81500,
    "hp": 225,
    "speed": 110,
    "diff": 50,
    "material": [ "flesh" ],
    "symbol": "⩈",
    "color": "red_white",
    "aggression": 100,
    "harvest": "zombie",
    "morale": 100,
    "melee_skill": 8,
    "melee_dice": 2,
    "melee_dice_sides": 4,
    "melee_cut": 6,
    "dodge": 4,
    "melee_damage": [ { "damage_type": "stab", "amount": 2 }, { "damage_type": "cut", "amount": 2 } ],
    "armor_bash": 8,
    "armor_cut": 4,
    "armor_acid": 3,
    "armor_fire": 1,
    "vision_night": 12,
    "vision_day": 32,
    "special_attacks": [
      { "type": "leap", "cooldown": 15, "min_range": 2, "max_range": 5 },
      {
        "cooldown": 15,
        "damage_max_instance": [
          { "amount": 6, "armor_multiplier": 0.75, "damage_type": "cut" },
          { "amount": 12, "armor_multiplier": 0.5, "damage_type": "stab" }
        ],
        "type": "bite"
      },
      [ "scratch", 4 ]
    ],
    "death_drops": "default_zombie_death_drops",
    "death_function": [ "NORMAL" ],
    "flags": [
      "SEES",
      "HEARS",
      "SMELLS",
      "CLIMBS",
      "WARM",
      "BASHES",
      "POISON",
      "NO_BREATHE",
      "BLEED",
      "FILTHY",
      "REVIVES",
      "BONES",
      "HARDTOSHOOT"
    ]
  }
]
