[
  {
    "id": "mon_zombie_swarmer_weak",
    "type": "MONSTER",
    "name": "swarmer",
    "description": "A normal humanoid body, almost in its decaying state. It seems to know how \"teamwork\" is done as it moves simultaneously with other swarmers as a pack.",
    "default_faction": "zombie",
    "species": [ "ZOMBIE", "SECROZED_1", "HUMAN" ],
    "volume": "62500 ml",
    "weight": 81500,
    "hp": 40,
    "diff": 1,
    "harvest": "zombie",
    "speed": 80,
    "material": [ "flesh" ],
    "symbol": "⩔",
    "color": "light_green",
    "aggression": 50,
    "morale": 50,
    "melee_skill": 2,
    "melee_dice": 1,
    "melee_dice_sides": 2,
    "melee_cut": 1,
    "special_attacks": [ { "type": "bite", "cooldown": 25 }, [ "GRAB", 40 ], [ "scratch", 32 ] ],
    "death_drops": "default_zombie_death_drops",
    "death_function": [ "NORMAL" ],
    "upgrades": { "half_life": 14, "into": "mon_zombie_swarmer_moderate" },
    "flags": [
      "SEES",
      "HEARS",
      "SMELLS",
      "WARM",
      "BASHES",
      "GROUP_BASH",
      "POISON",
      "NO_BREATHE",
      "REVIVES",
      "BONES",
      "FILTHY",
      "GROUP_MORALE",
      "SWARMS",
      "GRABS"
    ]
  },
  {
    "id": "mon_zombie_swarmer_segway",
    "type": "MONSTER",
    "name": "swarmer",
    "description": "A normal humanoid body, almost in its decaying state. It seems to know how \"teamwork\" is done as it moves simultaneously with other swarmers as a pack.",
    "default_faction": "zombie",
    "species": [ "ZOMBIE", "SECROZED_1", "HUMAN" ],
    "volume": "62500 ml",
    "weight": 81500,
    "hp": 40,
    "speed": 70,
    "harvest": "zombie",
    "material": [ "flesh" ],
    "symbol": "⩔",
    "color": "light_green",
    "diff": 2,
    "aggression": 50,
    "morale": 50,
    "melee_skill": 2,
    "melee_dice": 1,
    "melee_dice_sides": 2,
    "melee_cut": 1,
    "special_attacks": [ { "type": "bite", "cooldown": 25 }, [ "GRAB", 40 ], [ "scratch", 32 ] ],
    "death_drops": "default_zombie_death_drops",
    "death_function": [ "NORMAL" ],
    "upgrades": {
      "half_life": 14,
      "into_group": "GROUP_SWARMERSEGWAY_UPGRADE",
      "note": "Particularly, normal zombie upgrade is very time wasting. This zombie stays with other swarmer types, difference is, it will upgrade into mutated ones."
    },
    "flags": [
      "SEES",
      "HEARS",
      "SMELLS",
      "WARM",
      "BASHES",
      "GROUP_BASH",
      "POISON",
      "NO_BREATHE",
      "REVIVES",
      "BONES",
      "FILTHY",
      "GROUP_MORALE",
      "SWARMS",
      "GRABS"
    ]
  },
  {
    "id": "mon_zombie_swarmer_moderate",
    "type": "MONSTER",
    "name": "swarmer",
    "description": "A normal humanoid body, almost in its decaying state. It seems to know how \"teamwork\" is done as it moves simultaneously with other swarmers as a pack.",
    "default_faction": "zombie",
    "species": [ "ZOMBIE", "SECROZED_1", "HUMAN" ],
    "volume": "62500 ml",
    "weight": 81500,
    "hp": 65,
    "harvest": "zombie",
    "speed": 85,
    "material": [ "flesh" ],
    "symbol": "⩔",
    "color": "light_green",
    "diff": 3,
    "aggression": 50,
    "morale": 50,
    "melee_skill": 2,
    "melee_dice": 3,
    "melee_dice_sides": 1,
    "melee_cut": 3,
    "special_attacks": [ { "type": "bite", "cooldown": 22 }, [ "GRAB", 43 ], [ "scratch", 37 ] ],
    "death_drops": "default_zombie_death_drops",
    "death_function": [ "NORMAL" ],
    "upgrades": { "half_life": 15, "into": "mon_zombie_swarmer_strong" },
    "flags": [
      "SEES",
      "HEARS",
      "SMELLS",
      "WARM",
      "BASHES",
      "GROUP_BASH",
      "POISON",
      "NO_BREATHE",
      "REVIVES",
      "FILTHY",
      "BONES",
      "GROUP_MORALE",
      "SWARMS",
      "GRABS"
    ]
  },
  {
    "id": "mon_zombie_swarmer_strong",
    "type": "MONSTER",
    "name": "swarmer",
    "description": "A normal humanoid body, almost in its decaying state. It seems to know how \"teamwork\" is done as it moves simultaneously with other swarmers as a pack.",
    "default_faction": "zombie",
    "species": [ "ZOMBIE", "SECROZED_1", "HUMAN" ],
    "volume": "62500 ml",
    "weight": 81500,
    "hp": 80,
    "speed": 90,
    "harvest": "zombie",
    "material": [ "flesh" ],
    "symbol": "⩔",
    "color": "light_green",
    "diff": 4,
    "aggression": 50,
    "morale": 50,
    "melee_skill": 3,
    "melee_dice": 3,
    "melee_dice_sides": 3,
    "melee_cut": 3,
    "special_attacks": [ { "type": "bite", "cooldown": 18 }, [ "GRAB", 48 ], [ "scratch", 45 ] ],
    "death_drops": "default_zombie_death_drops",
    "death_function": [ "NORMAL" ],
    "upgrades": { "half_life": 16, "into": "mon_zombie_swarmer_evo_hungry" },
    "flags": [
      "SEES",
      "HEARS",
      "SMELLS",
      "WARM",
      "BASHES",
      "GROUP_BASH",
      "POISON",
      "NO_BREATHE",
      "REVIVES",
      "BONES",
      "FILTHY",
      "GROUP_MORALE",
      "SWARMS",
      "GRABS"
    ]
  },
  {
    "id": "mon_zombie_swarmer_evo_hungry",
    "type": "MONSTER",
    "name": "hungry swarmer",
    "description": "Defiled from fleshy excitement, it will do anything just to eat more and feast along with its \"team\".",
    "default_faction": "zombie",
    "species": [ "ZOMBIE", "SECROZED_1", "HUMAN" ],
    "volume": "62500 ml",
    "weight": 81500,
    "hp": 95,
    "harvest": "zombie",
    "speed": 95,
    "material": [ "flesh" ],
    "symbol": "⩖",
    "color": "light_gray_yellow",
    "diff": 5,
    "aggression": 50,
    "morale": 50,
    "melee_skill": 4,
    "melee_dice": 2,
    "melee_dice_sides": 3,
    "melee_cut": 4,
    "special_attacks": [ { "type": "bite", "cooldown": 15 }, [ "GRAB", 59 ], [ "scratch", 50 ] ],
    "death_drops": "default_zombie_death_drops",
    "death_function": [ "NORMAL" ],
    "upgrades": { "half_life": 17, "into": "mon_zombie_swarmer_evo_starving" },
    "flags": [
      "SEES",
      "HEARS",
      "SMELLS",
      "WARM",
      "BASHES",
      "GROUP_BASH",
      "POISON",
      "NO_BREATHE",
      "REVIVES",
      "BONES",
      "FILTHY",
      "GROUP_MORALE",
      "SWARMS",
      "GRABS"
    ]
  },
  {
    "id": "mon_zombie_swarmer_evo_starving",
    "type": "MONSTER",
    "name": "starving swarmer",
    "description": "Further excitement to sate its hunger gave itself a boost to muscle tension, affecting its physical strength and speed, regardless of its heavily decayed state and flimsy limbs. Acts differently with its \"team\".",
    "diff": 6,
    "default_faction": "zombie",
    "species": [ "ZOMBIE", "SECROZED_1", "HUMAN" ],
    "harvest": "zombie",
    "volume": "62500 ml",
    "weight": 81500,
    "hp": 110,
    "speed": 100,
    "material": [ "flesh" ],
    "symbol": "⩖",
    "color": "dark_gray_yellow",
    "aggression": 50,
    "morale": 50,
    "melee_skill": 4,
    "melee_dice": 3,
    "melee_dice_sides": 4,
    "melee_cut": 4,
    "special_attacks": [ { "type": "bite", "cooldown": 14 }, [ "GRAB", 50 ], [ "scratch", 45 ] ],
    "death_drops": "default_zombie_death_drops",
    "death_function": [ "NORMAL" ],
    "upgrades": { "half_life": 18, "into_group": "GROUP_EZTARVING_UPGRADE" },
    "flags": [
      "SEES",
      "HEARS",
      "SMELLS",
      "WARM",
      "BASHES",
      "GROUP_BASH",
      "POISON",
      "NO_BREATHE",
      "REVIVES",
      "BONES",
      "FILTHY",
      "GROUP_MORALE",
      "SWARMS",
      "GRABS"
    ]
  },
  {
    "note": "Final counterparts has their own unique abilities.",
    "id": "mon_zombie_swarmer_evo_savage",
    "type": "MONSTER",
    "name": "savage swarmer",
    "description": "Gray-ish visage in misunderstandable expression, this zombie has gone feral, visible to its extreme twitching of its head. Although possesses a regular body, there's something wrong in it.",
    "default_faction": "zombie",
    "species": [ "ZOMBIE", "SECROZED_2", "HUMAN" ],
    "harvest": "zombie",
    "volume": "62500 ml",
    "weight": 81500,
    "hp": 135,
    "speed": 85,
    "material": [ "flesh" ],
    "diff": 10,
    "symbol": "⩝",
    "color": "black_yellow",
    "aggression": 50,
    "morale": 50,
    "melee_skill": 6,
    "melee_dice": 2,
    "melee_dice_sides": 4,
    "melee_cut": 4,
    "special_attacks": [
      { "type": "bite", "cooldown": 15 },
      [ "scratch", 35 ],
      {
        "type": "spell",
        "spell_data": { "id": "mon_zombie_swarmer_evo_savage_tension_target_random" },
        "cooldown": 11,
        "monster_message": "<color_magenta>%1$s twitches violently...</color>"
      }
    ],
    "death_drops": "default_zombie_death_drops",
    "death_function": [ "NORMAL" ],
    "flags": [
      "SEES",
      "HEARS",
      "SMELLS",
      "WARM",
      "BASHES",
      "GROUP_BASH",
      "POISON",
      "NO_BREATHE",
      "REVIVES",
      "BONES",
      "FILTHY",
      "GROUP_MORALE",
      "SWARMS"
    ]
  },
  {
    "note": "This one's the strongest, but also the rarest.",
    "id": "mon_zombie_swarmer_evo_virulent",
    "type": "MONSTER",
    "name": "virulent swarmer",
    "description": "A greenish scourge with significant lust upon the living flesh. It rather bite its \"team\" when nothing edible insight, but seeing one brings this corpse into a ferocious berserk, gnawing the air as it chase down the target.",
    "default_faction": "zombie",
    "species": [ "ZOMBIE", "SECROZED_2", "HUMAN" ],
    "volume": "62500 ml",
    "weight": 81500,
    "harvest": "zombie",
    "hp": 125,
    "diff": 10,
    "speed": 110,
    "material": [ "flesh" ],
    "symbol": "⩛",
    "color": "magenta_green",
    "aggression": 50,
    "morale": 50,
    "melee_skill": 8,
    "melee_dice": 2,
    "melee_dice_sides": 4,
    "melee_cut": 4,
    "special_attacks": [
      { "type": "bite", "cooldown": 8 },
      [ "scratch", 43 ],
      {
        "type": "spell",
        "spell_data": { "id": "mon_zombie_swarmer_evo_virulent_target" },
        "cooldown": 20,
        "monster_message": "<color_magenta>As %1$s glares at %3$s, %1$s's senses become keen!</color>"
      }
    ],
    "death_drops": "default_zombie_death_drops",
    "death_function": [ "NORMAL" ],
    "flags": [
      "SEES",
      "HEARS",
      "SMELLS",
      "WARM",
      "BASHES",
      "GROUP_BASH",
      "POISON",
      "NO_BREATHE",
      "REVIVES",
      "BONES",
      "GROUP_MORALE",
      "FILTHY",
      "SWARMS",
      "ATTACKMON",
      "PUSH_MON"
    ]
  }
]
